STRUCTURE,STRUCTURE_ID,STRUCTURE_NAME,freq,Time frequency,reason,Reason,citizen,Country of citizenship,duration,Duration,unit,Unit of measure,geo,Geopolitical entity (reporting),TIME_PERIOD,Time,OBS_VALUE,Observation value,OBS_FLAG,Observation status (Flag) V2 structure,CONF_STATUS,Confidentiality status (flag)
dataflow,ESTAT:MIGR_RESFIRST(1.0),"First permits by reason, length of validity and citizenship",A,Annual,TOTAL,Total,AD,Andorra,TOTAL,Total,PER,Person,EU27_2020,European Union - 27 countries (from 2020),2013,,131,,,,,
dataflow,ESTAT:MIGR_RESFIRST(1.0),"First permits by reason, length of validity and citizenship",A,Annual,TOTAL,Total,AD,Andorra,TOTAL,Total,PER,Person,EU27_2020,European Union - 27 countries (from 2020),2014,,153,,,,,
dataflow,ESTAT:MIGR_RESFIRST(1.0),"First permits by reason, length of validity and citizenship",A,Annual,TOTAL,Total,AD,Andorra,TOTAL,Total,PER,Person,EU27_2020,European Union - 27 countries (from 2020),2015,,169,,,,,
dataflow,ESTAT:MIGR_RESFIRST(1.0),"First permits by reason, length of validity and citizenship",A,Annual,TOTAL,Total,AD,Andorra,TOTAL,Total,PER,Person,EU27_2020,European Union - 27 countries (from 2020),2016,,215,,,,,
dataflow,ESTAT:MIGR_RESFIRST(1.0),"First permits by reason, length of validity and citizenship",A,Annual,TOTAL,Total,AD,Andorra,TOTAL,Total,PER,Person,EU27_2020,European Union - 27 countries (from 2020),2017,,194,,,,,
dataflow,ESTAT:MIGR_RESFIRST(1.0),"First permits by reason, length of validity and citizenship",A,Annual,TOTAL,Total,AD,Andorra,TOTAL,Total,PER,Person,EU27_2020,European Union - 27 countries (from 2020),2018,,192,,,,,
dataflow,ESTAT:MIGR_RESFIRST(1.0),"First permits by reason, length of validity and citizenship",A,Annual,TOTAL,Total,AD,Andorra,TOTAL,Total,PER,Person,EU27_2020,European Union - 27 countries (from 2020),2019,,191,,,,,
dataflow,ESTAT:MIGR_RESFIRST(1.0),"First permits by reason, length of validity and citizenship",A,Annual,TOTAL,Total,AD,Andorra,TOTAL,Total,PER,Person,EU27_2020,European Union - 27 countries (from 2020),2020,,164,,,,,
dataflow,ESTAT:MIGR_RESFIRST(1.0),"First permits by reason, length of validity and citizenship",A,Annual,TOTAL,Total,AD,Andorra,TOTAL,Total,PER,Person,EU27_2020,European Union - 27 countries (from 2020),2021,,168,,,,,
dataflow,ESTAT:MIGR_RESFIRST(1.0),"First permits by reason, length of validity and citizenship",A,Annual,TOTAL,Total,AD,Andorra,TOTAL,Total,PER,Person,EU27_2020,European Union - 27 countries (from 2020),2022,,178,,,,,
dataflow,ESTAT:MIGR_RESFIRST(1.0),"First permits by reason, length of validity and citizenship",A,Annual,TOTAL,Total,AD,Andorra,TOTAL,Total,PER,Person,EU27_2020,European Union - 27 countries (from 2020),2023,,196,,,,,
dataflow,ESTAT:MIGR_RESFIRST(1.0),"First permits by reason, length of validity and citizenship",A,Annual,TOTAL,Total,AD,Andorra,TOTAL,Total,PER,Person,EU28,European Union - 28 countries (2013-2020),2013,,147,,,,,
dataflow,ESTAT:MIGR_RESFIRST(1.0),"First permits by reason, length of validity and citizenship",A,Annual,TOTAL,Total,AD,Andorra,TOTAL,Total,PER,Person,EU28,European Union - 28 countries (2013-2020),2014,,166,,,,,
dataflow,ESTAT:MIGR_RESFIRST(1.0),"First permits by reason, length of validity and citizenship",A,Annual,TOTAL,Total,AD,Andorra,TOTAL,Total,PER,Person,EU28,European Union - 28 countries (2013-2020),2015,,182,,,,,
dataflow,ESTAT:MIGR_RESFIRST(1.0),"First permits by reason, length of validity and citizenship",A,Annual,TOTAL,Total,AD,Andorra,TOTAL,Total,PER,Person,EU28,European Union - 28 countries (2013-2020),2016,,231,,,,,
dataflow,ESTAT:MIGR_RESFIRST(1.0),"First permits by reason, length of validity and citizenship",A,Annual,TOTAL,Total,AD,Andorra,TOTAL,Total,PER,Person,EU28,European Union - 28 countries (2013-2020),2017,,213,,,,,
dataflow,ESTAT:MIGR_RESFIRST(1.0),"First permits by reason, length of validity and citizenship",A,Annual,TOTAL,Total,AD,Andorra,TOTAL,Total,PER,Person,EU28,European Union - 28 countries (2013-2020),2018,,201,,,,,
dataflow,ESTAT:MIGR_RESFIRST(1.0),"First permits by reason, length of validity and citizenship",A,Annual,TOTAL,Total,AE,United Arab Emirates,TOTAL,Total,PER,Person,EU27_2020,European Union - 27 countries (from 2020),2013,,305,,,,,
dataflow,ESTAT:MIGR_RESFIRST(1.0),"First permits by reason, length of validity and citizenship",A,Annual,TOTAL,Total,AE,United Arab Emirates,TOTAL,Total,PER,Person,EU27_2020,European Union - 27 countries (from 2020),2014,,348,,,,,
dataflow,ESTAT:MIGR_RESFIRST(1.0),"First permits by reason, length of validity and citizenship",A,Annual,TOTAL,Total,AE,United Arab Emirates,TOTAL,Total,PER,Person,EU27_2020,European Union - 27 countries (from 2020),2015,,229,,,,,
dataflow,ESTAT:MIGR_RESFIRST(1.0),"First permits by reason, length of validity and citizenship",A,Annual,TOTAL,Total,AE,United Arab Emirates,TOTAL,Total,PER,Person,EU27_2020,European Union - 27 countries (from 2020),2016,,430,,,,,
dataflow,ESTAT:MIGR_RESFIRST(1.0),"First permits by reason, length of validity and citizenship",A,Annual,TOTAL,Total,AE,United Arab Emirates,TOTAL,Total,PER,Person,EU27_2020,European Union - 27 countries (from 2020),2017,,450,,,,,
dataflow,ESTAT:MIGR_RESFIRST(1.0),"First permits by reason, length of validity and citizenship",A,Annual,TOTAL,Total,AE,United Arab Emirates,TOTAL,Total,PER,Person,EU27_2020,European Union - 27 countries (from 2020),2018,,372,,,,,
dataflow,ESTAT:MIGR_RESFIRST(1.0),"First permits by reason, length of validity and citizenship",A,Annual,TOTAL,Total,AE,United Arab Emirates,TOTAL,Total,PER,Person,EU27_2020,European Union - 27 countries (from 2020),2019,,295,,,,,
dataflow,ESTAT:MIGR_RESFIRST(1.0),"First permits by reason, length of validity and citizenship",A,Annual,TOTAL,Total,AE,United Arab Emirates,TOTAL,Total,PER,Person,EU27_2020,European Union - 27 countries (from 2020),2020,,245,,,,,
dataflow,ESTAT:MIGR_RESFIRST(1.0),"First permits by reason, length of validity and citizenship",A,Annual,TOTAL,Total,AE,United Arab Emirates,TOTAL,Total,PER,Person,EU27_2020,European Union - 27 countries (from 2020),2021,,564,,,,,
dataflow,ESTAT:MIGR_RESFIRST(1.0),"First permits by reason, length of validity and citizenship",A,Annual,TOTAL,Total,AE,United Arab Emirates,TOTAL,Total,PER,Person,EU27_2020,European Union - 27 countries (from 2020),2022,,760,,,,,
dataflow,ESTAT:MIGR_RESFIRST(1.0),"First permits by reason, length of validity and citizenship",A,Annual,TOTAL,Total,AE,United Arab Emirates,TOTAL,Total,PER,Person,EU27_2020,European Union - 27 countries (from 2020),2023,,856,,,,,
dataflow,ESTAT:MIGR_RESFIRST(1.0),"First permits by reason, length of validity and citizenship",A,Annual,TOTAL,Total,AE,United Arab Emirates,TOTAL,Total,PER,Person,EU28,European Union - 28 countries (2013-2020),2013,,2116,,,,,
dataflow,ESTAT:MIGR_RESFIRST(1.0),"First permits by reason, length of validity and citizenship",A,Annual,TOTAL,Total,AE,United Arab Emirates,TOTAL,Total,PER,Person,EU28,European Union - 28 countries (2013-2020),2014,,2340,,,,,
dataflow,ESTAT:MIGR_RESFIRST(1.0),"First permits by reason, length of validity and citizenship",A,Annual,TOTAL,Total,AE,United Arab Emirates,TOTAL,Total,PER,Person,EU28,European Union - 28 countries (2013-2020),2015,,2318,,,,,
dataflow,ESTAT:MIGR_RESFIRST(1.0),"First permits by reason, length of validity and citizenship",A,Annual,TOTAL,Total,AE,United Arab Emirates,TOTAL,Total,PER,Person,EU28,European Union - 28 countries (2013-2020),2016,,2731,,,,,
dataflow,ESTAT:MIGR_RESFIRST(1.0),"First permits by reason, length of validity and citizenship",A,Annual,TOTAL,Total,AE,United Arab Emirates,TOTAL,Total,PER,Person,EU28,European Union - 28 countries (2013-2020),2017,,2165,,,,,
dataflow,ESTAT:MIGR_RESFIRST(1.0),"First permits by reason, length of validity and citizenship",A,Annual,TOTAL,Total,AE,United Arab Emirates,TOTAL,Total,PER,Person,EU28,European Union - 28 countries (2013-2020),2018,,1649,,,,,
dataflow,ESTAT:MIGR_RESFIRST(1.0),"First permits by reason, length of validity and citizenship",A,Annual,TOTAL,Total,AF,Afghanistan,TOTAL,Total,PER,Person,EU27_2020,European Union - 27 countries (from 2020),2013,,19218,,,,,
dataflow,ESTAT:MIGR_RESFIRST(1.0),"First permits by reason, length of validity and citizenship",A,Annual,TOTAL,Total,AF,Afghanistan,TOTAL,Total,PER,Person,EU27_2020,European Union - 27 countries (from 2020),2014,,20546,,,,,
dataflow,ESTAT:MIGR_RESFIRST(1.0),"First permits by reason, length of validity and citizenship",A,Annual,TOTAL,Total,AF,Afghanistan,TOTAL,Total,PER,Person,EU27_2020,European Union - 27 countries (from 2020),2015,,16870,,,,,
dataflow,ESTAT:MIGR_RESFIRST(1.0),"First permits by reason, length of validity and citizenship",A,Annual,TOTAL,Total,AF,Afghanistan,TOTAL,Total,PER,Person,EU27_2020,European Union - 27 countries (from 2020),2016,,34057,,,,,
dataflow,ESTAT:MIGR_RESFIRST(1.0),"First permits by reason, length of validity and citizenship",A,Annual,TOTAL,Total,AF,Afghanistan,TOTAL,Total,PER,Person,EU27_2020,European Union - 27 countries (from 2020),2017,,86196,,,,,
dataflow,ESTAT:MIGR_RESFIRST(1.0),"First permits by reason, length of validity and citizenship",A,Annual,TOTAL,Total,AF,Afghanistan,TOTAL,Total,PER,Person,EU27_2020,European Union - 27 countries (from 2020),2018,,71374,,,,,
dataflow,ESTAT:MIGR_RESFIRST(1.0),"First permits by reason, length of validity and citizenship",A,Annual,TOTAL,Total,AF,Afghanistan,TOTAL,Total,PER,Person,EU27_2020,European Union - 27 countries (from 2020),2019,,47272,,,,,
dataflow,ESTAT:MIGR_RESFIRST(1.0),"First permits by reason, length of validity and citizenship",A,Annual,TOTAL,Total,AF,Afghanistan,TOTAL,Total,PER,Person,EU27_2020,European Union - 27 countries (from 2020),2020,,40169,,,,,
dataflow,ESTAT:MIGR_RESFIRST(1.0),"First permits by reason, length of validity and citizenship",A,Annual,TOTAL,Total,AF,Afghanistan,TOTAL,Total,PER,Person,EU27_2020,European Union - 27 countries (from 2020),2021,,76766,,,,,
dataflow,ESTAT:MIGR_RESFIRST(1.0),"First permits by reason, length of validity and citizenship",A,Annual,TOTAL,Total,AF,Afghanistan,TOTAL,Total,PER,Person,EU27_2020,European Union - 27 countries (from 2020),2022,,110055,,,,,
dataflow,ESTAT:MIGR_RESFIRST(1.0),"First permits by reason, length of validity and citizenship",A,Annual,TOTAL,Total,AF,Afghanistan,TOTAL,Total,PER,Person,EU27_2020,European Union - 27 countries (from 2020),2023,,95944,,,,,
dataflow,ESTAT:MIGR_RESFIRST(1.0),"First permits by reason, length of validity and citizenship",A,Annual,TOTAL,Total,AF,Afghanistan,TOTAL,Total,PER,Person,EU28,European Union - 28 countries (2013-2020),2013,,21083,,,,,
dataflow,ESTAT:MIGR_RESFIRST(1.0),"First permits by reason, length of validity and citizenship",A,Annual,TOTAL,Total,AF,Afghanistan,TOTAL,Total,PER,Person,EU28,European Union - 28 countries (2013-2020),2014,,22673,,,,,
dataflow,ESTAT:MIGR_RESFIRST(1.0),"First permits by reason, length of validity and citizenship",A,Annual,TOTAL,Total,AF,Afghanistan,TOTAL,Total,PER,Person,EU28,European Union - 28 countries (2013-2020),2015,,19171,,,,,
dataflow,ESTAT:MIGR_RESFIRST(1.0),"First permits by reason, length of validity and citizenship",A,Annual,TOTAL,Total,AF,Afghanistan,TOTAL,Total,PER,Person,EU28,European Union - 28 countries (2013-2020),2016,,35875,,,,,
dataflow,ESTAT:MIGR_RESFIRST(1.0),"First permits by reason, length of validity and citizenship",A,Annual,TOTAL,Total,AF,Afghanistan,TOTAL,Total,PER,Person,EU28,European Union - 28 countries (2013-2020),2017,,88350,,,,,
dataflow,ESTAT:MIGR_RESFIRST(1.0),"First permits by reason, length of validity and citizenship",A,Annual,TOTAL,Total,AF,Afghanistan,TOTAL,Total,PER,Person,EU28,European Union - 28 countries (2013-2020),2018,,73118,,,,,
dataflow,ESTAT:MIGR_RESFIRST(1.0),"First permits by reason, length of validity and citizenship",A,Annual,TOTAL,Total,AG,Antigua and Barbuda,TOTAL,Total,PER,Person,EU27_2020,European Union - 27 countries (from 2020),2013,,10,,,,,
dataflow,ESTAT:MIGR_RESFIRST(1.0),"First permits by reason, length of validity and citizenship",A,Annual,TOTAL,Total,AG,Antigua and Barbuda,TOTAL,Total,PER,Person,EU27_2020,European Union - 27 countries (from 2020),2014,,9,,,,,
dataflow,ESTAT:MIGR_RESFIRST(1.0),"First permits by reason, length of validity and citizenship",A,Annual,TOTAL,Total,AG,Antigua and Barbuda,TOTAL,Total,PER,Person,EU27_2020,European Union - 27 countries (from 2020),2015,,15,,,,,
dataflow,ESTAT:MIGR_RESFIRST(1.0),"First permits by reason, length of validity and citizenship",A,Annual,TOTAL,Total,AG,Antigua and Barbuda,TOTAL,Total,PER,Person,EU27_2020,European Union - 27 countries (from 2020),2016,,26,,,,,
dataflow,ESTAT:MIGR_RESFIRST(1.0),"First permits by reason, length of validity and citizenship",A,Annual,TOTAL,Total,AG,Antigua and Barbuda,TOTAL,Total,PER,Person,EU27_2020,European Union - 27 countries (from 2020),2017,,18,,,,,
dataflow,ESTAT:MIGR_RESFIRST(1.0),"First permits by reason, length of validity and citizenship",A,Annual,TOTAL,Total,AG,Antigua and Barbuda,TOTAL,Total,PER,Person,EU27_2020,European Union - 27 countries (from 2020),2018,,24,,,,,
dataflow,ESTAT:MIGR_RESFIRST(1.0),"First permits by reason, length of validity and citizenship",A,Annual,TOTAL,Total,AG,Antigua and Barbuda,TOTAL,Total,PER,Person,EU27_2020,European Union - 27 countries (from 2020),2019,,33,,,,,
dataflow,ESTAT:MIGR_RESFIRST(1.0),"First permits by reason, length of validity and citizenship",A,Annual,TOTAL,Total,AG,Antigua and Barbuda,TOTAL,Total,PER,Person,EU27_2020,European Union - 27 countries (from 2020),2020,,37,,,,,
dataflow,ESTAT:MIGR_RESFIRST(1.0),"First permits by reason, length of validity and citizenship",A,Annual,TOTAL,Total,AG,Antigua and Barbuda,TOTAL,Total,PER,Person,EU27_2020,European Union - 27 countries (from 2020),2021,,46,,,,,
dataflow,ESTAT:MIGR_RESFIRST(1.0),"First permits by reason, length of validity and citizenship",A,Annual,TOTAL,Total,AG,Antigua and Barbuda,TOTAL,Total,PER,Person,EU27_2020,European Union - 27 countries (from 2020),2022,,55,,,,,
dataflow,ESTAT:MIGR_RESFIRST(1.0),"First permits by reason, length of validity and citizenship",A,Annual,TOTAL,Total,AG,Antigua and Barbuda,TOTAL,Total,PER,Person,EU27_2020,European Union - 27 countries (from 2020),2023,,76,,,,,
dataflow,ESTAT:MIGR_RESFIRST(1.0),"First permits by reason, length of validity and citizenship",A,Annual,TOTAL,Total,AG,Antigua and Barbuda,TOTAL,Total,PER,Person,EU28,European Union - 28 countries (2013-2020),2013,,41,,,,,
dataflow,ESTAT:MIGR_RESFIRST(1.0),"First permits by reason, length of validity and citizenship",A,Annual,TOTAL,Total,AG,Antigua and Barbuda,TOTAL,Total,PER,Person,EU28,European Union - 28 countries (2013-2020),2014,,52,,,,,
dataflow,ESTAT:MIGR_RESFIRST(1.0),"First permits by reason, length of validity and citizenship",A,Annual,TOTAL,Total,AG,Antigua and Barbuda,TOTAL,Total,PER,Person,EU28,European Union - 28 countries (2013-2020),2015,,94,,,,,
dataflow,ESTAT:MIGR_RESFIRST(1.0),"First permits by reason, length of validity and citizenship",A,Annual,TOTAL,Total,AG,Antigua and Barbuda,TOTAL,Total,PER,Person,EU28,European Union - 28 countries (2013-2020),2016,,138,,,,,
dataflow,ESTAT:MIGR_RESFIRST(1.0),"First permits by reason, length of validity and citizenship",A,Annual,TOTAL,Total,AG,Antigua and Barbuda,TOTAL,Total,PER,Person,EU28,European Union - 28 countries (2013-2020),2017,,117,,,,,
dataflow,ESTAT:MIGR_RESFIRST(1.0),"First permits by reason, length of validity and citizenship",A,Annual,TOTAL,Total,AG,Antigua and Barbuda,TOTAL,Total,PER,Person,EU28,European Union - 28 countries (2013-2020),2018,,77,,,,,
dataflow,ESTAT:MIGR_RESFIRST(1.0),"First permits by reason, length of validity and citizenship",A,Annual,TOTAL,Total,AL,Albania,TOTAL,Total,PER,Person,EU27_2020,European Union - 27 countries (from 2020),2013,,30077,,,,,
dataflow,ESTAT:MIGR_RESFIRST(1.0),"First permits by reason, length of validity and citizenship",A,Annual,TOTAL,Total,AL,Albania,TOTAL,Total,PER,Person,EU27_2020,European Union - 27 countries (from 2020),2014,,32456,,,,,
dataflow,ESTAT:MIGR_RESFIRST(1.0),"First permits by reason, length of validity and citizenship",A,Annual,TOTAL,Total,AL,Albania,TOTAL,Total,PER,Person,EU27_2020,European Union - 27 countries (from 2020),2015,,49059,,,,,
dataflow,ESTAT:MIGR_RESFIRST(1.0),"First permits by reason, length of validity and citizenship",A,Annual,TOTAL,Total,AL,Albania,TOTAL,Total,PER,Person,EU27_2020,European Union - 27 countries (from 2020),2016,,57199,,,,,
dataflow,ESTAT:MIGR_RESFIRST(1.0),"First permits by reason, length of validity and citizenship",A,Annual,TOTAL,Total,AL,Albania,TOTAL,Total,PER,Person,EU27_2020,European Union - 27 countries (from 2020),2017,,48585,,,,,
dataflow,ESTAT:MIGR_RESFIRST(1.0),"First permits by reason, length of validity and citizenship",A,Annual,TOTAL,Total,AL,Albania,TOTAL,Total,PER,Person,EU27_2020,European Union - 27 countries (from 2020),2018,,59197,,,,,
dataflow,ESTAT:MIGR_RESFIRST(1.0),"First permits by reason, length of validity and citizenship",A,Annual,TOTAL,Total,AL,Albania,TOTAL,Total,PER,Person,EU27_2020,European Union - 27 countries (from 2020),2019,,61148,,,,,
dataflow,ESTAT:MIGR_RESFIRST(1.0),"First permits by reason, length of validity and citizenship",A,Annual,TOTAL,Total,AL,Albania,TOTAL,Total,PER,Person,EU27_2020,European Union - 27 countries (from 2020),2020,,39536,,,,,
dataflow,ESTAT:MIGR_RESFIRST(1.0),"First permits by reason, length of validity and citizenship",A,Annual,TOTAL,Total,AL,Albania,TOTAL,Total,PER,Person,EU27_2020,European Union - 27 countries (from 2020),2021,,62345,,,,,
dataflow,ESTAT:MIGR_RESFIRST(1.0),"First permits by reason, length of validity and citizenship",A,Annual,TOTAL,Total,AL,Albania,TOTAL,Total,PER,Person,EU27_2020,European Union - 27 countries (from 2020),2022,,79190,,,,,
dataflow,ESTAT:MIGR_RESFIRST(1.0),"First permits by reason, length of validity and citizenship",A,Annual,TOTAL,Total,AL,Albania,TOTAL,Total,PER,Person,EU27_2020,European Union - 27 countries (from 2020),2023,,76883,,,,,
dataflow,ESTAT:MIGR_RESFIRST(1.0),"First permits by reason, length of validity and citizenship",A,Annual,TOTAL,Total,AL,Albania,TOTAL,Total,PER,Person,EU28,European Union - 28 countries (2013-2020),2013,,31279,,,,,
dataflow,ESTAT:MIGR_RESFIRST(1.0),"First permits by reason, length of validity and citizenship",A,Annual,TOTAL,Total,AL,Albania,TOTAL,Total,PER,Person,EU28,European Union - 28 countries (2013-2020),2014,,33962,,,,,
dataflow,ESTAT:MIGR_RESFIRST(1.0),"First permits by reason, length of validity and citizenship",A,Annual,TOTAL,Total,AL,Albania,TOTAL,Total,PER,Person,EU28,European Union - 28 countries (2013-2020),2015,,50859,,,,,
dataflow,ESTAT:MIGR_RESFIRST(1.0),"First permits by reason, length of validity and citizenship",A,Annual,TOTAL,Total,AL,Albania,TOTAL,Total,PER,Person,EU28,European Union - 28 countries (2013-2020),2016,,59375,,,,,
dataflow,ESTAT:MIGR_RESFIRST(1.0),"First permits by reason, length of validity and citizenship",A,Annual,TOTAL,Total,AL,Albania,TOTAL,Total,PER,Person,EU28,European Union - 28 countries (2013-2020),2017,,51879,,,,,
dataflow,ESTAT:MIGR_RESFIRST(1.0),"First permits by reason, length of validity and citizenship",A,Annual,TOTAL,Total,AL,Albania,TOTAL,Total,PER,Person,EU28,European Union - 28 countries (2013-2020),2018,,62460,,,,,
dataflow,ESTAT:MIGR_RESFIRST(1.0),"First permits by reason, length of validity and citizenship",A,Annual,TOTAL,Total,AM,Armenia,TOTAL,Total,PER,Person,EU27_2020,European Union - 27 countries (from 2020),2013,,6206,,,,,
dataflow,ESTAT:MIGR_RESFIRST(1.0),"First permits by reason, length of validity and citizenship",A,Annual,TOTAL,Total,AM,Armenia,TOTAL,Total,PER,Person,EU27_2020,European Union - 27 countries (from 2020),2014,,6201,,,,,
dataflow,ESTAT:MIGR_RESFIRST(1.0),"First permits by reason, length of validity and citizenship",A,Annual,TOTAL,Total,AM,Armenia,TOTAL,Total,PER,Person,EU27_2020,European Union - 27 countries (from 2020),2015,,5932,,,,,
dataflow,ESTAT:MIGR_RESFIRST(1.0),"First permits by reason, length of validity and citizenship",A,Annual,TOTAL,Total,AM,Armenia,TOTAL,Total,PER,Person,EU27_2020,European Union - 27 countries (from 2020),2016,,6563,,,,,
dataflow,ESTAT:MIGR_RESFIRST(1.0),"First permits by reason, length of validity and citizenship",A,Annual,TOTAL,Total,AM,Armenia,TOTAL,Total,PER,Person,EU27_2020,European Union - 27 countries (from 2020),2017,,7189,,,,,
dataflow,ESTAT:MIGR_RESFIRST(1.0),"First permits by reason, length of validity and citizenship",A,Annual,TOTAL,Total,AM,Armenia,TOTAL,Total,PER,Person,EU27_2020,European Union - 27 countries (from 2020),2018,,7945,,,,,
dataflow,ESTAT:MIGR_RESFIRST(1.0),"First permits by reason, length of validity and citizenship",A,Annual,TOTAL,Total,AM,Armenia,TOTAL,Total,PER,Person,EU27_2020,European Union - 27 countries (from 2020),2019,,8517,,,,,
dataflow,ESTAT:MIGR_RESFIRST(1.0),"First permits by reason, length of validity and citizenship",A,Annual,TOTAL,Total,AM,Armenia,TOTAL,Total,PER,Person,EU27_2020,European Union - 27 countries (from 2020),2020,,6762,,,,,
dataflow,ESTAT:MIGR_RESFIRST(1.0),"First permits by reason, length of validity and citizenship",A,Annual,TOTAL,Total,AM,Armenia,TOTAL,Total,PER,Person,EU27_2020,European Union - 27 countries (from 2020),2021,,9068,,,,,
dataflow,ESTAT:MIGR_RESFIRST(1.0),"First permits by reason, length of validity and citizenship",A,Annual,TOTAL,Total,AM,Armenia,TOTAL,Total,PER,Person,EU27_2020,European Union - 27 countries (from 2020),2022,,9761,,,,,
dataflow,ESTAT:MIGR_RESFIRST(1.0),"First permits by reason, length of validity and citizenship",A,Annual,TOTAL,Total,AM,Armenia,TOTAL,Total,PER,Person,EU27_2020,European Union - 27 countries (from 2020),2023,,10211,,,,,
dataflow,ESTAT:MIGR_RESFIRST(1.0),"First permits by reason, length of validity and citizenship",A,Annual,TOTAL,Total,AM,Armenia,TOTAL,Total,PER,Person,EU28,European Union - 28 countries (2013-2020),2013,,6393,,,,,
dataflow,ESTAT:MIGR_RESFIRST(1.0),"First permits by reason, length of validity and citizenship",A,Annual,TOTAL,Total,AM,Armenia,TOTAL,Total,PER,Person,EU28,European Union - 28 countries (2013-2020),2014,,6447,,,,,
dataflow,ESTAT:MIGR_RESFIRST(1.0),"First permits by reason, length of validity and citizenship",A,Annual,TOTAL,Total,AM,Armenia,TOTAL,Total,PER,Person,EU28,European Union - 28 countries (2013-2020),2015,,6131,,,,,
dataflow,ESTAT:MIGR_RESFIRST(1.0),"First permits by reason, length of validity and citizenship",A,Annual,TOTAL,Total,AM,Armenia,TOTAL,Total,PER,Person,EU28,European Union - 28 countries (2013-2020),2016,,6792,,,,,
dataflow,ESTAT:MIGR_RESFIRST(1.0),"First permits by reason, length of validity and citizenship",A,Annual,TOTAL,Total,AM,Armenia,TOTAL,Total,PER,Person,EU28,European Union - 28 countries (2013-2020),2017,,7404,,,,,
dataflow,ESTAT:MIGR_RESFIRST(1.0),"First permits by reason, length of validity and citizenship",A,Annual,TOTAL,Total,AM,Armenia,TOTAL,Total,PER,Person,EU28,European Union - 28 countries (2013-2020),2018,,8135,,,,,
dataflow,ESTAT:MIGR_RESFIRST(1.0),"First permits by reason, length of validity and citizenship",A,Annual,TOTAL,Total,AO,Angola,TOTAL,Total,PER,Person,EU27_2020,European Union - 27 countries (from 2020),2013,,3780,,,,,
dataflow,ESTAT:MIGR_RESFIRST(1.0),"First permits by reason, length of validity and citizenship",A,Annual,TOTAL,Total,AO,Angola,TOTAL,Total,PER,Person,EU27_2020,European Union - 27 countries (from 2020),2014,,3736,,,,,
dataflow,ESTAT:MIGR_RESFIRST(1.0),"First permits by reason, length of validity and citizenship",A,Annual,TOTAL,Total,AO,Angola,TOTAL,Total,PER,Person,EU27_2020,European Union - 27 countries (from 2020),2015,,3205,,,,,
dataflow,ESTAT:MIGR_RESFIRST(1.0),"First permits by reason, length of validity and citizenship",A,Annual,TOTAL,Total,AO,Angola,TOTAL,Total,PER,Person,EU27_2020,European Union - 27 countries (from 2020),2016,,3061,,,,,
dataflow,ESTAT:MIGR_RESFIRST(1.0),"First permits by reason, length of validity and citizenship",A,Annual,TOTAL,Total,AO,Angola,TOTAL,Total,PER,Person,EU27_2020,European Union - 27 countries (from 2020),2017,,3519,,,,,
dataflow,ESTAT:MIGR_RESFIRST(1.0),"First permits by reason, length of validity and citizenship",A,Annual,TOTAL,Total,AO,Angola,TOTAL,Total,PER,Person,EU27_2020,European Union - 27 countries (from 2020),2018,,4620,,,,,
dataflow,ESTAT:MIGR_RESFIRST(1.0),"First permits by reason, length of validity and citizenship",A,Annual,TOTAL,Total,AO,Angola,TOTAL,Total,PER,Person,EU27_2020,European Union - 27 countries (from 2020),2019,,6469,,,,,
dataflow,ESTAT:MIGR_RESFIRST(1.0),"First permits by reason, length of validity and citizenship",A,Annual,TOTAL,Total,AO,Angola,TOTAL,Total,PER,Person,EU27_2020,European Union - 27 countries (from 2020),2020,,6383,,,,,
dataflow,ESTAT:MIGR_RESFIRST(1.0),"First permits by reason, length of validity and citizenship",A,Annual,TOTAL,Total,AO,Angola,TOTAL,Total,PER,Person,EU27_2020,European Union - 27 countries (from 2020),2021,,6347,,,,,
dataflow,ESTAT:MIGR_RESFIRST(1.0),"First permits by reason, length of validity and citizenship",A,Annual,TOTAL,Total,AO,Angola,TOTAL,Total,PER,Person,EU27_2020,European Union - 27 countries (from 2020),2022,,8796,,,,,
dataflow,ESTAT:MIGR_RESFIRST(1.0),"First permits by reason, length of validity and citizenship",A,Annual,TOTAL,Total,AO,Angola,TOTAL,Total,PER,Person,EU27_2020,European Union - 27 countries (from 2020),2023,,10859,,,,,
dataflow,ESTAT:MIGR_RESFIRST(1.0),"First permits by reason, length of validity and citizenship",A,Annual,TOTAL,Total,AO,Angola,TOTAL,Total,PER,Person,EU28,European Union - 28 countries (2013-2020),2013,,4220,,,,,
dataflow,ESTAT:MIGR_RESFIRST(1.0),"First permits by reason, length of validity and citizenship",A,Annual,TOTAL,Total,AO,Angola,TOTAL,Total,PER,Person,EU28,European Union - 28 countries (2013-2020),2014,,4244,,,,,
dataflow,ESTAT:MIGR_RESFIRST(1.0),"First permits by reason, length of validity and citizenship",A,Annual,TOTAL,Total,AO,Angola,TOTAL,Total,PER,Person,EU28,European Union - 28 countries (2013-2020),2015,,3891,,,,,
dataflow,ESTAT:MIGR_RESFIRST(1.0),"First permits by reason, length of validity and citizenship",A,Annual,TOTAL,Total,AO,Angola,TOTAL,Total,PER,Person,EU28,European Union - 28 countries (2013-2020),2016,,3650,,,,,
dataflow,ESTAT:MIGR_RESFIRST(1.0),"First permits by reason, length of validity and citizenship",A,Annual,TOTAL,Total,AO,Angola,TOTAL,Total,PER,Person,EU28,European Union - 28 countries (2013-2020),2017,,3901,,,,,
dataflow,ESTAT:MIGR_RESFIRST(1.0),"First permits by reason, length of validity and citizenship",A,Annual,TOTAL,Total,AO,Angola,TOTAL,Total,PER,Person,EU28,European Union - 28 countries (2013-2020),2018,,4910,,,,,
dataflow,ESTAT:MIGR_RESFIRST(1.0),"First permits by reason, length of validity and citizenship",A,Annual,TOTAL,Total,AR,Argentina,TOTAL,Total,PER,Person,EU27_2020,European Union - 27 countries (from 2020),2013,,7643,,,,,
dataflow,ESTAT:MIGR_RESFIRST(1.0),"First permits by reason, length of validity and citizenship",A,Annual,TOTAL,Total,AR,Argentina,TOTAL,Total,PER,Person,EU27_2020,European Union - 27 countries (from 2020),2014,,7126,,,,,
dataflow,ESTAT:MIGR_RESFIRST(1.0),"First permits by reason, length of validity and citizenship",A,Annual,TOTAL,Total,AR,Argentina,TOTAL,Total,PER,Person,EU27_2020,European Union - 27 countries (from 2020),2015,,7886,,,,,
dataflow,ESTAT:MIGR_RESFIRST(1.0),"First permits by reason, length of validity and citizenship",A,Annual,TOTAL,Total,AR,Argentina,TOTAL,Total,PER,Person,EU27_2020,European Union - 27 countries (from 2020),2016,,9002,,,,,
dataflow,ESTAT:MIGR_RESFIRST(1.0),"First permits by reason, length of validity and citizenship",A,Annual,TOTAL,Total,AR,Argentina,TOTAL,Total,PER,Person,EU27_2020,European Union - 27 countries (from 2020),2017,,10151,,,,,
dataflow,ESTAT:MIGR_RESFIRST(1.0),"First permits by reason, length of validity and citizenship",A,Annual,TOTAL,Total,AR,Argentina,TOTAL,Total,PER,Person,EU27_2020,European Union - 27 countries (from 2020),2018,,12439,,,,,
dataflow,ESTAT:MIGR_RESFIRST(1.0),"First permits by reason, length of validity and citizenship",A,Annual,TOTAL,Total,AR,Argentina,TOTAL,Total,PER,Person,EU27_2020,European Union - 27 countries (from 2020),2019,,17713,,,,,
dataflow,ESTAT:MIGR_RESFIRST(1.0),"First permits by reason, length of validity and citizenship",A,Annual,TOTAL,Total,AR,Argentina,TOTAL,Total,PER,Person,EU27_2020,European Union - 27 countries (from 2020),2020,,14023,,,,,
dataflow,ESTAT:MIGR_RESFIRST(1.0),"First permits by reason, length of validity and citizenship",A,Annual,TOTAL,Total,AR,Argentina,TOTAL,Total,PER,Person,EU27_2020,European Union - 27 countries (from 2020),2021,,17855,,,,,
dataflow,ESTAT:MIGR_RESFIRST(1.0),"First permits by reason, length of validity and citizenship",A,Annual,TOTAL,Total,AR,Argentina,TOTAL,Total,PER,Person,EU27_2020,European Union - 27 countries (from 2020),2022,,26099,,,,,
dataflow,ESTAT:MIGR_RESFIRST(1.0),"First permits by reason, length of validity and citizenship",A,Annual,TOTAL,Total,AR,Argentina,TOTAL,Total,PER,Person,EU27_2020,European Union - 27 countries (from 2020),2023,,27661,,,,,
dataflow,ESTAT:MIGR_RESFIRST(1.0),"First permits by reason, length of validity and citizenship",A,Annual,TOTAL,Total,AR,Argentina,TOTAL,Total,PER,Person,EU28,European Union - 28 countries (2013-2020),2013,,9738,,,,,
dataflow,ESTAT:MIGR_RESFIRST(1.0),"First permits by reason, length of validity and citizenship",A,Annual,TOTAL,Total,AR,Argentina,TOTAL,Total,PER,Person,EU28,European Union - 28 countries (2013-2020),2014,,8800,,,,,
dataflow,ESTAT:MIGR_RESFIRST(1.0),"First permits by reason, length of validity and citizenship",A,Annual,TOTAL,Total,AR,Argentina,TOTAL,Total,PER,Person,EU28,European Union - 28 countries (2013-2020),2015,,9709,,,,,
dataflow,ESTAT:MIGR_RESFIRST(1.0),"First permits by reason, length of validity and citizenship",A,Annual,TOTAL,Total,AR,Argentina,TOTAL,Total,PER,Person,EU28,European Union - 28 countries (2013-2020),2016,,10706,,,,,
dataflow,ESTAT:MIGR_RESFIRST(1.0),"First permits by reason, length of validity and citizenship",A,Annual,TOTAL,Total,AR,Argentina,TOTAL,Total,PER,Person,EU28,European Union - 28 countries (2013-2020),2017,,11858,,,,,
dataflow,ESTAT:MIGR_RESFIRST(1.0),"First permits by reason, length of validity and citizenship",A,Annual,TOTAL,Total,AR,Argentina,TOTAL,Total,PER,Person,EU28,European Union - 28 countries (2013-2020),2018,,13965,,,,,
dataflow,ESTAT:MIGR_RESFIRST(1.0),"First permits by reason, length of validity and citizenship",A,Annual,TOTAL,Total,AU,Australia,TOTAL,Total,PER,Person,EU27_2020,European Union - 27 countries (from 2020),2013,,7423,,,,,
dataflow,ESTAT:MIGR_RESFIRST(1.0),"First permits by reason, length of validity and citizenship",A,Annual,TOTAL,Total,AU,Australia,TOTAL,Total,PER,Person,EU27_2020,European Union - 27 countries (from 2020),2014,,7896,,,,,
dataflow,ESTAT:MIGR_RESFIRST(1.0),"First permits by reason, length of validity and citizenship",A,Annual,TOTAL,Total,AU,Australia,TOTAL,Total,PER,Person,EU27_2020,European Union - 27 countries (from 2020),2015,,7447,,,,,
dataflow,ESTAT:MIGR_RESFIRST(1.0),"First permits by reason, length of validity and citizenship",A,Annual,TOTAL,Total,AU,Australia,TOTAL,Total,PER,Person,EU27_2020,European Union - 27 countries (from 2020),2016,,8713,,,,,
dataflow,ESTAT:MIGR_RESFIRST(1.0),"First permits by reason, length of validity and citizenship",A,Annual,TOTAL,Total,AU,Australia,TOTAL,Total,PER,Person,EU27_2020,European Union - 27 countries (from 2020),2017,,8681,,,,,
dataflow,ESTAT:MIGR_RESFIRST(1.0),"First permits by reason, length of validity and citizenship",A,Annual,TOTAL,Total,AU,Australia,TOTAL,Total,PER,Person,EU27_2020,European Union - 27 countries (from 2020),2018,,9194,,,,,
dataflow,ESTAT:MIGR_RESFIRST(1.0),"First permits by reason, length of validity and citizenship",A,Annual,TOTAL,Total,AU,Australia,TOTAL,Total,PER,Person,EU27_2020,European Union - 27 countries (from 2020),2019,,9161,,,,,
dataflow,ESTAT:MIGR_RESFIRST(1.0),"First permits by reason, length of validity and citizenship",A,Annual,TOTAL,Total,AU,Australia,TOTAL,Total,PER,Person,EU27_2020,European Union - 27 countries (from 2020),2020,,4966,,,,,
dataflow,ESTAT:MIGR_RESFIRST(1.0),"First permits by reason, length of validity and citizenship",A,Annual,TOTAL,Total,AU,Australia,TOTAL,Total,PER,Person,EU27_2020,European Union - 27 countries (from 2020),2021,,5044,,,,,
dataflow,ESTAT:MIGR_RESFIRST(1.0),"First permits by reason, length of validity and citizenship",A,Annual,TOTAL,Total,AU,Australia,TOTAL,Total,PER,Person,EU27_2020,European Union - 27 countries (from 2020),2022,,8069,,,,,
dataflow,ESTAT:MIGR_RESFIRST(1.0),"First permits by reason, length of validity and citizenship",A,Annual,TOTAL,Total,AU,Australia,TOTAL,Total,PER,Person,EU27_2020,European Union - 27 countries (from 2020),2023,,9261,,,,,
dataflow,ESTAT:MIGR_RESFIRST(1.0),"First permits by reason, length of validity and citizenship",A,Annual,TOTAL,Total,AU,Australia,TOTAL,Total,PER,Person,EU28,European Union - 28 countries (2013-2020),2013,,26497,,,,,
dataflow,ESTAT:MIGR_RESFIRST(1.0),"First permits by reason, length of validity and citizenship",A,Annual,TOTAL,Total,AU,Australia,TOTAL,Total,PER,Person,EU28,European Union - 28 countries (2013-2020),2014,,27375,,,,,
dataflow,ESTAT:MIGR_RESFIRST(1.0),"First permits by reason, length of validity and citizenship",A,Annual,TOTAL,Total,AU,Australia,TOTAL,Total,PER,Person,EU28,European Union - 28 countries (2013-2020),2015,,29077,,,,,
dataflow,ESTAT:MIGR_RESFIRST(1.0),"First permits by reason, length of validity and citizenship",A,Annual,TOTAL,Total,AU,Australia,TOTAL,Total,PER,Person,EU28,European Union - 28 countries (2013-2020),2016,,27974,,,,,
dataflow,ESTAT:MIGR_RESFIRST(1.0),"First permits by reason, length of validity and citizenship",A,Annual,TOTAL,Total,AU,Australia,TOTAL,Total,PER,Person,EU28,European Union - 28 countries (2013-2020),2017,,25494,,,,,
dataflow,ESTAT:MIGR_RESFIRST(1.0),"First permits by reason, length of validity and citizenship",A,Annual,TOTAL,Total,AU,Australia,TOTAL,Total,PER,Person,EU28,European Union - 28 countries (2013-2020),2018,,23402,,,,,
dataflow,ESTAT:MIGR_RESFIRST(1.0),"First permits by reason, length of validity and citizenship",A,Annual,TOTAL,Total,AZ,Azerbaijan,TOTAL,Total,PER,Person,EU27_2020,European Union - 27 countries (from 2020),2013,,2974,,,,,
dataflow,ESTAT:MIGR_RESFIRST(1.0),"First permits by reason, length of validity and citizenship",A,Annual,TOTAL,Total,AZ,Azerbaijan,TOTAL,Total,PER,Person,EU27_2020,European Union - 27 countries (from 2020),2014,,3211,,,,,
dataflow,ESTAT:MIGR_RESFIRST(1.0),"First permits by reason, length of validity and citizenship",A,Annual,TOTAL,Total,AZ,Azerbaijan,TOTAL,Total,PER,Person,EU27_2020,European Union - 27 countries (from 2020),2015,,3271,,,,,
dataflow,ESTAT:MIGR_RESFIRST(1.0),"First permits by reason, length of validity and citizenship",A,Annual,TOTAL,Total,AZ,Azerbaijan,TOTAL,Total,PER,Person,EU27_2020,European Union - 27 countries (from 2020),2016,,4166,,,,,
dataflow,ESTAT:MIGR_RESFIRST(1.0),"First permits by reason, length of validity and citizenship",A,Annual,TOTAL,Total,AZ,Azerbaijan,TOTAL,Total,PER,Person,EU27_2020,European Union - 27 countries (from 2020),2017,,5630,,,,,
dataflow,ESTAT:MIGR_RESFIRST(1.0),"First permits by reason, length of validity and citizenship",A,Annual,TOTAL,Total,AZ,Azerbaijan,TOTAL,Total,PER,Person,EU27_2020,European Union - 27 countries (from 2020),2018,,7296,,,,,
dataflow,ESTAT:MIGR_RESFIRST(1.0),"First permits by reason, length of validity and citizenship",A,Annual,TOTAL,Total,AZ,Azerbaijan,TOTAL,Total,PER,Person,EU27_2020,European Union - 27 countries (from 2020),2019,,6903,,,,,
dataflow,ESTAT:MIGR_RESFIRST(1.0),"First permits by reason, length of validity and citizenship",A,Annual,TOTAL,Total,AZ,Azerbaijan,TOTAL,Total,PER,Person,EU27_2020,European Union - 27 countries (from 2020),2020,,6078,,,,,
dataflow,ESTAT:MIGR_RESFIRST(1.0),"First permits by reason, length of validity and citizenship",A,Annual,TOTAL,Total,AZ,Azerbaijan,TOTAL,Total,PER,Person,EU27_2020,European Union - 27 countries (from 2020),2021,,8161,,,,,
dataflow,ESTAT:MIGR_RESFIRST(1.0),"First permits by reason, length of validity and citizenship",A,Annual,TOTAL,Total,AZ,Azerbaijan,TOTAL,Total,PER,Person,EU27_2020,European Union - 27 countries (from 2020),2022,,11308,,,,,
dataflow,ESTAT:MIGR_RESFIRST(1.0),"First permits by reason, length of validity and citizenship",A,Annual,TOTAL,Total,AZ,Azerbaijan,TOTAL,Total,PER,Person,EU27_2020,European Union - 27 countries (from 2020),2023,,15703,,,,,
dataflow,ESTAT:MIGR_RESFIRST(1.0),"First permits by reason, length of validity and citizenship",A,Annual,TOTAL,Total,AZ,Azerbaijan,TOTAL,Total,PER,Person,EU28,European Union - 28 countries (2013-2020),2013,,3859,,,,,
dataflow,ESTAT:MIGR_RESFIRST(1.0),"First permits by reason, length of validity and citizenship",A,Annual,TOTAL,Total,AZ,Azerbaijan,TOTAL,Total,PER,Person,EU28,European Union - 28 countries (2013-2020),2014,,4047,,,,,
dataflow,ESTAT:MIGR_RESFIRST(1.0),"First permits by reason, length of validity and citizenship",A,Annual,TOTAL,Total,AZ,Azerbaijan,TOTAL,Total,PER,Person,EU28,European Union - 28 countries (2013-2020),2015,,4023,,,,,
dataflow,ESTAT:MIGR_RESFIRST(1.0),"First permits by reason, length of validity and citizenship",A,Annual,TOTAL,Total,AZ,Azerbaijan,TOTAL,Total,PER,Person,EU28,European Union - 28 countries (2013-2020),2016,,4770,,,,,
dataflow,ESTAT:MIGR_RESFIRST(1.0),"First permits by reason, length of validity and citizenship",A,Annual,TOTAL,Total,AZ,Azerbaijan,TOTAL,Total,PER,Person,EU28,European Union - 28 countries (2013-2020),2017,,6356,,,,,
dataflow,ESTAT:MIGR_RESFIRST(1.0),"First permits by reason, length of validity and citizenship",A,Annual,TOTAL,Total,AZ,Azerbaijan,TOTAL,Total,PER,Person,EU28,European Union - 28 countries (2013-2020),2018,,7970,,,,,
dataflow,ESTAT:MIGR_RESFIRST(1.0),"First permits by reason, length of validity and citizenship",A,Annual,TOTAL,Total,BA,Bosnia and Herzegovina,TOTAL,Total,PER,Person,EU27_2020,European Union - 27 countries (from 2020),2013,,16105,,,,,
dataflow,ESTAT:MIGR_RESFIRST(1.0),"First permits by reason, length of validity and citizenship",A,Annual,TOTAL,Total,BA,Bosnia and Herzegovina,TOTAL,Total,PER,Person,EU27_2020,European Union - 27 countries (from 2020),2014,,18516,,,,,
dataflow,ESTAT:MIGR_RESFIRST(1.0),"First permits by reason, length of validity and citizenship",A,Annual,TOTAL,Total,BA,Bosnia and Herzegovina,TOTAL,Total,PER,Person,EU27_2020,European Union - 27 countries (from 2020),2015,,19779,,,,,
dataflow,ESTAT:MIGR_RESFIRST(1.0),"First permits by reason, length of validity and citizenship",A,Annual,TOTAL,Total,BA,Bosnia and Herzegovina,TOTAL,Total,PER,Person,EU27_2020,European Union - 27 countries (from 2020),2016,,26187,,,,,
dataflow,ESTAT:MIGR_RESFIRST(1.0),"First permits by reason, length of validity and citizenship",A,Annual,TOTAL,Total,BA,Bosnia and Herzegovina,TOTAL,Total,PER,Person,EU27_2020,European Union - 27 countries (from 2020),2017,,36010,,,,,
dataflow,ESTAT:MIGR_RESFIRST(1.0),"First permits by reason, length of validity and citizenship",A,Annual,TOTAL,Total,BA,Bosnia and Herzegovina,TOTAL,Total,PER,Person,EU27_2020,European Union - 27 countries (from 2020),2018,,53566,,,,,
dataflow,ESTAT:MIGR_RESFIRST(1.0),"First permits by reason, length of validity and citizenship",A,Annual,TOTAL,Total,BA,Bosnia and Herzegovina,TOTAL,Total,PER,Person,EU27_2020,European Union - 27 countries (from 2020),2019,,56943,,,,,
dataflow,ESTAT:MIGR_RESFIRST(1.0),"First permits by reason, length of validity and citizenship",A,Annual,TOTAL,Total,BA,Bosnia and Herzegovina,TOTAL,Total,PER,Person,EU27_2020,European Union - 27 countries (from 2020),2020,,39490,,,,,
dataflow,ESTAT:MIGR_RESFIRST(1.0),"First permits by reason, length of validity and citizenship",A,Annual,TOTAL,Total,BA,Bosnia and Herzegovina,TOTAL,Total,PER,Person,EU27_2020,European Union - 27 countries (from 2020),2021,,41727,,,,,
dataflow,ESTAT:MIGR_RESFIRST(1.0),"First permits by reason, length of validity and citizenship",A,Annual,TOTAL,Total,BA,Bosnia and Herzegovina,TOTAL,Total,PER,Person,EU27_2020,European Union - 27 countries (from 2020),2022,,50277,,,,,
dataflow,ESTAT:MIGR_RESFIRST(1.0),"First permits by reason, length of validity and citizenship",A,Annual,TOTAL,Total,BA,Bosnia and Herzegovina,TOTAL,Total,PER,Person,EU27_2020,European Union - 27 countries (from 2020),2023,,48487,,,,,
dataflow,ESTAT:MIGR_RESFIRST(1.0),"First permits by reason, length of validity and citizenship",A,Annual,TOTAL,Total,BA,Bosnia and Herzegovina,TOTAL,Total,PER,Person,EU28,European Union - 28 countries (2013-2020),2013,,16440,,,,,
dataflow,ESTAT:MIGR_RESFIRST(1.0),"First permits by reason, length of validity and citizenship",A,Annual,TOTAL,Total,BA,Bosnia and Herzegovina,TOTAL,Total,PER,Person,EU28,European Union - 28 countries (2013-2020),2014,,18688,,,,,
dataflow,ESTAT:MIGR_RESFIRST(1.0),"First permits by reason, length of validity and citizenship",A,Annual,TOTAL,Total,BA,Bosnia and Herzegovina,TOTAL,Total,PER,Person,EU28,European Union - 28 countries (2013-2020),2015,,19934,,,,,
dataflow,ESTAT:MIGR_RESFIRST(1.0),"First permits by reason, length of validity and citizenship",A,Annual,TOTAL,Total,BA,Bosnia and Herzegovina,TOTAL,Total,PER,Person,EU28,European Union - 28 countries (2013-2020),2016,,26395,,,,,
dataflow,ESTAT:MIGR_RESFIRST(1.0),"First permits by reason, length of validity and citizenship",A,Annual,TOTAL,Total,BA,Bosnia and Herzegovina,TOTAL,Total,PER,Person,EU28,European Union - 28 countries (2013-2020),2017,,36370,,,,,
dataflow,ESTAT:MIGR_RESFIRST(1.0),"First permits by reason, length of validity and citizenship",A,Annual,TOTAL,Total,BA,Bosnia and Herzegovina,TOTAL,Total,PER,Person,EU28,European Union - 28 countries (2013-2020),2018,,53689,,,,,
dataflow,ESTAT:MIGR_RESFIRST(1.0),"First permits by reason, length of validity and citizenship",A,Annual,TOTAL,Total,BB,Barbados,TOTAL,Total,PER,Person,EU27_2020,European Union - 27 countries (from 2020),2013,,36,,,,,
dataflow,ESTAT:MIGR_RESFIRST(1.0),"First permits by reason, length of validity and citizenship",A,Annual,TOTAL,Total,BB,Barbados,TOTAL,Total,PER,Person,EU27_2020,European Union - 27 countries (from 2020),2014,,43,,,,,
dataflow,ESTAT:MIGR_RESFIRST(1.0),"First permits by reason, length of validity and citizenship",A,Annual,TOTAL,Total,BB,Barbados,TOTAL,Total,PER,Person,EU27_2020,European Union - 27 countries (from 2020),2015,,41,,,,,
dataflow,ESTAT:MIGR_RESFIRST(1.0),"First permits by reason, length of validity and citizenship",A,Annual,TOTAL,Total,BB,Barbados,TOTAL,Total,PER,Person,EU27_2020,European Union - 27 countries (from 2020),2016,,60,,,,,
dataflow,ESTAT:MIGR_RESFIRST(1.0),"First permits by reason, length of validity and citizenship",A,Annual,TOTAL,Total,BB,Barbados,TOTAL,Total,PER,Person,EU27_2020,European Union - 27 countries (from 2020),2017,,62,,,,,
dataflow,ESTAT:MIGR_RESFIRST(1.0),"First permits by reason, length of validity and citizenship",A,Annual,TOTAL,Total,BB,Barbados,TOTAL,Total,PER,Person,EU27_2020,European Union - 27 countries (from 2020),2018,,37,,,,,
dataflow,ESTAT:MIGR_RESFIRST(1.0),"First permits by reason, length of validity and citizenship",A,Annual,TOTAL,Total,BB,Barbados,TOTAL,Total,PER,Person,EU27_2020,European Union - 27 countries (from 2020),2019,,41,,,,,
dataflow,ESTAT:MIGR_RESFIRST(1.0),"First permits by reason, length of validity and citizenship",A,Annual,TOTAL,Total,BB,Barbados,TOTAL,Total,PER,Person,EU27_2020,European Union - 27 countries (from 2020),2020,,43,,,,,
dataflow,ESTAT:MIGR_RESFIRST(1.0),"First permits by reason, length of validity and citizenship",A,Annual,TOTAL,Total,BB,Barbados,TOTAL,Total,PER,Person,EU27_2020,European Union - 27 countries (from 2020),2021,,49,,,,,
dataflow,ESTAT:MIGR_RESFIRST(1.0),"First permits by reason, length of validity and citizenship",A,Annual,TOTAL,Total,BB,Barbados,TOTAL,Total,PER,Person,EU27_2020,European Union - 27 countries (from 2020),2022,,64,,,,,
dataflow,ESTAT:MIGR_RESFIRST(1.0),"First permits by reason, length of validity and citizenship",A,Annual,TOTAL,Total,BB,Barbados,TOTAL,Total,PER,Person,EU27_2020,European Union - 27 countries (from 2020),2023,,74,,,,,
dataflow,ESTAT:MIGR_RESFIRST(1.0),"First permits by reason, length of validity and citizenship",A,Annual,TOTAL,Total,BB,Barbados,TOTAL,Total,PER,Person,EU28,European Union - 28 countries (2013-2020),2013,,326,,,,,
dataflow,ESTAT:MIGR_RESFIRST(1.0),"First permits by reason, length of validity and citizenship",A,Annual,TOTAL,Total,BB,Barbados,TOTAL,Total,PER,Person,EU28,European Union - 28 countries (2013-2020),2014,,324,,,,,
dataflow,ESTAT:MIGR_RESFIRST(1.0),"First permits by reason, length of validity and citizenship",A,Annual,TOTAL,Total,BB,Barbados,TOTAL,Total,PER,Person,EU28,European Union - 28 countries (2013-2020),2015,,244,,,,,
dataflow,ESTAT:MIGR_RESFIRST(1.0),"First permits by reason, length of validity and citizenship",A,Annual,TOTAL,Total,BB,Barbados,TOTAL,Total,PER,Person,EU28,European Union - 28 countries (2013-2020),2016,,262,,,,,
dataflow,ESTAT:MIGR_RESFIRST(1.0),"First permits by reason, length of validity and citizenship",A,Annual,TOTAL,Total,BB,Barbados,TOTAL,Total,PER,Person,EU28,European Union - 28 countries (2013-2020),2017,,304,,,,,
dataflow,ESTAT:MIGR_RESFIRST(1.0),"First permits by reason, length of validity and citizenship",A,Annual,TOTAL,Total,BB,Barbados,TOTAL,Total,PER,Person,EU28,European Union - 28 countries (2013-2020),2018,,208,,,,,
dataflow,ESTAT:MIGR_RESFIRST(1.0),"First permits by reason, length of validity and citizenship",A,Annual,TOTAL,Total,BD,Bangladesh,TOTAL,Total,PER,Person,EU27_2020,European Union - 27 countries (from 2020),2013,,19543,,,,,
dataflow,ESTAT:MIGR_RESFIRST(1.0),"First permits by reason, length of validity and citizenship",A,Annual,TOTAL,Total,BD,Bangladesh,TOTAL,Total,PER,Person,EU27_2020,European Union - 27 countries (from 2020),2014,,18827,,,,,
dataflow,ESTAT:MIGR_RESFIRST(1.0),"First permits by reason, length of validity and citizenship",A,Annual,TOTAL,Total,BD,Bangladesh,TOTAL,Total,PER,Person,EU27_2020,European Union - 27 countries (from 2020),2015,,14722,,,,,
dataflow,ESTAT:MIGR_RESFIRST(1.0),"First permits by reason, length of validity and citizenship",A,Annual,TOTAL,Total,BD,Bangladesh,TOTAL,Total,PER,Person,EU27_2020,European Union - 27 countries (from 2020),2016,,19267,,,,,
dataflow,ESTAT:MIGR_RESFIRST(1.0),"First permits by reason, length of validity and citizenship",A,Annual,TOTAL,Total,BD,Bangladesh,TOTAL,Total,PER,Person,EU27_2020,European Union - 27 countries (from 2020),2017,,26065,,,,,
dataflow,ESTAT:MIGR_RESFIRST(1.0),"First permits by reason, length of validity and citizenship",A,Annual,TOTAL,Total,BD,Bangladesh,TOTAL,Total,PER,Person,EU27_2020,European Union - 27 countries (from 2020),2018,,28323,,,,,
dataflow,ESTAT:MIGR_RESFIRST(1.0),"First permits by reason, length of validity and citizenship",A,Annual,TOTAL,Total,BD,Bangladesh,TOTAL,Total,PER,Person,EU27_2020,European Union - 27 countries (from 2020),2019,,31478,,,,,
dataflow,ESTAT:MIGR_RESFIRST(1.0),"First permits by reason, length of validity and citizenship",A,Annual,TOTAL,Total,BD,Bangladesh,TOTAL,Total,PER,Person,EU27_2020,European Union - 27 countries (from 2020),2020,,23672,,,,,
dataflow,ESTAT:MIGR_RESFIRST(1.0),"First permits by reason, length of validity and citizenship",A,Annual,TOTAL,Total,BD,Bangladesh,TOTAL,Total,PER,Person,EU27_2020,European Union - 27 countries (from 2020),2021,,37518,,,,,
dataflow,ESTAT:MIGR_RESFIRST(1.0),"First permits by reason, length of validity and citizenship",A,Annual,TOTAL,Total,BD,Bangladesh,TOTAL,Total,PER,Person,EU27_2020,European Union - 27 countries (from 2020),2022,,59942,,,,,
dataflow,ESTAT:MIGR_RESFIRST(1.0),"First permits by reason, length of validity and citizenship",A,Annual,TOTAL,Total,BD,Bangladesh,TOTAL,Total,PER,Person,EU27_2020,European Union - 27 countries (from 2020),2023,,89645,,,,,
dataflow,ESTAT:MIGR_RESFIRST(1.0),"First permits by reason, length of validity and citizenship",A,Annual,TOTAL,Total,BD,Bangladesh,TOTAL,Total,PER,Person,EU28,European Union - 28 countries (2013-2020),2013,,24968,,,,,
dataflow,ESTAT:MIGR_RESFIRST(1.0),"First permits by reason, length of validity and citizenship",A,Annual,TOTAL,Total,BD,Bangladesh,TOTAL,Total,PER,Person,EU28,European Union - 28 countries (2013-2020),2014,,25533,,,,,
dataflow,ESTAT:MIGR_RESFIRST(1.0),"First permits by reason, length of validity and citizenship",A,Annual,TOTAL,Total,BD,Bangladesh,TOTAL,Total,PER,Person,EU28,European Union - 28 countries (2013-2020),2015,,20718,,,,,
dataflow,ESTAT:MIGR_RESFIRST(1.0),"First permits by reason, length of validity and citizenship",A,Annual,TOTAL,Total,BD,Bangladesh,TOTAL,Total,PER,Person,EU28,European Union - 28 countries (2013-2020),2016,,24885,,,,,
dataflow,ESTAT:MIGR_RESFIRST(1.0),"First permits by reason, length of validity and citizenship",A,Annual,TOTAL,Total,BD,Bangladesh,TOTAL,Total,PER,Person,EU28,European Union - 28 countries (2013-2020),2017,,33766,,,,,
dataflow,ESTAT:MIGR_RESFIRST(1.0),"First permits by reason, length of validity and citizenship",A,Annual,TOTAL,Total,BD,Bangladesh,TOTAL,Total,PER,Person,EU28,European Union - 28 countries (2013-2020),2018,,33920,,,,,
dataflow,ESTAT:MIGR_RESFIRST(1.0),"First permits by reason, length of validity and citizenship",A,Annual,TOTAL,Total,BF,Burkina Faso,TOTAL,Total,PER,Person,EU27_2020,European Union - 27 countries (from 2020),2013,,1560,,,,,
dataflow,ESTAT:MIGR_RESFIRST(1.0),"First permits by reason, length of validity and citizenship",A,Annual,TOTAL,Total,BF,Burkina Faso,TOTAL,Total,PER,Person,EU27_2020,European Union - 27 countries (from 2020),2014,,1570,,,,,
dataflow,ESTAT:MIGR_RESFIRST(1.0),"First permits by reason, length of validity and citizenship",A,Annual,TOTAL,Total,BF,Burkina Faso,TOTAL,Total,PER,Person,EU27_2020,European Union - 27 countries (from 2020),2015,,1684,,,,,
dataflow,ESTAT:MIGR_RESFIRST(1.0),"First permits by reason, length of validity and citizenship",A,Annual,TOTAL,Total,BF,Burkina Faso,TOTAL,Total,PER,Person,EU27_2020,European Union - 27 countries (from 2020),2016,,2130,,,,,
dataflow,ESTAT:MIGR_RESFIRST(1.0),"First permits by reason, length of validity and citizenship",A,Annual,TOTAL,Total,BF,Burkina Faso,TOTAL,Total,PER,Person,EU27_2020,European Union - 27 countries (from 2020),2017,,2440,,,,,
dataflow,ESTAT:MIGR_RESFIRST(1.0),"First permits by reason, length of validity and citizenship",A,Annual,TOTAL,Total,BF,Burkina Faso,TOTAL,Total,PER,Person,EU27_2020,European Union - 27 countries (from 2020),2018,,2249,,,,,
dataflow,ESTAT:MIGR_RESFIRST(1.0),"First permits by reason, length of validity and citizenship",A,Annual,TOTAL,Total,BF,Burkina Faso,TOTAL,Total,PER,Person,EU27_2020,European Union - 27 countries (from 2020),2019,,2304,,,,,
dataflow,ESTAT:MIGR_RESFIRST(1.0),"First permits by reason, length of validity and citizenship",A,Annual,TOTAL,Total,BF,Burkina Faso,TOTAL,Total,PER,Person,EU27_2020,European Union - 27 countries (from 2020),2020,,1924,,,,,
dataflow,ESTAT:MIGR_RESFIRST(1.0),"First permits by reason, length of validity and citizenship",A,Annual,TOTAL,Total,BF,Burkina Faso,TOTAL,Total,PER,Person,EU27_2020,European Union - 27 countries (from 2020),2021,,2993,,,,,
dataflow,ESTAT:MIGR_RESFIRST(1.0),"First permits by reason, length of validity and citizenship",A,Annual,TOTAL,Total,BF,Burkina Faso,TOTAL,Total,PER,Person,EU27_2020,European Union - 27 countries (from 2020),2022,,3591,,,,,
dataflow,ESTAT:MIGR_RESFIRST(1.0),"First permits by reason, length of validity and citizenship",A,Annual,TOTAL,Total,BF,Burkina Faso,TOTAL,Total,PER,Person,EU27_2020,European Union - 27 countries (from 2020),2023,,8956,,,,,
dataflow,ESTAT:MIGR_RESFIRST(1.0),"First permits by reason, length of validity and citizenship",A,Annual,TOTAL,Total,BF,Burkina Faso,TOTAL,Total,PER,Person,EU28,European Union - 28 countries (2013-2020),2013,,1599,,,,,
dataflow,ESTAT:MIGR_RESFIRST(1.0),"First permits by reason, length of validity and citizenship",A,Annual,TOTAL,Total,BF,Burkina Faso,TOTAL,Total,PER,Person,EU28,European Union - 28 countries (2013-2020),2014,,1608,,,,,
dataflow,ESTAT:MIGR_RESFIRST(1.0),"First permits by reason, length of validity and citizenship",A,Annual,TOTAL,Total,BF,Burkina Faso,TOTAL,Total,PER,Person,EU28,European Union - 28 countries (2013-2020),2015,,1742,,,,,
dataflow,ESTAT:MIGR_RESFIRST(1.0),"First permits by reason, length of validity and citizenship",A,Annual,TOTAL,Total,BF,Burkina Faso,TOTAL,Total,PER,Person,EU28,European Union - 28 countries (2013-2020),2016,,2157,,,,,
dataflow,ESTAT:MIGR_RESFIRST(1.0),"First permits by reason, length of validity and citizenship",A,Annual,TOTAL,Total,BF,Burkina Faso,TOTAL,Total,PER,Person,EU28,European Union - 28 countries (2013-2020),2017,,2475,,,,,
dataflow,ESTAT:MIGR_RESFIRST(1.0),"First permits by reason, length of validity and citizenship",A,Annual,TOTAL,Total,BF,Burkina Faso,TOTAL,Total,PER,Person,EU28,European Union - 28 countries (2013-2020),2018,,2281,,,,,
dataflow,ESTAT:MIGR_RESFIRST(1.0),"First permits by reason, length of validity and citizenship",A,Annual,TOTAL,Total,BH,Bahrain,TOTAL,Total,PER,Person,EU27_2020,European Union - 27 countries (from 2020),2013,,138,,,,,
dataflow,ESTAT:MIGR_RESFIRST(1.0),"First permits by reason, length of validity and citizenship",A,Annual,TOTAL,Total,BH,Bahrain,TOTAL,Total,PER,Person,EU27_2020,European Union - 27 countries (from 2020),2014,,131,,,,,
dataflow,ESTAT:MIGR_RESFIRST(1.0),"First permits by reason, length of validity and citizenship",A,Annual,TOTAL,Total,BH,Bahrain,TOTAL,Total,PER,Person,EU27_2020,European Union - 27 countries (from 2020),2015,,152,,,,,
dataflow,ESTAT:MIGR_RESFIRST(1.0),"First permits by reason, length of validity and citizenship",A,Annual,TOTAL,Total,BH,Bahrain,TOTAL,Total,PER,Person,EU27_2020,European Union - 27 countries (from 2020),2016,,145,,,,,
dataflow,ESTAT:MIGR_RESFIRST(1.0),"First permits by reason, length of validity and citizenship",A,Annual,TOTAL,Total,BH,Bahrain,TOTAL,Total,PER,Person,EU27_2020,European Union - 27 countries (from 2020),2017,,188,,,,,
dataflow,ESTAT:MIGR_RESFIRST(1.0),"First permits by reason, length of validity and citizenship",A,Annual,TOTAL,Total,BH,Bahrain,TOTAL,Total,PER,Person,EU27_2020,European Union - 27 countries (from 2020),2018,,216,,,,,
dataflow,ESTAT:MIGR_RESFIRST(1.0),"First permits by reason, length of validity and citizenship",A,Annual,TOTAL,Total,BH,Bahrain,TOTAL,Total,PER,Person,EU27_2020,European Union - 27 countries (from 2020),2019,,230,,,,,
dataflow,ESTAT:MIGR_RESFIRST(1.0),"First permits by reason, length of validity and citizenship",A,Annual,TOTAL,Total,BH,Bahrain,TOTAL,Total,PER,Person,EU27_2020,European Union - 27 countries (from 2020),2020,,121,,,,,
dataflow,ESTAT:MIGR_RESFIRST(1.0),"First permits by reason, length of validity and citizenship",A,Annual,TOTAL,Total,BH,Bahrain,TOTAL,Total,PER,Person,EU27_2020,European Union - 27 countries (from 2020),2021,,188,,,,,
dataflow,ESTAT:MIGR_RESFIRST(1.0),"First permits by reason, length of validity and citizenship",A,Annual,TOTAL,Total,BH,Bahrain,TOTAL,Total,PER,Person,EU27_2020,European Union - 27 countries (from 2020),2022,,253,,,,,
dataflow,ESTAT:MIGR_RESFIRST(1.0),"First permits by reason, length of validity and citizenship",A,Annual,TOTAL,Total,BH,Bahrain,TOTAL,Total,PER,Person,EU27_2020,European Union - 27 countries (from 2020),2023,,169,,,,,
dataflow,ESTAT:MIGR_RESFIRST(1.0),"First permits by reason, length of validity and citizenship",A,Annual,TOTAL,Total,BH,Bahrain,TOTAL,Total,PER,Person,EU28,European Union - 28 countries (2013-2020),2013,,1070,,,,,
dataflow,ESTAT:MIGR_RESFIRST(1.0),"First permits by reason, length of validity and citizenship",A,Annual,TOTAL,Total,BH,Bahrain,TOTAL,Total,PER,Person,EU28,European Union - 28 countries (2013-2020),2014,,1344,,,,,
dataflow,ESTAT:MIGR_RESFIRST(1.0),"First permits by reason, length of validity and citizenship",A,Annual,TOTAL,Total,BH,Bahrain,TOTAL,Total,PER,Person,EU28,European Union - 28 countries (2013-2020),2015,,1130,,,,,
dataflow,ESTAT:MIGR_RESFIRST(1.0),"First permits by reason, length of validity and citizenship",A,Annual,TOTAL,Total,BH,Bahrain,TOTAL,Total,PER,Person,EU28,European Union - 28 countries (2013-2020),2016,,1696,,,,,
dataflow,ESTAT:MIGR_RESFIRST(1.0),"First permits by reason, length of validity and citizenship",A,Annual,TOTAL,Total,BH,Bahrain,TOTAL,Total,PER,Person,EU28,European Union - 28 countries (2013-2020),2017,,1821,,,,,
dataflow,ESTAT:MIGR_RESFIRST(1.0),"First permits by reason, length of validity and citizenship",A,Annual,TOTAL,Total,BH,Bahrain,TOTAL,Total,PER,Person,EU28,European Union - 28 countries (2013-2020),2018,,1242,,,,,
dataflow,ESTAT:MIGR_RESFIRST(1.0),"First permits by reason, length of validity and citizenship",A,Annual,TOTAL,Total,BI,Burundi,TOTAL,Total,PER,Person,EU27_2020,European Union - 27 countries (from 2020),2013,,676,,,,,
dataflow,ESTAT:MIGR_RESFIRST(1.0),"First permits by reason, length of validity and citizenship",A,Annual,TOTAL,Total,BI,Burundi,TOTAL,Total,PER,Person,EU27_2020,European Union - 27 countries (from 2020),2014,,570,,,,,
dataflow,ESTAT:MIGR_RESFIRST(1.0),"First permits by reason, length of validity and citizenship",A,Annual,TOTAL,Total,BI,Burundi,TOTAL,Total,PER,Person,EU27_2020,European Union - 27 countries (from 2020),2015,,664,,,,,
dataflow,ESTAT:MIGR_RESFIRST(1.0),"First permits by reason, length of validity and citizenship",A,Annual,TOTAL,Total,BI,Burundi,TOTAL,Total,PER,Person,EU27_2020,European Union - 27 countries (from 2020),2016,,861,,,,,
dataflow,ESTAT:MIGR_RESFIRST(1.0),"First permits by reason, length of validity and citizenship",A,Annual,TOTAL,Total,BI,Burundi,TOTAL,Total,PER,Person,EU27_2020,European Union - 27 countries (from 2020),2017,,992,,,,,
dataflow,ESTAT:MIGR_RESFIRST(1.0),"First permits by reason, length of validity and citizenship",A,Annual,TOTAL,Total,BI,Burundi,TOTAL,Total,PER,Person,EU27_2020,European Union - 27 countries (from 2020),2018,,1167,,,,,
dataflow,ESTAT:MIGR_RESFIRST(1.0),"First permits by reason, length of validity and citizenship",A,Annual,TOTAL,Total,BI,Burundi,TOTAL,Total,PER,Person,EU27_2020,European Union - 27 countries (from 2020),2019,,1421,,,,,
dataflow,ESTAT:MIGR_RESFIRST(1.0),"First permits by reason, length of validity and citizenship",A,Annual,TOTAL,Total,BI,Burundi,TOTAL,Total,PER,Person,EU27_2020,European Union - 27 countries (from 2020),2020,,1301,,,,,
dataflow,ESTAT:MIGR_RESFIRST(1.0),"First permits by reason, length of validity and citizenship",A,Annual,TOTAL,Total,BI,Burundi,TOTAL,Total,PER,Person,EU27_2020,European Union - 27 countries (from 2020),2021,,1818,,,,,
dataflow,ESTAT:MIGR_RESFIRST(1.0),"First permits by reason, length of validity and citizenship",A,Annual,TOTAL,Total,BI,Burundi,TOTAL,Total,PER,Person,EU27_2020,European Union - 27 countries (from 2020),2022,,1561,,,,,
dataflow,ESTAT:MIGR_RESFIRST(1.0),"First permits by reason, length of validity and citizenship",A,Annual,TOTAL,Total,BI,Burundi,TOTAL,Total,PER,Person,EU27_2020,European Union - 27 countries (from 2020),2023,,2199,,,,,
dataflow,ESTAT:MIGR_RESFIRST(1.0),"First permits by reason, length of validity and citizenship",A,Annual,TOTAL,Total,BI,Burundi,TOTAL,Total,PER,Person,EU28,European Union - 28 countries (2013-2020),2013,,703,,,,,
dataflow,ESTAT:MIGR_RESFIRST(1.0),"First permits by reason, length of validity and citizenship",A,Annual,TOTAL,Total,BI,Burundi,TOTAL,Total,PER,Person,EU28,European Union - 28 countries (2013-2020),2014,,602,,,,,
dataflow,ESTAT:MIGR_RESFIRST(1.0),"First permits by reason, length of validity and citizenship",A,Annual,TOTAL,Total,BI,Burundi,TOTAL,Total,PER,Person,EU28,European Union - 28 countries (2013-2020),2015,,701,,,,,
dataflow,ESTAT:MIGR_RESFIRST(1.0),"First permits by reason, length of validity and citizenship",A,Annual,TOTAL,Total,BI,Burundi,TOTAL,Total,PER,Person,EU28,European Union - 28 countries (2013-2020),2016,,892,,,,,
dataflow,ESTAT:MIGR_RESFIRST(1.0),"First permits by reason, length of validity and citizenship",A,Annual,TOTAL,Total,BI,Burundi,TOTAL,Total,PER,Person,EU28,European Union - 28 countries (2013-2020),2017,,1020,,,,,
dataflow,ESTAT:MIGR_RESFIRST(1.0),"First permits by reason, length of validity and citizenship",A,Annual,TOTAL,Total,BI,Burundi,TOTAL,Total,PER,Person,EU28,European Union - 28 countries (2013-2020),2018,,1192,,,,,
dataflow,ESTAT:MIGR_RESFIRST(1.0),"First permits by reason, length of validity and citizenship",A,Annual,TOTAL,Total,BJ,Benin,TOTAL,Total,PER,Person,EU27_2020,European Union - 27 countries (from 2020),2013,,1603,,,,,
dataflow,ESTAT:MIGR_RESFIRST(1.0),"First permits by reason, length of validity and citizenship",A,Annual,TOTAL,Total,BJ,Benin,TOTAL,Total,PER,Person,EU27_2020,European Union - 27 countries (from 2020),2014,,1757,,,,,
dataflow,ESTAT:MIGR_RESFIRST(1.0),"First permits by reason, length of validity and citizenship",A,Annual,TOTAL,Total,BJ,Benin,TOTAL,Total,PER,Person,EU27_2020,European Union - 27 countries (from 2020),2015,,1940,,,,,
dataflow,ESTAT:MIGR_RESFIRST(1.0),"First permits by reason, length of validity and citizenship",A,Annual,TOTAL,Total,BJ,Benin,TOTAL,Total,PER,Person,EU27_2020,European Union - 27 countries (from 2020),2016,,2044,,,,,
dataflow,ESTAT:MIGR_RESFIRST(1.0),"First permits by reason, length of validity and citizenship",A,Annual,TOTAL,Total,BJ,Benin,TOTAL,Total,PER,Person,EU27_2020,European Union - 27 countries (from 2020),2017,,2177,,,,,
dataflow,ESTAT:MIGR_RESFIRST(1.0),"First permits by reason, length of validity and citizenship",A,Annual,TOTAL,Total,BJ,Benin,TOTAL,Total,PER,Person,EU27_2020,European Union - 27 countries (from 2020),2018,,2493,,,,,
dataflow,ESTAT:MIGR_RESFIRST(1.0),"First permits by reason, length of validity and citizenship",A,Annual,TOTAL,Total,BJ,Benin,TOTAL,Total,PER,Person,EU27_2020,European Union - 27 countries (from 2020),2019,,2772,,,,,
dataflow,ESTAT:MIGR_RESFIRST(1.0),"First permits by reason, length of validity and citizenship",A,Annual,TOTAL,Total,BJ,Benin,TOTAL,Total,PER,Person,EU27_2020,European Union - 27 countries (from 2020),2020,,2612,,,,,
dataflow,ESTAT:MIGR_RESFIRST(1.0),"First permits by reason, length of validity and citizenship",A,Annual,TOTAL,Total,BJ,Benin,TOTAL,Total,PER,Person,EU27_2020,European Union - 27 countries (from 2020),2021,,3549,,,,,
dataflow,ESTAT:MIGR_RESFIRST(1.0),"First permits by reason, length of validity and citizenship",A,Annual,TOTAL,Total,BJ,Benin,TOTAL,Total,PER,Person,EU27_2020,European Union - 27 countries (from 2020),2022,,4094,,,,,
dataflow,ESTAT:MIGR_RESFIRST(1.0),"First permits by reason, length of validity and citizenship",A,Annual,TOTAL,Total,BJ,Benin,TOTAL,Total,PER,Person,EU27_2020,European Union - 27 countries (from 2020),2023,,5713,,,,,
dataflow,ESTAT:MIGR_RESFIRST(1.0),"First permits by reason, length of validity and citizenship",A,Annual,TOTAL,Total,BJ,Benin,TOTAL,Total,PER,Person,EU28,European Union - 28 countries (2013-2020),2013,,1665,,,,,
dataflow,ESTAT:MIGR_RESFIRST(1.0),"First permits by reason, length of validity and citizenship",A,Annual,TOTAL,Total,BJ,Benin,TOTAL,Total,PER,Person,EU28,European Union - 28 countries (2013-2020),2014,,1791,,,,,
dataflow,ESTAT:MIGR_RESFIRST(1.0),"First permits by reason, length of validity and citizenship",A,Annual,TOTAL,Total,BJ,Benin,TOTAL,Total,PER,Person,EU28,European Union - 28 countries (2013-2020),2015,,1980,,,,,
dataflow,ESTAT:MIGR_RESFIRST(1.0),"First permits by reason, length of validity and citizenship",A,Annual,TOTAL,Total,BJ,Benin,TOTAL,Total,PER,Person,EU28,European Union - 28 countries (2013-2020),2016,,2079,,,,,
dataflow,ESTAT:MIGR_RESFIRST(1.0),"First permits by reason, length of validity and citizenship",A,Annual,TOTAL,Total,BJ,Benin,TOTAL,Total,PER,Person,EU28,European Union - 28 countries (2013-2020),2017,,2224,,,,,
dataflow,ESTAT:MIGR_RESFIRST(1.0),"First permits by reason, length of validity and citizenship",A,Annual,TOTAL,Total,BJ,Benin,TOTAL,Total,PER,Person,EU28,European Union - 28 countries (2013-2020),2018,,2535,,,,,
dataflow,ESTAT:MIGR_RESFIRST(1.0),"First permits by reason, length of validity and citizenship",A,Annual,TOTAL,Total,BN,Brunei Darussalam,TOTAL,Total,PER,Person,EU27_2020,European Union - 27 countries (from 2020),2013,,46,,,,,
dataflow,ESTAT:MIGR_RESFIRST(1.0),"First permits by reason, length of validity and citizenship",A,Annual,TOTAL,Total,BN,Brunei Darussalam,TOTAL,Total,PER,Person,EU27_2020,European Union - 27 countries (from 2020),2014,,53,,,,,
dataflow,ESTAT:MIGR_RESFIRST(1.0),"First permits by reason, length of validity and citizenship",A,Annual,TOTAL,Total,BN,Brunei Darussalam,TOTAL,Total,PER,Person,EU27_2020,European Union - 27 countries (from 2020),2015,,51,,,,,
dataflow,ESTAT:MIGR_RESFIRST(1.0),"First permits by reason, length of validity and citizenship",A,Annual,TOTAL,Total,BN,Brunei Darussalam,TOTAL,Total,PER,Person,EU27_2020,European Union - 27 countries (from 2020),2016,,21,,,,,
dataflow,ESTAT:MIGR_RESFIRST(1.0),"First permits by reason, length of validity and citizenship",A,Annual,TOTAL,Total,BN,Brunei Darussalam,TOTAL,Total,PER,Person,EU27_2020,European Union - 27 countries (from 2020),2017,,20,,,,,
dataflow,ESTAT:MIGR_RESFIRST(1.0),"First permits by reason, length of validity and citizenship",A,Annual,TOTAL,Total,BN,Brunei Darussalam,TOTAL,Total,PER,Person,EU27_2020,European Union - 27 countries (from 2020),2018,,35,,,,,
dataflow,ESTAT:MIGR_RESFIRST(1.0),"First permits by reason, length of validity and citizenship",A,Annual,TOTAL,Total,BN,Brunei Darussalam,TOTAL,Total,PER,Person,EU27_2020,European Union - 27 countries (from 2020),2019,,44,,,,,
dataflow,ESTAT:MIGR_RESFIRST(1.0),"First permits by reason, length of validity and citizenship",A,Annual,TOTAL,Total,BN,Brunei Darussalam,TOTAL,Total,PER,Person,EU27_2020,European Union - 27 countries (from 2020),2020,,35,,,,,
dataflow,ESTAT:MIGR_RESFIRST(1.0),"First permits by reason, length of validity and citizenship",A,Annual,TOTAL,Total,BN,Brunei Darussalam,TOTAL,Total,PER,Person,EU27_2020,European Union - 27 countries (from 2020),2021,,36,,,,,
dataflow,ESTAT:MIGR_RESFIRST(1.0),"First permits by reason, length of validity and citizenship",A,Annual,TOTAL,Total,BN,Brunei Darussalam,TOTAL,Total,PER,Person,EU27_2020,European Union - 27 countries (from 2020),2022,,44,,,,,
dataflow,ESTAT:MIGR_RESFIRST(1.0),"First permits by reason, length of validity and citizenship",A,Annual,TOTAL,Total,BN,Brunei Darussalam,TOTAL,Total,PER,Person,EU27_2020,European Union - 27 countries (from 2020),2023,,57,,,,,
dataflow,ESTAT:MIGR_RESFIRST(1.0),"First permits by reason, length of validity and citizenship",A,Annual,TOTAL,Total,BN,Brunei Darussalam,TOTAL,Total,PER,Person,EU28,European Union - 28 countries (2013-2020),2013,,1049,,,,,
dataflow,ESTAT:MIGR_RESFIRST(1.0),"First permits by reason, length of validity and citizenship",A,Annual,TOTAL,Total,BN,Brunei Darussalam,TOTAL,Total,PER,Person,EU28,European Union - 28 countries (2013-2020),2014,,1149,,,,,
dataflow,ESTAT:MIGR_RESFIRST(1.0),"First permits by reason, length of validity and citizenship",A,Annual,TOTAL,Total,BN,Brunei Darussalam,TOTAL,Total,PER,Person,EU28,European Union - 28 countries (2013-2020),2015,,828,,,,,
dataflow,ESTAT:MIGR_RESFIRST(1.0),"First permits by reason, length of validity and citizenship",A,Annual,TOTAL,Total,BN,Brunei Darussalam,TOTAL,Total,PER,Person,EU28,European Union - 28 countries (2013-2020),2016,,530,,,,,
dataflow,ESTAT:MIGR_RESFIRST(1.0),"First permits by reason, length of validity and citizenship",A,Annual,TOTAL,Total,BN,Brunei Darussalam,TOTAL,Total,PER,Person,EU28,European Union - 28 countries (2013-2020),2017,,517,,,,,
dataflow,ESTAT:MIGR_RESFIRST(1.0),"First permits by reason, length of validity and citizenship",A,Annual,TOTAL,Total,BN,Brunei Darussalam,TOTAL,Total,PER,Person,EU28,European Union - 28 countries (2013-2020),2018,,363,,,,,
dataflow,ESTAT:MIGR_RESFIRST(1.0),"First permits by reason, length of validity and citizenship",A,Annual,TOTAL,Total,BO,Bolivia,TOTAL,Total,PER,Person,EU27_2020,European Union - 27 countries (from 2020),2013,,11453,,,,,
dataflow,ESTAT:MIGR_RESFIRST(1.0),"First permits by reason, length of validity and citizenship",A,Annual,TOTAL,Total,BO,Bolivia,TOTAL,Total,PER,Person,EU27_2020,European Union - 27 countries (from 2020),2014,,9704,,,,,
dataflow,ESTAT:MIGR_RESFIRST(1.0),"First permits by reason, length of validity and citizenship",A,Annual,TOTAL,Total,BO,Bolivia,TOTAL,Total,PER,Person,EU27_2020,European Union - 27 countries (from 2020),2015,,8746,,,,,
dataflow,ESTAT:MIGR_RESFIRST(1.0),"First permits by reason, length of validity and citizenship",A,Annual,TOTAL,Total,BO,Bolivia,TOTAL,Total,PER,Person,EU27_2020,European Union - 27 countries (from 2020),2016,,7735,,,,,
dataflow,ESTAT:MIGR_RESFIRST(1.0),"First permits by reason, length of validity and citizenship",A,Annual,TOTAL,Total,BO,Bolivia,TOTAL,Total,PER,Person,EU27_2020,European Union - 27 countries (from 2020),2017,,7474,,,,,
dataflow,ESTAT:MIGR_RESFIRST(1.0),"First permits by reason, length of validity and citizenship",A,Annual,TOTAL,Total,BO,Bolivia,TOTAL,Total,PER,Person,EU27_2020,European Union - 27 countries (from 2020),2018,,7030,,,,,
dataflow,ESTAT:MIGR_RESFIRST(1.0),"First permits by reason, length of validity and citizenship",A,Annual,TOTAL,Total,BO,Bolivia,TOTAL,Total,PER,Person,EU27_2020,European Union - 27 countries (from 2020),2019,,7026,,,,,
dataflow,ESTAT:MIGR_RESFIRST(1.0),"First permits by reason, length of validity and citizenship",A,Annual,TOTAL,Total,BO,Bolivia,TOTAL,Total,PER,Person,EU27_2020,European Union - 27 countries (from 2020),2020,,5787,,,,,
dataflow,ESTAT:MIGR_RESFIRST(1.0),"First permits by reason, length of validity and citizenship",A,Annual,TOTAL,Total,BO,Bolivia,TOTAL,Total,PER,Person,EU27_2020,European Union - 27 countries (from 2020),2021,,7141,,,,,
dataflow,ESTAT:MIGR_RESFIRST(1.0),"First permits by reason, length of validity and citizenship",A,Annual,TOTAL,Total,BO,Bolivia,TOTAL,Total,PER,Person,EU27_2020,European Union - 27 countries (from 2020),2022,,8757,,,,,
dataflow,ESTAT:MIGR_RESFIRST(1.0),"First permits by reason, length of validity and citizenship",A,Annual,TOTAL,Total,BO,Bolivia,TOTAL,Total,PER,Person,EU27_2020,European Union - 27 countries (from 2020),2023,,8725,,,,,
dataflow,ESTAT:MIGR_RESFIRST(1.0),"First permits by reason, length of validity and citizenship",A,Annual,TOTAL,Total,BO,Bolivia,TOTAL,Total,PER,Person,EU28,European Union - 28 countries (2013-2020),2013,,11698,,,,,
dataflow,ESTAT:MIGR_RESFIRST(1.0),"First permits by reason, length of validity and citizenship",A,Annual,TOTAL,Total,BO,Bolivia,TOTAL,Total,PER,Person,EU28,European Union - 28 countries (2013-2020),2014,,9934,,,,,
dataflow,ESTAT:MIGR_RESFIRST(1.0),"First permits by reason, length of validity and citizenship",A,Annual,TOTAL,Total,BO,Bolivia,TOTAL,Total,PER,Person,EU28,European Union - 28 countries (2013-2020),2015,,8950,,,,,
dataflow,ESTAT:MIGR_RESFIRST(1.0),"First permits by reason, length of validity and citizenship",A,Annual,TOTAL,Total,BO,Bolivia,TOTAL,Total,PER,Person,EU28,European Union - 28 countries (2013-2020),2016,,7968,,,,,
dataflow,ESTAT:MIGR_RESFIRST(1.0),"First permits by reason, length of validity and citizenship",A,Annual,TOTAL,Total,BO,Bolivia,TOTAL,Total,PER,Person,EU28,European Union - 28 countries (2013-2020),2017,,7699,,,,,
dataflow,ESTAT:MIGR_RESFIRST(1.0),"First permits by reason, length of validity and citizenship",A,Annual,TOTAL,Total,BO,Bolivia,TOTAL,Total,PER,Person,EU28,European Union - 28 countries (2013-2020),2018,,7260,,,,,
dataflow,ESTAT:MIGR_RESFIRST(1.0),"First permits by reason, length of validity and citizenship",A,Annual,TOTAL,Total,BR,Brazil,TOTAL,Total,PER,Person,EU27_2020,European Union - 27 countries (from 2020),2013,,45564,,,,,
dataflow,ESTAT:MIGR_RESFIRST(1.0),"First permits by reason, length of validity and citizenship",A,Annual,TOTAL,Total,BR,Brazil,TOTAL,Total,PER,Person,EU27_2020,European Union - 27 countries (from 2020),2014,,46658,,,,,
dataflow,ESTAT:MIGR_RESFIRST(1.0),"First permits by reason, length of validity and citizenship",A,Annual,TOTAL,Total,BR,Brazil,TOTAL,Total,PER,Person,EU27_2020,European Union - 27 countries (from 2020),2015,,46579,,,,,
dataflow,ESTAT:MIGR_RESFIRST(1.0),"First permits by reason, length of validity and citizenship",A,Annual,TOTAL,Total,BR,Brazil,TOTAL,Total,PER,Person,EU27_2020,European Union - 27 countries (from 2020),2016,,42354,,,,,
dataflow,ESTAT:MIGR_RESFIRST(1.0),"First permits by reason, length of validity and citizenship",A,Annual,TOTAL,Total,BR,Brazil,TOTAL,Total,PER,Person,EU27_2020,European Union - 27 countries (from 2020),2017,,55579,,,,,
dataflow,ESTAT:MIGR_RESFIRST(1.0),"First permits by reason, length of validity and citizenship",A,Annual,TOTAL,Total,BR,Brazil,TOTAL,Total,PER,Person,EU27_2020,European Union - 27 countries (from 2020),2018,,79073,,,,,
dataflow,ESTAT:MIGR_RESFIRST(1.0),"First permits by reason, length of validity and citizenship",A,Annual,TOTAL,Total,BR,Brazil,TOTAL,Total,PER,Person,EU27_2020,European Union - 27 countries (from 2020),2019,,101680,,,,,
dataflow,ESTAT:MIGR_RESFIRST(1.0),"First permits by reason, length of validity and citizenship",A,Annual,TOTAL,Total,BR,Brazil,TOTAL,Total,PER,Person,EU27_2020,European Union - 27 countries (from 2020),2020,,74535,,,,,
dataflow,ESTAT:MIGR_RESFIRST(1.0),"First permits by reason, length of validity and citizenship",A,Annual,TOTAL,Total,BR,Brazil,TOTAL,Total,PER,Person,EU27_2020,European Union - 27 countries (from 2020),2021,,74104,,,,,
dataflow,ESTAT:MIGR_RESFIRST(1.0),"First permits by reason, length of validity and citizenship",A,Annual,TOTAL,Total,BR,Brazil,TOTAL,Total,PER,Person,EU27_2020,European Union - 27 countries (from 2020),2022,,105711,,,,,
dataflow,ESTAT:MIGR_RESFIRST(1.0),"First permits by reason, length of validity and citizenship",A,Annual,TOTAL,Total,BR,Brazil,TOTAL,Total,PER,Person,EU27_2020,European Union - 27 countries (from 2020),2023,,92351,,,,,
dataflow,ESTAT:MIGR_RESFIRST(1.0),"First permits by reason, length of validity and citizenship",A,Annual,TOTAL,Total,BR,Brazil,TOTAL,Total,PER,Person,EU28,European Union - 28 countries (2013-2020),2013,,55039,,,,,
dataflow,ESTAT:MIGR_RESFIRST(1.0),"First permits by reason, length of validity and citizenship",A,Annual,TOTAL,Total,BR,Brazil,TOTAL,Total,PER,Person,EU28,European Union - 28 countries (2013-2020),2014,,57130,,,,,
dataflow,ESTAT:MIGR_RESFIRST(1.0),"First permits by reason, length of validity and citizenship",A,Annual,TOTAL,Total,BR,Brazil,TOTAL,Total,PER,Person,EU28,European Union - 28 countries (2013-2020),2015,,57098,,,,,
dataflow,ESTAT:MIGR_RESFIRST(1.0),"First permits by reason, length of validity and citizenship",A,Annual,TOTAL,Total,BR,Brazil,TOTAL,Total,PER,Person,EU28,European Union - 28 countries (2013-2020),2016,,50698,,,,,
dataflow,ESTAT:MIGR_RESFIRST(1.0),"First permits by reason, length of validity and citizenship",A,Annual,TOTAL,Total,BR,Brazil,TOTAL,Total,PER,Person,EU28,European Union - 28 countries (2013-2020),2017,,66293,,,,,
dataflow,ESTAT:MIGR_RESFIRST(1.0),"First permits by reason, length of validity and citizenship",A,Annual,TOTAL,Total,BR,Brazil,TOTAL,Total,PER,Person,EU28,European Union - 28 countries (2013-2020),2018,,88216,,,,,
dataflow,ESTAT:MIGR_RESFIRST(1.0),"First permits by reason, length of validity and citizenship",A,Annual,TOTAL,Total,BS,Bahamas,TOTAL,Total,PER,Person,EU27_2020,European Union - 27 countries (from 2020),2013,,30,,,,,
dataflow,ESTAT:MIGR_RESFIRST(1.0),"First permits by reason, length of validity and citizenship",A,Annual,TOTAL,Total,BS,Bahamas,TOTAL,Total,PER,Person,EU27_2020,European Union - 27 countries (from 2020),2014,,30,,,,,
dataflow,ESTAT:MIGR_RESFIRST(1.0),"First permits by reason, length of validity and citizenship",A,Annual,TOTAL,Total,BS,Bahamas,TOTAL,Total,PER,Person,EU27_2020,European Union - 27 countries (from 2020),2015,,35,,,,,
dataflow,ESTAT:MIGR_RESFIRST(1.0),"First permits by reason, length of validity and citizenship",A,Annual,TOTAL,Total,BS,Bahamas,TOTAL,Total,PER,Person,EU27_2020,European Union - 27 countries (from 2020),2016,,31,,,,,
dataflow,ESTAT:MIGR_RESFIRST(1.0),"First permits by reason, length of validity and citizenship",A,Annual,TOTAL,Total,BS,Bahamas,TOTAL,Total,PER,Person,EU27_2020,European Union - 27 countries (from 2020),2017,,45,,,,,
dataflow,ESTAT:MIGR_RESFIRST(1.0),"First permits by reason, length of validity and citizenship",A,Annual,TOTAL,Total,BS,Bahamas,TOTAL,Total,PER,Person,EU27_2020,European Union - 27 countries (from 2020),2018,,42,,,,,
dataflow,ESTAT:MIGR_RESFIRST(1.0),"First permits by reason, length of validity and citizenship",A,Annual,TOTAL,Total,BS,Bahamas,TOTAL,Total,PER,Person,EU27_2020,European Union - 27 countries (from 2020),2019,,63,,,,,
dataflow,ESTAT:MIGR_RESFIRST(1.0),"First permits by reason, length of validity and citizenship",A,Annual,TOTAL,Total,BS,Bahamas,TOTAL,Total,PER,Person,EU27_2020,European Union - 27 countries (from 2020),2020,,38,,,,,
dataflow,ESTAT:MIGR_RESFIRST(1.0),"First permits by reason, length of validity and citizenship",A,Annual,TOTAL,Total,BS,Bahamas,TOTAL,Total,PER,Person,EU27_2020,European Union - 27 countries (from 2020),2021,,50,,,,,
dataflow,ESTAT:MIGR_RESFIRST(1.0),"First permits by reason, length of validity and citizenship",A,Annual,TOTAL,Total,BS,Bahamas,TOTAL,Total,PER,Person,EU27_2020,European Union - 27 countries (from 2020),2022,,52,,,,,
dataflow,ESTAT:MIGR_RESFIRST(1.0),"First permits by reason, length of validity and citizenship",A,Annual,TOTAL,Total,BS,Bahamas,TOTAL,Total,PER,Person,EU27_2020,European Union - 27 countries (from 2020),2023,,48,,,,,
dataflow,ESTAT:MIGR_RESFIRST(1.0),"First permits by reason, length of validity and citizenship",A,Annual,TOTAL,Total,BS,Bahamas,TOTAL,Total,PER,Person,EU28,European Union - 28 countries (2013-2020),2013,,105,,,,,
dataflow,ESTAT:MIGR_RESFIRST(1.0),"First permits by reason, length of validity and citizenship",A,Annual,TOTAL,Total,BS,Bahamas,TOTAL,Total,PER,Person,EU28,European Union - 28 countries (2013-2020),2014,,100,,,,,
dataflow,ESTAT:MIGR_RESFIRST(1.0),"First permits by reason, length of validity and citizenship",A,Annual,TOTAL,Total,BS,Bahamas,TOTAL,Total,PER,Person,EU28,European Union - 28 countries (2013-2020),2015,,127,,,,,
dataflow,ESTAT:MIGR_RESFIRST(1.0),"First permits by reason, length of validity and citizenship",A,Annual,TOTAL,Total,BS,Bahamas,TOTAL,Total,PER,Person,EU28,European Union - 28 countries (2013-2020),2016,,120,,,,,
dataflow,ESTAT:MIGR_RESFIRST(1.0),"First permits by reason, length of validity and citizenship",A,Annual,TOTAL,Total,BS,Bahamas,TOTAL,Total,PER,Person,EU28,European Union - 28 countries (2013-2020),2017,,132,,,,,
dataflow,ESTAT:MIGR_RESFIRST(1.0),"First permits by reason, length of validity and citizenship",A,Annual,TOTAL,Total,BS,Bahamas,TOTAL,Total,PER,Person,EU28,European Union - 28 countries (2013-2020),2018,,105,,,,,
dataflow,ESTAT:MIGR_RESFIRST(1.0),"First permits by reason, length of validity and citizenship",A,Annual,TOTAL,Total,BT,Bhutan,TOTAL,Total,PER,Person,EU27_2020,European Union - 27 countries (from 2020),2013,,177,,,,,
dataflow,ESTAT:MIGR_RESFIRST(1.0),"First permits by reason, length of validity and citizenship",A,Annual,TOTAL,Total,BT,Bhutan,TOTAL,Total,PER,Person,EU27_2020,European Union - 27 countries (from 2020),2014,,95,,,,,
dataflow,ESTAT:MIGR_RESFIRST(1.0),"First permits by reason, length of validity and citizenship",A,Annual,TOTAL,Total,BT,Bhutan,TOTAL,Total,PER,Person,EU27_2020,European Union - 27 countries (from 2020),2015,,84,,,,,
dataflow,ESTAT:MIGR_RESFIRST(1.0),"First permits by reason, length of validity and citizenship",A,Annual,TOTAL,Total,BT,Bhutan,TOTAL,Total,PER,Person,EU27_2020,European Union - 27 countries (from 2020),2016,,97,,,,,
dataflow,ESTAT:MIGR_RESFIRST(1.0),"First permits by reason, length of validity and citizenship",A,Annual,TOTAL,Total,BT,Bhutan,TOTAL,Total,PER,Person,EU27_2020,European Union - 27 countries (from 2020),2017,,64,,,,,
dataflow,ESTAT:MIGR_RESFIRST(1.0),"First permits by reason, length of validity and citizenship",A,Annual,TOTAL,Total,BT,Bhutan,TOTAL,Total,PER,Person,EU27_2020,European Union - 27 countries (from 2020),2018,,86,,,,,
dataflow,ESTAT:MIGR_RESFIRST(1.0),"First permits by reason, length of validity and citizenship",A,Annual,TOTAL,Total,BT,Bhutan,TOTAL,Total,PER,Person,EU27_2020,European Union - 27 countries (from 2020),2019,,104,,,,,
dataflow,ESTAT:MIGR_RESFIRST(1.0),"First permits by reason, length of validity and citizenship",A,Annual,TOTAL,Total,BT,Bhutan,TOTAL,Total,PER,Person,EU27_2020,European Union - 27 countries (from 2020),2020,,47,,,,,
dataflow,ESTAT:MIGR_RESFIRST(1.0),"First permits by reason, length of validity and citizenship",A,Annual,TOTAL,Total,BT,Bhutan,TOTAL,Total,PER,Person,EU27_2020,European Union - 27 countries (from 2020),2021,,70,,,,,
dataflow,ESTAT:MIGR_RESFIRST(1.0),"First permits by reason, length of validity and citizenship",A,Annual,TOTAL,Total,BT,Bhutan,TOTAL,Total,PER,Person,EU27_2020,European Union - 27 countries (from 2020),2022,,106,,,,,
dataflow,ESTAT:MIGR_RESFIRST(1.0),"First permits by reason, length of validity and citizenship",A,Annual,TOTAL,Total,BT,Bhutan,TOTAL,Total,PER,Person,EU27_2020,European Union - 27 countries (from 2020),2023,,82,,,,,
dataflow,ESTAT:MIGR_RESFIRST(1.0),"First permits by reason, length of validity and citizenship",A,Annual,TOTAL,Total,BT,Bhutan,TOTAL,Total,PER,Person,EU28,European Union - 28 countries (2013-2020),2013,,318,,,,,
dataflow,ESTAT:MIGR_RESFIRST(1.0),"First permits by reason, length of validity and citizenship",A,Annual,TOTAL,Total,BT,Bhutan,TOTAL,Total,PER,Person,EU28,European Union - 28 countries (2013-2020),2014,,115,,,,,
dataflow,ESTAT:MIGR_RESFIRST(1.0),"First permits by reason, length of validity and citizenship",A,Annual,TOTAL,Total,BT,Bhutan,TOTAL,Total,PER,Person,EU28,European Union - 28 countries (2013-2020),2015,,108,,,,,
dataflow,ESTAT:MIGR_RESFIRST(1.0),"First permits by reason, length of validity and citizenship",A,Annual,TOTAL,Total,BT,Bhutan,TOTAL,Total,PER,Person,EU28,European Union - 28 countries (2013-2020),2016,,116,,,,,
dataflow,ESTAT:MIGR_RESFIRST(1.0),"First permits by reason, length of validity and citizenship",A,Annual,TOTAL,Total,BT,Bhutan,TOTAL,Total,PER,Person,EU28,European Union - 28 countries (2013-2020),2017,,87,,,,,
dataflow,ESTAT:MIGR_RESFIRST(1.0),"First permits by reason, length of validity and citizenship",A,Annual,TOTAL,Total,BT,Bhutan,TOTAL,Total,PER,Person,EU28,European Union - 28 countries (2013-2020),2018,,110,,,,,
dataflow,ESTAT:MIGR_RESFIRST(1.0),"First permits by reason, length of validity and citizenship",A,Annual,TOTAL,Total,BW,Botswana,TOTAL,Total,PER,Person,EU27_2020,European Union - 27 countries (from 2020),2013,,114,,,,,
dataflow,ESTAT:MIGR_RESFIRST(1.0),"First permits by reason, length of validity and citizenship",A,Annual,TOTAL,Total,BW,Botswana,TOTAL,Total,PER,Person,EU27_2020,European Union - 27 countries (from 2020),2014,,162,,,,,
dataflow,ESTAT:MIGR_RESFIRST(1.0),"First permits by reason, length of validity and citizenship",A,Annual,TOTAL,Total,BW,Botswana,TOTAL,Total,PER,Person,EU27_2020,European Union - 27 countries (from 2020),2015,,77,,,,,
dataflow,ESTAT:MIGR_RESFIRST(1.0),"First permits by reason, length of validity and citizenship",A,Annual,TOTAL,Total,BW,Botswana,TOTAL,Total,PER,Person,EU27_2020,European Union - 27 countries (from 2020),2016,,111,,,,,
dataflow,ESTAT:MIGR_RESFIRST(1.0),"First permits by reason, length of validity and citizenship",A,Annual,TOTAL,Total,BW,Botswana,TOTAL,Total,PER,Person,EU27_2020,European Union - 27 countries (from 2020),2017,,123,,,,,
dataflow,ESTAT:MIGR_RESFIRST(1.0),"First permits by reason, length of validity and citizenship",A,Annual,TOTAL,Total,BW,Botswana,TOTAL,Total,PER,Person,EU27_2020,European Union - 27 countries (from 2020),2018,,134,,,,,
dataflow,ESTAT:MIGR_RESFIRST(1.0),"First permits by reason, length of validity and citizenship",A,Annual,TOTAL,Total,BW,Botswana,TOTAL,Total,PER,Person,EU27_2020,European Union - 27 countries (from 2020),2019,,151,,,,,
dataflow,ESTAT:MIGR_RESFIRST(1.0),"First permits by reason, length of validity and citizenship",A,Annual,TOTAL,Total,BW,Botswana,TOTAL,Total,PER,Person,EU27_2020,European Union - 27 countries (from 2020),2020,,105,,,,,
dataflow,ESTAT:MIGR_RESFIRST(1.0),"First permits by reason, length of validity and citizenship",A,Annual,TOTAL,Total,BW,Botswana,TOTAL,Total,PER,Person,EU27_2020,European Union - 27 countries (from 2020),2021,,152,,,,,
dataflow,ESTAT:MIGR_RESFIRST(1.0),"First permits by reason, length of validity and citizenship",A,Annual,TOTAL,Total,BW,Botswana,TOTAL,Total,PER,Person,EU27_2020,European Union - 27 countries (from 2020),2022,,295,,,,,
dataflow,ESTAT:MIGR_RESFIRST(1.0),"First permits by reason, length of validity and citizenship",A,Annual,TOTAL,Total,BW,Botswana,TOTAL,Total,PER,Person,EU27_2020,European Union - 27 countries (from 2020),2023,,461,,,,,
dataflow,ESTAT:MIGR_RESFIRST(1.0),"First permits by reason, length of validity and citizenship",A,Annual,TOTAL,Total,BW,Botswana,TOTAL,Total,PER,Person,EU28,European Union - 28 countries (2013-2020),2013,,364,,,,,
dataflow,ESTAT:MIGR_RESFIRST(1.0),"First permits by reason, length of validity and citizenship",A,Annual,TOTAL,Total,BW,Botswana,TOTAL,Total,PER,Person,EU28,European Union - 28 countries (2013-2020),2014,,458,,,,,
dataflow,ESTAT:MIGR_RESFIRST(1.0),"First permits by reason, length of validity and citizenship",A,Annual,TOTAL,Total,BW,Botswana,TOTAL,Total,PER,Person,EU28,European Union - 28 countries (2013-2020),2015,,307,,,,,
dataflow,ESTAT:MIGR_RESFIRST(1.0),"First permits by reason, length of validity and citizenship",A,Annual,TOTAL,Total,BW,Botswana,TOTAL,Total,PER,Person,EU28,European Union - 28 countries (2013-2020),2016,,395,,,,,
dataflow,ESTAT:MIGR_RESFIRST(1.0),"First permits by reason, length of validity and citizenship",A,Annual,TOTAL,Total,BW,Botswana,TOTAL,Total,PER,Person,EU28,European Union - 28 countries (2013-2020),2017,,415,,,,,
dataflow,ESTAT:MIGR_RESFIRST(1.0),"First permits by reason, length of validity and citizenship",A,Annual,TOTAL,Total,BW,Botswana,TOTAL,Total,PER,Person,EU28,European Union - 28 countries (2013-2020),2018,,360,,,,,
dataflow,ESTAT:MIGR_RESFIRST(1.0),"First permits by reason, length of validity and citizenship",A,Annual,TOTAL,Total,BY,Belarus,TOTAL,Total,PER,Person,EU27_2020,European Union - 27 countries (from 2020),2013,,75714,,,,,
dataflow,ESTAT:MIGR_RESFIRST(1.0),"First permits by reason, length of validity and citizenship",A,Annual,TOTAL,Total,BY,Belarus,TOTAL,Total,PER,Person,EU27_2020,European Union - 27 countries (from 2020),2014,,79865,,,,,
dataflow,ESTAT:MIGR_RESFIRST(1.0),"First permits by reason, length of validity and citizenship",A,Annual,TOTAL,Total,BY,Belarus,TOTAL,Total,PER,Person,EU27_2020,European Union - 27 countries (from 2020),2015,,81441,,,,,
dataflow,ESTAT:MIGR_RESFIRST(1.0),"First permits by reason, length of validity and citizenship",A,Annual,TOTAL,Total,BY,Belarus,TOTAL,Total,PER,Person,EU27_2020,European Union - 27 countries (from 2020),2016,,34982,,,,,
dataflow,ESTAT:MIGR_RESFIRST(1.0),"First permits by reason, length of validity and citizenship",A,Annual,TOTAL,Total,BY,Belarus,TOTAL,Total,PER,Person,EU27_2020,European Union - 27 countries (from 2020),2017,,51448,,,,,
dataflow,ESTAT:MIGR_RESFIRST(1.0),"First permits by reason, length of validity and citizenship",A,Annual,TOTAL,Total,BY,Belarus,TOTAL,Total,PER,Person,EU27_2020,European Union - 27 countries (from 2020),2018,,63225,,,,,
dataflow,ESTAT:MIGR_RESFIRST(1.0),"First permits by reason, length of validity and citizenship",A,Annual,TOTAL,Total,BY,Belarus,TOTAL,Total,PER,Person,EU27_2020,European Union - 27 countries (from 2020),2019,,70221,,,,,
dataflow,ESTAT:MIGR_RESFIRST(1.0),"First permits by reason, length of validity and citizenship",A,Annual,TOTAL,Total,BY,Belarus,TOTAL,Total,PER,Person,EU27_2020,European Union - 27 countries (from 2020),2020,,63924,,,,,
dataflow,ESTAT:MIGR_RESFIRST(1.0),"First permits by reason, length of validity and citizenship",A,Annual,TOTAL,Total,BY,Belarus,TOTAL,Total,PER,Person,EU27_2020,European Union - 27 countries (from 2020),2021,,150043,,,,,
dataflow,ESTAT:MIGR_RESFIRST(1.0),"First permits by reason, length of validity and citizenship",A,Annual,TOTAL,Total,BY,Belarus,TOTAL,Total,PER,Person,EU27_2020,European Union - 27 countries (from 2020),2022,,311564,,,,,
dataflow,ESTAT:MIGR_RESFIRST(1.0),"First permits by reason, length of validity and citizenship",A,Annual,TOTAL,Total,BY,Belarus,TOTAL,Total,PER,Person,EU27_2020,European Union - 27 countries (from 2020),2023,,281502,,,,,
dataflow,ESTAT:MIGR_RESFIRST(1.0),"First permits by reason, length of validity and citizenship",A,Annual,TOTAL,Total,BY,Belarus,TOTAL,Total,PER,Person,EU28,European Union - 28 countries (2013-2020),2013,,76793,,,,,
dataflow,ESTAT:MIGR_RESFIRST(1.0),"First permits by reason, length of validity and citizenship",A,Annual,TOTAL,Total,BY,Belarus,TOTAL,Total,PER,Person,EU28,European Union - 28 countries (2013-2020),2014,,80478,,,,,
dataflow,ESTAT:MIGR_RESFIRST(1.0),"First permits by reason, length of validity and citizenship",A,Annual,TOTAL,Total,BY,Belarus,TOTAL,Total,PER,Person,EU28,European Union - 28 countries (2013-2020),2015,,82040,,,,,
dataflow,ESTAT:MIGR_RESFIRST(1.0),"First permits by reason, length of validity and citizenship",A,Annual,TOTAL,Total,BY,Belarus,TOTAL,Total,PER,Person,EU28,European Union - 28 countries (2013-2020),2016,,35532,,,,,
dataflow,ESTAT:MIGR_RESFIRST(1.0),"First permits by reason, length of validity and citizenship",A,Annual,TOTAL,Total,BY,Belarus,TOTAL,Total,PER,Person,EU28,European Union - 28 countries (2013-2020),2017,,52083,,,,,
dataflow,ESTAT:MIGR_RESFIRST(1.0),"First permits by reason, length of validity and citizenship",A,Annual,TOTAL,Total,BY,Belarus,TOTAL,Total,PER,Person,EU28,European Union - 28 countries (2013-2020),2018,,63693,,,,,
dataflow,ESTAT:MIGR_RESFIRST(1.0),"First permits by reason, length of validity and citizenship",A,Annual,TOTAL,Total,BZ,Belize,TOTAL,Total,PER,Person,EU27_2020,European Union - 27 countries (from 2020),2013,,32,,,,,
dataflow,ESTAT:MIGR_RESFIRST(1.0),"First permits by reason, length of validity and citizenship",A,Annual,TOTAL,Total,BZ,Belize,TOTAL,Total,PER,Person,EU27_2020,European Union - 27 countries (from 2020),2014,,30,,,,,
dataflow,ESTAT:MIGR_RESFIRST(1.0),"First permits by reason, length of validity and citizenship",A,Annual,TOTAL,Total,BZ,Belize,TOTAL,Total,PER,Person,EU27_2020,European Union - 27 countries (from 2020),2015,,17,,,,,
dataflow,ESTAT:MIGR_RESFIRST(1.0),"First permits by reason, length of validity and citizenship",A,Annual,TOTAL,Total,BZ,Belize,TOTAL,Total,PER,Person,EU27_2020,European Union - 27 countries (from 2020),2016,,28,,,,,
dataflow,ESTAT:MIGR_RESFIRST(1.0),"First permits by reason, length of validity and citizenship",A,Annual,TOTAL,Total,BZ,Belize,TOTAL,Total,PER,Person,EU27_2020,European Union - 27 countries (from 2020),2017,,28,,,,,
dataflow,ESTAT:MIGR_RESFIRST(1.0),"First permits by reason, length of validity and citizenship",A,Annual,TOTAL,Total,BZ,Belize,TOTAL,Total,PER,Person,EU27_2020,European Union - 27 countries (from 2020),2018,,21,,,,,
dataflow,ESTAT:MIGR_RESFIRST(1.0),"First permits by reason, length of validity and citizenship",A,Annual,TOTAL,Total,BZ,Belize,TOTAL,Total,PER,Person,EU27_2020,European Union - 27 countries (from 2020),2019,,36,,,,,
dataflow,ESTAT:MIGR_RESFIRST(1.0),"First permits by reason, length of validity and citizenship",A,Annual,TOTAL,Total,BZ,Belize,TOTAL,Total,PER,Person,EU27_2020,European Union - 27 countries (from 2020),2020,,21,,,,,
dataflow,ESTAT:MIGR_RESFIRST(1.0),"First permits by reason, length of validity and citizenship",A,Annual,TOTAL,Total,BZ,Belize,TOTAL,Total,PER,Person,EU27_2020,European Union - 27 countries (from 2020),2021,,41,,,,,
dataflow,ESTAT:MIGR_RESFIRST(1.0),"First permits by reason, length of validity and citizenship",A,Annual,TOTAL,Total,BZ,Belize,TOTAL,Total,PER,Person,EU27_2020,European Union - 27 countries (from 2020),2022,,29,,,,,
dataflow,ESTAT:MIGR_RESFIRST(1.0),"First permits by reason, length of validity and citizenship",A,Annual,TOTAL,Total,BZ,Belize,TOTAL,Total,PER,Person,EU27_2020,European Union - 27 countries (from 2020),2023,,50,,,,,
dataflow,ESTAT:MIGR_RESFIRST(1.0),"First permits by reason, length of validity and citizenship",A,Annual,TOTAL,Total,BZ,Belize,TOTAL,Total,PER,Person,EU28,European Union - 28 countries (2013-2020),2013,,90,,,,,
dataflow,ESTAT:MIGR_RESFIRST(1.0),"First permits by reason, length of validity and citizenship",A,Annual,TOTAL,Total,BZ,Belize,TOTAL,Total,PER,Person,EU28,European Union - 28 countries (2013-2020),2014,,82,,,,,
dataflow,ESTAT:MIGR_RESFIRST(1.0),"First permits by reason, length of validity and citizenship",A,Annual,TOTAL,Total,BZ,Belize,TOTAL,Total,PER,Person,EU28,European Union - 28 countries (2013-2020),2015,,89,,,,,
dataflow,ESTAT:MIGR_RESFIRST(1.0),"First permits by reason, length of validity and citizenship",A,Annual,TOTAL,Total,BZ,Belize,TOTAL,Total,PER,Person,EU28,European Union - 28 countries (2013-2020),2016,,95,,,,,
dataflow,ESTAT:MIGR_RESFIRST(1.0),"First permits by reason, length of validity and citizenship",A,Annual,TOTAL,Total,BZ,Belize,TOTAL,Total,PER,Person,EU28,European Union - 28 countries (2013-2020),2017,,125,,,,,
dataflow,ESTAT:MIGR_RESFIRST(1.0),"First permits by reason, length of validity and citizenship",A,Annual,TOTAL,Total,BZ,Belize,TOTAL,Total,PER,Person,EU28,European Union - 28 countries (2013-2020),2018,,46,,,,,
dataflow,ESTAT:MIGR_RESFIRST(1.0),"First permits by reason, length of validity and citizenship",A,Annual,TOTAL,Total,CA,Canada,TOTAL,Total,PER,Person,EU27_2020,European Union - 27 countries (from 2020),2013,,11255,,,,,
dataflow,ESTAT:MIGR_RESFIRST(1.0),"First permits by reason, length of validity and citizenship",A,Annual,TOTAL,Total,CA,Canada,TOTAL,Total,PER,Person,EU27_2020,European Union - 27 countries (from 2020),2014,,11631,,,,,
dataflow,ESTAT:MIGR_RESFIRST(1.0),"First permits by reason, length of validity and citizenship",A,Annual,TOTAL,Total,CA,Canada,TOTAL,Total,PER,Person,EU27_2020,European Union - 27 countries (from 2020),2015,,11772,,,,,
dataflow,ESTAT:MIGR_RESFIRST(1.0),"First permits by reason, length of validity and citizenship",A,Annual,TOTAL,Total,CA,Canada,TOTAL,Total,PER,Person,EU27_2020,European Union - 27 countries (from 2020),2016,,12974,,,,,
dataflow,ESTAT:MIGR_RESFIRST(1.0),"First permits by reason, length of validity and citizenship",A,Annual,TOTAL,Total,CA,Canada,TOTAL,Total,PER,Person,EU27_2020,European Union - 27 countries (from 2020),2017,,13087,,,,,
dataflow,ESTAT:MIGR_RESFIRST(1.0),"First permits by reason, length of validity and citizenship",A,Annual,TOTAL,Total,CA,Canada,TOTAL,Total,PER,Person,EU27_2020,European Union - 27 countries (from 2020),2018,,14064,,,,,
dataflow,ESTAT:MIGR_RESFIRST(1.0),"First permits by reason, length of validity and citizenship",A,Annual,TOTAL,Total,CA,Canada,TOTAL,Total,PER,Person,EU27_2020,European Union - 27 countries (from 2020),2019,,14011,,,,,
dataflow,ESTAT:MIGR_RESFIRST(1.0),"First permits by reason, length of validity and citizenship",A,Annual,TOTAL,Total,CA,Canada,TOTAL,Total,PER,Person,EU27_2020,European Union - 27 countries (from 2020),2020,,8795,,,,,
dataflow,ESTAT:MIGR_RESFIRST(1.0),"First permits by reason, length of validity and citizenship",A,Annual,TOTAL,Total,CA,Canada,TOTAL,Total,PER,Person,EU27_2020,European Union - 27 countries (from 2020),2021,,10604,,,,,
dataflow,ESTAT:MIGR_RESFIRST(1.0),"First permits by reason, length of validity and citizenship",A,Annual,TOTAL,Total,CA,Canada,TOTAL,Total,PER,Person,EU27_2020,European Union - 27 countries (from 2020),2022,,13891,,,,,
dataflow,ESTAT:MIGR_RESFIRST(1.0),"First permits by reason, length of validity and citizenship",A,Annual,TOTAL,Total,CA,Canada,TOTAL,Total,PER,Person,EU27_2020,European Union - 27 countries (from 2020),2023,,14511,,,,,
dataflow,ESTAT:MIGR_RESFIRST(1.0),"First permits by reason, length of validity and citizenship",A,Annual,TOTAL,Total,CA,Canada,TOTAL,Total,PER,Person,EU28,European Union - 28 countries (2013-2020),2013,,25596,,,,,
dataflow,ESTAT:MIGR_RESFIRST(1.0),"First permits by reason, length of validity and citizenship",A,Annual,TOTAL,Total,CA,Canada,TOTAL,Total,PER,Person,EU28,European Union - 28 countries (2013-2020),2014,,24264,,,,,
dataflow,ESTAT:MIGR_RESFIRST(1.0),"First permits by reason, length of validity and citizenship",A,Annual,TOTAL,Total,CA,Canada,TOTAL,Total,PER,Person,EU28,European Union - 28 countries (2013-2020),2015,,24612,,,,,
dataflow,ESTAT:MIGR_RESFIRST(1.0),"First permits by reason, length of validity and citizenship",A,Annual,TOTAL,Total,CA,Canada,TOTAL,Total,PER,Person,EU28,European Union - 28 countries (2013-2020),2016,,25117,,,,,
dataflow,ESTAT:MIGR_RESFIRST(1.0),"First permits by reason, length of validity and citizenship",A,Annual,TOTAL,Total,CA,Canada,TOTAL,Total,PER,Person,EU28,European Union - 28 countries (2013-2020),2017,,24663,,,,,
dataflow,ESTAT:MIGR_RESFIRST(1.0),"First permits by reason, length of validity and citizenship",A,Annual,TOTAL,Total,CA,Canada,TOTAL,Total,PER,Person,EU28,European Union - 28 countries (2013-2020),2018,,24255,,,,,
dataflow,ESTAT:MIGR_RESFIRST(1.0),"First permits by reason, length of validity and citizenship",A,Annual,TOTAL,Total,CD,Democratic Republic of the Congo,TOTAL,Total,PER,Person,EU27_2020,European Union - 27 countries (from 2020),2013,,8002,,,,,
dataflow,ESTAT:MIGR_RESFIRST(1.0),"First permits by reason, length of validity and citizenship",A,Annual,TOTAL,Total,CD,Democratic Republic of the Congo,TOTAL,Total,PER,Person,EU27_2020,European Union - 27 countries (from 2020),2014,,8111,,,,,
dataflow,ESTAT:MIGR_RESFIRST(1.0),"First permits by reason, length of validity and citizenship",A,Annual,TOTAL,Total,CD,Democratic Republic of the Congo,TOTAL,Total,PER,Person,EU27_2020,European Union - 27 countries (from 2020),2015,,8553,,,,,
dataflow,ESTAT:MIGR_RESFIRST(1.0),"First permits by reason, length of validity and citizenship",A,Annual,TOTAL,Total,CD,Democratic Republic of the Congo,TOTAL,Total,PER,Person,EU27_2020,European Union - 27 countries (from 2020),2016,,8583,,,,,
dataflow,ESTAT:MIGR_RESFIRST(1.0),"First permits by reason, length of validity and citizenship",A,Annual,TOTAL,Total,CD,Democratic Republic of the Congo,TOTAL,Total,PER,Person,EU27_2020,European Union - 27 countries (from 2020),2017,,9046,,,,,
dataflow,ESTAT:MIGR_RESFIRST(1.0),"First permits by reason, length of validity and citizenship",A,Annual,TOTAL,Total,CD,Democratic Republic of the Congo,TOTAL,Total,PER,Person,EU27_2020,European Union - 27 countries (from 2020),2018,,8286,,,,,
dataflow,ESTAT:MIGR_RESFIRST(1.0),"First permits by reason, length of validity and citizenship",A,Annual,TOTAL,Total,CD,Democratic Republic of the Congo,TOTAL,Total,PER,Person,EU27_2020,European Union - 27 countries (from 2020),2019,,8172,,,,,
dataflow,ESTAT:MIGR_RESFIRST(1.0),"First permits by reason, length of validity and citizenship",A,Annual,TOTAL,Total,CD,Democratic Republic of the Congo,TOTAL,Total,PER,Person,EU27_2020,European Union - 27 countries (from 2020),2020,,7165,,,,,
dataflow,ESTAT:MIGR_RESFIRST(1.0),"First permits by reason, length of validity and citizenship",A,Annual,TOTAL,Total,CD,Democratic Republic of the Congo,TOTAL,Total,PER,Person,EU27_2020,European Union - 27 countries (from 2020),2021,,10100,,,,,
dataflow,ESTAT:MIGR_RESFIRST(1.0),"First permits by reason, length of validity and citizenship",A,Annual,TOTAL,Total,CD,Democratic Republic of the Congo,TOTAL,Total,PER,Person,EU27_2020,European Union - 27 countries (from 2020),2022,,10417,,,,,
dataflow,ESTAT:MIGR_RESFIRST(1.0),"First permits by reason, length of validity and citizenship",A,Annual,TOTAL,Total,CD,Democratic Republic of the Congo,TOTAL,Total,PER,Person,EU27_2020,European Union - 27 countries (from 2020),2023,,9603,,,,,
dataflow,ESTAT:MIGR_RESFIRST(1.0),"First permits by reason, length of validity and citizenship",A,Annual,TOTAL,Total,CD,Democratic Republic of the Congo,TOTAL,Total,PER,Person,EU28,European Union - 28 countries (2013-2020),2013,,8362,,,,,
dataflow,ESTAT:MIGR_RESFIRST(1.0),"First permits by reason, length of validity and citizenship",A,Annual,TOTAL,Total,CD,Democratic Republic of the Congo,TOTAL,Total,PER,Person,EU28,European Union - 28 countries (2013-2020),2014,,8488,,,,,
dataflow,ESTAT:MIGR_RESFIRST(1.0),"First permits by reason, length of validity and citizenship",A,Annual,TOTAL,Total,CD,Democratic Republic of the Congo,TOTAL,Total,PER,Person,EU28,European Union - 28 countries (2013-2020),2015,,8811,,,,,
dataflow,ESTAT:MIGR_RESFIRST(1.0),"First permits by reason, length of validity and citizenship",A,Annual,TOTAL,Total,CD,Democratic Republic of the Congo,TOTAL,Total,PER,Person,EU28,European Union - 28 countries (2013-2020),2016,,9073,,,,,
dataflow,ESTAT:MIGR_RESFIRST(1.0),"First permits by reason, length of validity and citizenship",A,Annual,TOTAL,Total,CD,Democratic Republic of the Congo,TOTAL,Total,PER,Person,EU28,European Union - 28 countries (2013-2020),2017,,9199,,,,,
dataflow,ESTAT:MIGR_RESFIRST(1.0),"First permits by reason, length of validity and citizenship",A,Annual,TOTAL,Total,CD,Democratic Republic of the Congo,TOTAL,Total,PER,Person,EU28,European Union - 28 countries (2013-2020),2018,,8588,,,,,
dataflow,ESTAT:MIGR_RESFIRST(1.0),"First permits by reason, length of validity and citizenship",A,Annual,TOTAL,Total,CF,Central African Republic,TOTAL,Total,PER,Person,EU27_2020,European Union - 27 countries (from 2020),2013,,587,,,,,
dataflow,ESTAT:MIGR_RESFIRST(1.0),"First permits by reason, length of validity and citizenship",A,Annual,TOTAL,Total,CF,Central African Republic,TOTAL,Total,PER,Person,EU27_2020,European Union - 27 countries (from 2020),2014,,894,,,,,
dataflow,ESTAT:MIGR_RESFIRST(1.0),"First permits by reason, length of validity and citizenship",A,Annual,TOTAL,Total,CF,Central African Republic,TOTAL,Total,PER,Person,EU27_2020,European Union - 27 countries (from 2020),2015,,833,,,,,
dataflow,ESTAT:MIGR_RESFIRST(1.0),"First permits by reason, length of validity and citizenship",A,Annual,TOTAL,Total,CF,Central African Republic,TOTAL,Total,PER,Person,EU27_2020,European Union - 27 countries (from 2020),2016,,1261,,,,,
dataflow,ESTAT:MIGR_RESFIRST(1.0),"First permits by reason, length of validity and citizenship",A,Annual,TOTAL,Total,CF,Central African Republic,TOTAL,Total,PER,Person,EU27_2020,European Union - 27 countries (from 2020),2017,,1212,,,,,
dataflow,ESTAT:MIGR_RESFIRST(1.0),"First permits by reason, length of validity and citizenship",A,Annual,TOTAL,Total,CF,Central African Republic,TOTAL,Total,PER,Person,EU27_2020,European Union - 27 countries (from 2020),2018,,1128,,,,,
dataflow,ESTAT:MIGR_RESFIRST(1.0),"First permits by reason, length of validity and citizenship",A,Annual,TOTAL,Total,CF,Central African Republic,TOTAL,Total,PER,Person,EU27_2020,European Union - 27 countries (from 2020),2019,,1058,,,,,
dataflow,ESTAT:MIGR_RESFIRST(1.0),"First permits by reason, length of validity and citizenship",A,Annual,TOTAL,Total,CF,Central African Republic,TOTAL,Total,PER,Person,EU27_2020,European Union - 27 countries (from 2020),2020,,897,,,,,
dataflow,ESTAT:MIGR_RESFIRST(1.0),"First permits by reason, length of validity and citizenship",A,Annual,TOTAL,Total,CF,Central African Republic,TOTAL,Total,PER,Person,EU27_2020,European Union - 27 countries (from 2020),2021,,943,,,,,
dataflow,ESTAT:MIGR_RESFIRST(1.0),"First permits by reason, length of validity and citizenship",A,Annual,TOTAL,Total,CF,Central African Republic,TOTAL,Total,PER,Person,EU27_2020,European Union - 27 countries (from 2020),2022,,947,,,,,
dataflow,ESTAT:MIGR_RESFIRST(1.0),"First permits by reason, length of validity and citizenship",A,Annual,TOTAL,Total,CF,Central African Republic,TOTAL,Total,PER,Person,EU27_2020,European Union - 27 countries (from 2020),2023,,1147,,,,,
dataflow,ESTAT:MIGR_RESFIRST(1.0),"First permits by reason, length of validity and citizenship",A,Annual,TOTAL,Total,CF,Central African Republic,TOTAL,Total,PER,Person,EU28,European Union - 28 countries (2013-2020),2013,,594,,,,,
dataflow,ESTAT:MIGR_RESFIRST(1.0),"First permits by reason, length of validity and citizenship",A,Annual,TOTAL,Total,CF,Central African Republic,TOTAL,Total,PER,Person,EU28,European Union - 28 countries (2013-2020),2014,,904,,,,,
dataflow,ESTAT:MIGR_RESFIRST(1.0),"First permits by reason, length of validity and citizenship",A,Annual,TOTAL,Total,CF,Central African Republic,TOTAL,Total,PER,Person,EU28,European Union - 28 countries (2013-2020),2015,,849,,,,,
dataflow,ESTAT:MIGR_RESFIRST(1.0),"First permits by reason, length of validity and citizenship",A,Annual,TOTAL,Total,CF,Central African Republic,TOTAL,Total,PER,Person,EU28,European Union - 28 countries (2013-2020),2016,,1271,,,,,
dataflow,ESTAT:MIGR_RESFIRST(1.0),"First permits by reason, length of validity and citizenship",A,Annual,TOTAL,Total,CF,Central African Republic,TOTAL,Total,PER,Person,EU28,European Union - 28 countries (2013-2020),2017,,1222,,,,,
dataflow,ESTAT:MIGR_RESFIRST(1.0),"First permits by reason, length of validity and citizenship",A,Annual,TOTAL,Total,CF,Central African Republic,TOTAL,Total,PER,Person,EU28,European Union - 28 countries (2013-2020),2018,,1133,,,,,
dataflow,ESTAT:MIGR_RESFIRST(1.0),"First permits by reason, length of validity and citizenship",A,Annual,TOTAL,Total,CG,Congo,TOTAL,Total,PER,Person,EU27_2020,European Union - 27 countries (from 2020),2013,,3365,,,,,
dataflow,ESTAT:MIGR_RESFIRST(1.0),"First permits by reason, length of validity and citizenship",A,Annual,TOTAL,Total,CG,Congo,TOTAL,Total,PER,Person,EU27_2020,European Union - 27 countries (from 2020),2014,,3133,,,,,
dataflow,ESTAT:MIGR_RESFIRST(1.0),"First permits by reason, length of validity and citizenship",A,Annual,TOTAL,Total,CG,Congo,TOTAL,Total,PER,Person,EU27_2020,European Union - 27 countries (from 2020),2015,,3175,,,,,
dataflow,ESTAT:MIGR_RESFIRST(1.0),"First permits by reason, length of validity and citizenship",A,Annual,TOTAL,Total,CG,Congo,TOTAL,Total,PER,Person,EU27_2020,European Union - 27 countries (from 2020),2016,,3189,,,,,
dataflow,ESTAT:MIGR_RESFIRST(1.0),"First permits by reason, length of validity and citizenship",A,Annual,TOTAL,Total,CG,Congo,TOTAL,Total,PER,Person,EU27_2020,European Union - 27 countries (from 2020),2017,,3458,,,,,
dataflow,ESTAT:MIGR_RESFIRST(1.0),"First permits by reason, length of validity and citizenship",A,Annual,TOTAL,Total,CG,Congo,TOTAL,Total,PER,Person,EU27_2020,European Union - 27 countries (from 2020),2018,,3732,,,,,
dataflow,ESTAT:MIGR_RESFIRST(1.0),"First permits by reason, length of validity and citizenship",A,Annual,TOTAL,Total,CG,Congo,TOTAL,Total,PER,Person,EU27_2020,European Union - 27 countries (from 2020),2019,,3965,,,,,
dataflow,ESTAT:MIGR_RESFIRST(1.0),"First permits by reason, length of validity and citizenship",A,Annual,TOTAL,Total,CG,Congo,TOTAL,Total,PER,Person,EU27_2020,European Union - 27 countries (from 2020),2020,,3829,,,,,
dataflow,ESTAT:MIGR_RESFIRST(1.0),"First permits by reason, length of validity and citizenship",A,Annual,TOTAL,Total,CG,Congo,TOTAL,Total,PER,Person,EU27_2020,European Union - 27 countries (from 2020),2021,,5625,,,,,
dataflow,ESTAT:MIGR_RESFIRST(1.0),"First permits by reason, length of validity and citizenship",A,Annual,TOTAL,Total,CG,Congo,TOTAL,Total,PER,Person,EU27_2020,European Union - 27 countries (from 2020),2022,,5430,,,,,
dataflow,ESTAT:MIGR_RESFIRST(1.0),"First permits by reason, length of validity and citizenship",A,Annual,TOTAL,Total,CG,Congo,TOTAL,Total,PER,Person,EU27_2020,European Union - 27 countries (from 2020),2023,,5682,,,,,
dataflow,ESTAT:MIGR_RESFIRST(1.0),"First permits by reason, length of validity and citizenship",A,Annual,TOTAL,Total,CG,Congo,TOTAL,Total,PER,Person,EU28,European Union - 28 countries (2013-2020),2013,,3591,,,,,
dataflow,ESTAT:MIGR_RESFIRST(1.0),"First permits by reason, length of validity and citizenship",A,Annual,TOTAL,Total,CG,Congo,TOTAL,Total,PER,Person,EU28,European Union - 28 countries (2013-2020),2014,,3411,,,,,
dataflow,ESTAT:MIGR_RESFIRST(1.0),"First permits by reason, length of validity and citizenship",A,Annual,TOTAL,Total,CG,Congo,TOTAL,Total,PER,Person,EU28,European Union - 28 countries (2013-2020),2015,,3411,,,,,
dataflow,ESTAT:MIGR_RESFIRST(1.0),"First permits by reason, length of validity and citizenship",A,Annual,TOTAL,Total,CG,Congo,TOTAL,Total,PER,Person,EU28,European Union - 28 countries (2013-2020),2016,,3413,,,,,
dataflow,ESTAT:MIGR_RESFIRST(1.0),"First permits by reason, length of validity and citizenship",A,Annual,TOTAL,Total,CG,Congo,TOTAL,Total,PER,Person,EU28,European Union - 28 countries (2013-2020),2017,,3642,,,,,
dataflow,ESTAT:MIGR_RESFIRST(1.0),"First permits by reason, length of validity and citizenship",A,Annual,TOTAL,Total,CG,Congo,TOTAL,Total,PER,Person,EU28,European Union - 28 countries (2013-2020),2018,,3876,,,,,
dataflow,ESTAT:MIGR_RESFIRST(1.0),"First permits by reason, length of validity and citizenship",A,Annual,TOTAL,Total,CH,Switzerland,TOTAL,Total,PER,Person,EU27_2020,European Union - 27 countries (from 2020),2013,,2446,,,,,
dataflow,ESTAT:MIGR_RESFIRST(1.0),"First permits by reason, length of validity and citizenship",A,Annual,TOTAL,Total,CH,Switzerland,TOTAL,Total,PER,Person,EU27_2020,European Union - 27 countries (from 2020),2014,,3160,,,,,
dataflow,ESTAT:MIGR_RESFIRST(1.0),"First permits by reason, length of validity and citizenship",A,Annual,TOTAL,Total,CH,Switzerland,TOTAL,Total,PER,Person,EU27_2020,European Union - 27 countries (from 2020),2015,,2186,,,,,
dataflow,ESTAT:MIGR_RESFIRST(1.0),"First permits by reason, length of validity and citizenship",A,Annual,TOTAL,Total,CH,Switzerland,TOTAL,Total,PER,Person,EU27_2020,European Union - 27 countries (from 2020),2016,,3647,,,,,
dataflow,ESTAT:MIGR_RESFIRST(1.0),"First permits by reason, length of validity and citizenship",A,Annual,TOTAL,Total,CH,Switzerland,TOTAL,Total,PER,Person,EU27_2020,European Union - 27 countries (from 2020),2017,,3484,,,,,
dataflow,ESTAT:MIGR_RESFIRST(1.0),"First permits by reason, length of validity and citizenship",A,Annual,TOTAL,Total,CH,Switzerland,TOTAL,Total,PER,Person,EU27_2020,European Union - 27 countries (from 2020),2018,,4423,,,,,
dataflow,ESTAT:MIGR_RESFIRST(1.0),"First permits by reason, length of validity and citizenship",A,Annual,TOTAL,Total,CH,Switzerland,TOTAL,Total,PER,Person,EU27_2020,European Union - 27 countries (from 2020),2019,,4034,,,,,
dataflow,ESTAT:MIGR_RESFIRST(1.0),"First permits by reason, length of validity and citizenship",A,Annual,TOTAL,Total,CH,Switzerland,TOTAL,Total,PER,Person,EU27_2020,European Union - 27 countries (from 2020),2020,,3588,,,,,
dataflow,ESTAT:MIGR_RESFIRST(1.0),"First permits by reason, length of validity and citizenship",A,Annual,TOTAL,Total,CH,Switzerland,TOTAL,Total,PER,Person,EU27_2020,European Union - 27 countries (from 2020),2021,,3489,,,,,
dataflow,ESTAT:MIGR_RESFIRST(1.0),"First permits by reason, length of validity and citizenship",A,Annual,TOTAL,Total,CH,Switzerland,TOTAL,Total,PER,Person,EU27_2020,European Union - 27 countries (from 2020),2022,,3186,,,,,
dataflow,ESTAT:MIGR_RESFIRST(1.0),"First permits by reason, length of validity and citizenship",A,Annual,TOTAL,Total,CH,Switzerland,TOTAL,Total,PER,Person,EU27_2020,European Union - 27 countries (from 2020),2023,,3165,,,,,
dataflow,ESTAT:MIGR_RESFIRST(1.0),"First permits by reason, length of validity and citizenship",A,Annual,TOTAL,Total,CH,Switzerland,TOTAL,Total,PER,Person,EU28,European Union - 28 countries (2013-2020),2013,,2446,,,,,
dataflow,ESTAT:MIGR_RESFIRST(1.0),"First permits by reason, length of validity and citizenship",A,Annual,TOTAL,Total,CH,Switzerland,TOTAL,Total,PER,Person,EU28,European Union - 28 countries (2013-2020),2014,,3160,,,,,
dataflow,ESTAT:MIGR_RESFIRST(1.0),"First permits by reason, length of validity and citizenship",A,Annual,TOTAL,Total,CH,Switzerland,TOTAL,Total,PER,Person,EU28,European Union - 28 countries (2013-2020),2015,,2186,,,,,
dataflow,ESTAT:MIGR_RESFIRST(1.0),"First permits by reason, length of validity and citizenship",A,Annual,TOTAL,Total,CH,Switzerland,TOTAL,Total,PER,Person,EU28,European Union - 28 countries (2013-2020),2016,,3647,,,,,
dataflow,ESTAT:MIGR_RESFIRST(1.0),"First permits by reason, length of validity and citizenship",A,Annual,TOTAL,Total,CH,Switzerland,TOTAL,Total,PER,Person,EU28,European Union - 28 countries (2013-2020),2017,,3779,,,,,
dataflow,ESTAT:MIGR_RESFIRST(1.0),"First permits by reason, length of validity and citizenship",A,Annual,TOTAL,Total,CH,Switzerland,TOTAL,Total,PER,Person,EU28,European Union - 28 countries (2013-2020),2018,,4752,,,,,
dataflow,ESTAT:MIGR_RESFIRST(1.0),"First permits by reason, length of validity and citizenship",A,Annual,TOTAL,Total,CI,Côte d’Ivoire,TOTAL,Total,PER,Person,EU27_2020,European Union - 27 countries (from 2020),2013,,7003,,,,,
dataflow,ESTAT:MIGR_RESFIRST(1.0),"First permits by reason, length of validity and citizenship",A,Annual,TOTAL,Total,CI,Côte d’Ivoire,TOTAL,Total,PER,Person,EU27_2020,European Union - 27 countries (from 2020),2014,,7405,,,,,
dataflow,ESTAT:MIGR_RESFIRST(1.0),"First permits by reason, length of validity and citizenship",A,Annual,TOTAL,Total,CI,Côte d’Ivoire,TOTAL,Total,PER,Person,EU27_2020,European Union - 27 countries (from 2020),2015,,7286,,,,,
dataflow,ESTAT:MIGR_RESFIRST(1.0),"First permits by reason, length of validity and citizenship",A,Annual,TOTAL,Total,CI,Côte d’Ivoire,TOTAL,Total,PER,Person,EU27_2020,European Union - 27 countries (from 2020),2016,,12172,,,,,
dataflow,ESTAT:MIGR_RESFIRST(1.0),"First permits by reason, length of validity and citizenship",A,Annual,TOTAL,Total,CI,Côte d’Ivoire,TOTAL,Total,PER,Person,EU27_2020,European Union - 27 countries (from 2020),2017,,15124,,,,,
dataflow,ESTAT:MIGR_RESFIRST(1.0),"First permits by reason, length of validity and citizenship",A,Annual,TOTAL,Total,CI,Côte d’Ivoire,TOTAL,Total,PER,Person,EU27_2020,European Union - 27 countries (from 2020),2018,,12555,,,,,
dataflow,ESTAT:MIGR_RESFIRST(1.0),"First permits by reason, length of validity and citizenship",A,Annual,TOTAL,Total,CI,Côte d’Ivoire,TOTAL,Total,PER,Person,EU27_2020,European Union - 27 countries (from 2020),2019,,13228,,,,,
dataflow,ESTAT:MIGR_RESFIRST(1.0),"First permits by reason, length of validity and citizenship",A,Annual,TOTAL,Total,CI,Côte d’Ivoire,TOTAL,Total,PER,Person,EU27_2020,European Union - 27 countries (from 2020),2020,,12415,,,,,
dataflow,ESTAT:MIGR_RESFIRST(1.0),"First permits by reason, length of validity and citizenship",A,Annual,TOTAL,Total,CI,Côte d’Ivoire,TOTAL,Total,PER,Person,EU27_2020,European Union - 27 countries (from 2020),2021,,16294,,,,,
dataflow,ESTAT:MIGR_RESFIRST(1.0),"First permits by reason, length of validity and citizenship",A,Annual,TOTAL,Total,CI,Côte d’Ivoire,TOTAL,Total,PER,Person,EU27_2020,European Union - 27 countries (from 2020),2022,,16818,,,,,
dataflow,ESTAT:MIGR_RESFIRST(1.0),"First permits by reason, length of validity and citizenship",A,Annual,TOTAL,Total,CI,Côte d’Ivoire,TOTAL,Total,PER,Person,EU27_2020,European Union - 27 countries (from 2020),2023,,23511,,,,,
dataflow,ESTAT:MIGR_RESFIRST(1.0),"First permits by reason, length of validity and citizenship",A,Annual,TOTAL,Total,CI,Côte d’Ivoire,TOTAL,Total,PER,Person,EU28,European Union - 28 countries (2013-2020),2013,,7349,,,,,
dataflow,ESTAT:MIGR_RESFIRST(1.0),"First permits by reason, length of validity and citizenship",A,Annual,TOTAL,Total,CI,Côte d’Ivoire,TOTAL,Total,PER,Person,EU28,European Union - 28 countries (2013-2020),2014,,7762,,,,,
dataflow,ESTAT:MIGR_RESFIRST(1.0),"First permits by reason, length of validity and citizenship",A,Annual,TOTAL,Total,CI,Côte d’Ivoire,TOTAL,Total,PER,Person,EU28,European Union - 28 countries (2013-2020),2015,,7570,,,,,
dataflow,ESTAT:MIGR_RESFIRST(1.0),"First permits by reason, length of validity and citizenship",A,Annual,TOTAL,Total,CI,Côte d’Ivoire,TOTAL,Total,PER,Person,EU28,European Union - 28 countries (2013-2020),2016,,12376,,,,,
dataflow,ESTAT:MIGR_RESFIRST(1.0),"First permits by reason, length of validity and citizenship",A,Annual,TOTAL,Total,CI,Côte d’Ivoire,TOTAL,Total,PER,Person,EU28,European Union - 28 countries (2013-2020),2017,,15407,,,,,
dataflow,ESTAT:MIGR_RESFIRST(1.0),"First permits by reason, length of validity and citizenship",A,Annual,TOTAL,Total,CI,Côte d’Ivoire,TOTAL,Total,PER,Person,EU28,European Union - 28 countries (2013-2020),2018,,12744,,,,,
dataflow,ESTAT:MIGR_RESFIRST(1.0),"First permits by reason, length of validity and citizenship",A,Annual,TOTAL,Total,CK,Cook Islands,TOTAL,Total,PER,Person,EU27_2020,European Union - 27 countries (from 2020),2013,,0,,,,,
dataflow,ESTAT:MIGR_RESFIRST(1.0),"First permits by reason, length of validity and citizenship",A,Annual,TOTAL,Total,CK,Cook Islands,TOTAL,Total,PER,Person,EU27_2020,European Union - 27 countries (from 2020),2014,,4,,,,,
dataflow,ESTAT:MIGR_RESFIRST(1.0),"First permits by reason, length of validity and citizenship",A,Annual,TOTAL,Total,CK,Cook Islands,TOTAL,Total,PER,Person,EU27_2020,European Union - 27 countries (from 2020),2015,,2,,,,,
dataflow,ESTAT:MIGR_RESFIRST(1.0),"First permits by reason, length of validity and citizenship",A,Annual,TOTAL,Total,CK,Cook Islands,TOTAL,Total,PER,Person,EU27_2020,European Union - 27 countries (from 2020),2016,,0,,,,,
dataflow,ESTAT:MIGR_RESFIRST(1.0),"First permits by reason, length of validity and citizenship",A,Annual,TOTAL,Total,CK,Cook Islands,TOTAL,Total,PER,Person,EU27_2020,European Union - 27 countries (from 2020),2017,,0,,,,,
dataflow,ESTAT:MIGR_RESFIRST(1.0),"First permits by reason, length of validity and citizenship",A,Annual,TOTAL,Total,CK,Cook Islands,TOTAL,Total,PER,Person,EU27_2020,European Union - 27 countries (from 2020),2018,,0,,,,,
dataflow,ESTAT:MIGR_RESFIRST(1.0),"First permits by reason, length of validity and citizenship",A,Annual,TOTAL,Total,CK,Cook Islands,TOTAL,Total,PER,Person,EU27_2020,European Union - 27 countries (from 2020),2019,,0,,,,,
dataflow,ESTAT:MIGR_RESFIRST(1.0),"First permits by reason, length of validity and citizenship",A,Annual,TOTAL,Total,CK,Cook Islands,TOTAL,Total,PER,Person,EU27_2020,European Union - 27 countries (from 2020),2020,,0,,,,,
dataflow,ESTAT:MIGR_RESFIRST(1.0),"First permits by reason, length of validity and citizenship",A,Annual,TOTAL,Total,CK,Cook Islands,TOTAL,Total,PER,Person,EU27_2020,European Union - 27 countries (from 2020),2021,,28,,,,,
dataflow,ESTAT:MIGR_RESFIRST(1.0),"First permits by reason, length of validity and citizenship",A,Annual,TOTAL,Total,CK,Cook Islands,TOTAL,Total,PER,Person,EU27_2020,European Union - 27 countries (from 2020),2022,,0,,,,,
dataflow,ESTAT:MIGR_RESFIRST(1.0),"First permits by reason, length of validity and citizenship",A,Annual,TOTAL,Total,CK,Cook Islands,TOTAL,Total,PER,Person,EU27_2020,European Union - 27 countries (from 2020),2023,,0,,,,,
dataflow,ESTAT:MIGR_RESFIRST(1.0),"First permits by reason, length of validity and citizenship",A,Annual,TOTAL,Total,CK,Cook Islands,TOTAL,Total,PER,Person,EU28,European Union - 28 countries (2013-2020),2013,,0,,,,,
dataflow,ESTAT:MIGR_RESFIRST(1.0),"First permits by reason, length of validity and citizenship",A,Annual,TOTAL,Total,CK,Cook Islands,TOTAL,Total,PER,Person,EU28,European Union - 28 countries (2013-2020),2014,,4,,,,,
dataflow,ESTAT:MIGR_RESFIRST(1.0),"First permits by reason, length of validity and citizenship",A,Annual,TOTAL,Total,CK,Cook Islands,TOTAL,Total,PER,Person,EU28,European Union - 28 countries (2013-2020),2015,,2,,,,,
dataflow,ESTAT:MIGR_RESFIRST(1.0),"First permits by reason, length of validity and citizenship",A,Annual,TOTAL,Total,CK,Cook Islands,TOTAL,Total,PER,Person,EU28,European Union - 28 countries (2013-2020),2016,,0,,,,,
dataflow,ESTAT:MIGR_RESFIRST(1.0),"First permits by reason, length of validity and citizenship",A,Annual,TOTAL,Total,CK,Cook Islands,TOTAL,Total,PER,Person,EU28,European Union - 28 countries (2013-2020),2017,,0,,,,,
dataflow,ESTAT:MIGR_RESFIRST(1.0),"First permits by reason, length of validity and citizenship",A,Annual,TOTAL,Total,CK,Cook Islands,TOTAL,Total,PER,Person,EU28,European Union - 28 countries (2013-2020),2018,,0,,,,,
dataflow,ESTAT:MIGR_RESFIRST(1.0),"First permits by reason, length of validity and citizenship",A,Annual,TOTAL,Total,CL,Chile,TOTAL,Total,PER,Person,EU27_2020,European Union - 27 countries (from 2020),2013,,4865,,,,,
dataflow,ESTAT:MIGR_RESFIRST(1.0),"First permits by reason, length of validity and citizenship",A,Annual,TOTAL,Total,CL,Chile,TOTAL,Total,PER,Person,EU27_2020,European Union - 27 countries (from 2020),2014,,4772,,,,,
dataflow,ESTAT:MIGR_RESFIRST(1.0),"First permits by reason, length of validity and citizenship",A,Annual,TOTAL,Total,CL,Chile,TOTAL,Total,PER,Person,EU27_2020,European Union - 27 countries (from 2020),2015,,5195,,,,,
dataflow,ESTAT:MIGR_RESFIRST(1.0),"First permits by reason, length of validity and citizenship",A,Annual,TOTAL,Total,CL,Chile,TOTAL,Total,PER,Person,EU27_2020,European Union - 27 countries (from 2020),2016,,5751,,,,,
dataflow,ESTAT:MIGR_RESFIRST(1.0),"First permits by reason, length of validity and citizenship",A,Annual,TOTAL,Total,CL,Chile,TOTAL,Total,PER,Person,EU27_2020,European Union - 27 countries (from 2020),2017,,6907,,,,,
dataflow,ESTAT:MIGR_RESFIRST(1.0),"First permits by reason, length of validity and citizenship",A,Annual,TOTAL,Total,CL,Chile,TOTAL,Total,PER,Person,EU27_2020,European Union - 27 countries (from 2020),2018,,8096,,,,,
dataflow,ESTAT:MIGR_RESFIRST(1.0),"First permits by reason, length of validity and citizenship",A,Annual,TOTAL,Total,CL,Chile,TOTAL,Total,PER,Person,EU27_2020,European Union - 27 countries (from 2020),2019,,9132,,,,,
dataflow,ESTAT:MIGR_RESFIRST(1.0),"First permits by reason, length of validity and citizenship",A,Annual,TOTAL,Total,CL,Chile,TOTAL,Total,PER,Person,EU27_2020,European Union - 27 countries (from 2020),2020,,6533,,,,,
dataflow,ESTAT:MIGR_RESFIRST(1.0),"First permits by reason, length of validity and citizenship",A,Annual,TOTAL,Total,CL,Chile,TOTAL,Total,PER,Person,EU27_2020,European Union - 27 countries (from 2020),2021,,8597,,,,,
dataflow,ESTAT:MIGR_RESFIRST(1.0),"First permits by reason, length of validity and citizenship",A,Annual,TOTAL,Total,CL,Chile,TOTAL,Total,PER,Person,EU27_2020,European Union - 27 countries (from 2020),2022,,12865,,,,,
dataflow,ESTAT:MIGR_RESFIRST(1.0),"First permits by reason, length of validity and citizenship",A,Annual,TOTAL,Total,CL,Chile,TOTAL,Total,PER,Person,EU27_2020,European Union - 27 countries (from 2020),2023,,12738,,,,,
dataflow,ESTAT:MIGR_RESFIRST(1.0),"First permits by reason, length of validity and citizenship",A,Annual,TOTAL,Total,CL,Chile,TOTAL,Total,PER,Person,EU28,European Union - 28 countries (2013-2020),2013,,6362,,,,,
dataflow,ESTAT:MIGR_RESFIRST(1.0),"First permits by reason, length of validity and citizenship",A,Annual,TOTAL,Total,CL,Chile,TOTAL,Total,PER,Person,EU28,European Union - 28 countries (2013-2020),2014,,5806,,,,,
dataflow,ESTAT:MIGR_RESFIRST(1.0),"First permits by reason, length of validity and citizenship",A,Annual,TOTAL,Total,CL,Chile,TOTAL,Total,PER,Person,EU28,European Union - 28 countries (2013-2020),2015,,6642,,,,,
dataflow,ESTAT:MIGR_RESFIRST(1.0),"First permits by reason, length of validity and citizenship",A,Annual,TOTAL,Total,CL,Chile,TOTAL,Total,PER,Person,EU28,European Union - 28 countries (2013-2020),2016,,7075,,,,,
dataflow,ESTAT:MIGR_RESFIRST(1.0),"First permits by reason, length of validity and citizenship",A,Annual,TOTAL,Total,CL,Chile,TOTAL,Total,PER,Person,EU28,European Union - 28 countries (2013-2020),2017,,8151,,,,,
dataflow,ESTAT:MIGR_RESFIRST(1.0),"First permits by reason, length of validity and citizenship",A,Annual,TOTAL,Total,CL,Chile,TOTAL,Total,PER,Person,EU28,European Union - 28 countries (2013-2020),2018,,9053,,,,,
dataflow,ESTAT:MIGR_RESFIRST(1.0),"First permits by reason, length of validity and citizenship",A,Annual,TOTAL,Total,CM,Cameroon,TOTAL,Total,PER,Person,EU27_2020,European Union - 27 countries (from 2020),2013,,9814,,,,,
dataflow,ESTAT:MIGR_RESFIRST(1.0),"First permits by reason, length of validity and citizenship",A,Annual,TOTAL,Total,CM,Cameroon,TOTAL,Total,PER,Person,EU27_2020,European Union - 27 countries (from 2020),2014,,10165,,,,,
dataflow,ESTAT:MIGR_RESFIRST(1.0),"First permits by reason, length of validity and citizenship",A,Annual,TOTAL,Total,CM,Cameroon,TOTAL,Total,PER,Person,EU27_2020,European Union - 27 countries (from 2020),2015,,9532,,,,,
dataflow,ESTAT:MIGR_RESFIRST(1.0),"First permits by reason, length of validity and citizenship",A,Annual,TOTAL,Total,CM,Cameroon,TOTAL,Total,PER,Person,EU27_2020,European Union - 27 countries (from 2020),2016,,11061,,,,,
dataflow,ESTAT:MIGR_RESFIRST(1.0),"First permits by reason, length of validity and citizenship",A,Annual,TOTAL,Total,CM,Cameroon,TOTAL,Total,PER,Person,EU27_2020,European Union - 27 countries (from 2020),2017,,11983,,,,,
dataflow,ESTAT:MIGR_RESFIRST(1.0),"First permits by reason, length of validity and citizenship",A,Annual,TOTAL,Total,CM,Cameroon,TOTAL,Total,PER,Person,EU27_2020,European Union - 27 countries (from 2020),2018,,12347,,,,,
dataflow,ESTAT:MIGR_RESFIRST(1.0),"First permits by reason, length of validity and citizenship",A,Annual,TOTAL,Total,CM,Cameroon,TOTAL,Total,PER,Person,EU27_2020,European Union - 27 countries (from 2020),2019,,13628,,,,,
dataflow,ESTAT:MIGR_RESFIRST(1.0),"First permits by reason, length of validity and citizenship",A,Annual,TOTAL,Total,CM,Cameroon,TOTAL,Total,PER,Person,EU27_2020,European Union - 27 countries (from 2020),2020,,12016,,,,,
dataflow,ESTAT:MIGR_RESFIRST(1.0),"First permits by reason, length of validity and citizenship",A,Annual,TOTAL,Total,CM,Cameroon,TOTAL,Total,PER,Person,EU27_2020,European Union - 27 countries (from 2020),2021,,16711,,,,,
dataflow,ESTAT:MIGR_RESFIRST(1.0),"First permits by reason, length of validity and citizenship",A,Annual,TOTAL,Total,CM,Cameroon,TOTAL,Total,PER,Person,EU27_2020,European Union - 27 countries (from 2020),2022,,17698,,,,,
dataflow,ESTAT:MIGR_RESFIRST(1.0),"First permits by reason, length of validity and citizenship",A,Annual,TOTAL,Total,CM,Cameroon,TOTAL,Total,PER,Person,EU27_2020,European Union - 27 countries (from 2020),2023,,21656,,,,,
dataflow,ESTAT:MIGR_RESFIRST(1.0),"First permits by reason, length of validity and citizenship",A,Annual,TOTAL,Total,CM,Cameroon,TOTAL,Total,PER,Person,EU28,European Union - 28 countries (2013-2020),2013,,10810,,,,,
dataflow,ESTAT:MIGR_RESFIRST(1.0),"First permits by reason, length of validity and citizenship",A,Annual,TOTAL,Total,CM,Cameroon,TOTAL,Total,PER,Person,EU28,European Union - 28 countries (2013-2020),2014,,11102,,,,,
dataflow,ESTAT:MIGR_RESFIRST(1.0),"First permits by reason, length of validity and citizenship",A,Annual,TOTAL,Total,CM,Cameroon,TOTAL,Total,PER,Person,EU28,European Union - 28 countries (2013-2020),2015,,10259,,,,,
dataflow,ESTAT:MIGR_RESFIRST(1.0),"First permits by reason, length of validity and citizenship",A,Annual,TOTAL,Total,CM,Cameroon,TOTAL,Total,PER,Person,EU28,European Union - 28 countries (2013-2020),2016,,11707,,,,,
dataflow,ESTAT:MIGR_RESFIRST(1.0),"First permits by reason, length of validity and citizenship",A,Annual,TOTAL,Total,CM,Cameroon,TOTAL,Total,PER,Person,EU28,European Union - 28 countries (2013-2020),2017,,12687,,,,,
dataflow,ESTAT:MIGR_RESFIRST(1.0),"First permits by reason, length of validity and citizenship",A,Annual,TOTAL,Total,CM,Cameroon,TOTAL,Total,PER,Person,EU28,European Union - 28 countries (2013-2020),2018,,12996,,,,,
dataflow,ESTAT:MIGR_RESFIRST(1.0),"First permits by reason, length of validity and citizenship",A,Annual,TOTAL,Total,CN,China,TOTAL,Total,PER,Person,EU27_2020,European Union - 27 countries (from 2020),2013,,92589,,,,,
dataflow,ESTAT:MIGR_RESFIRST(1.0),"First permits by reason, length of validity and citizenship",A,Annual,TOTAL,Total,CN,China,TOTAL,Total,PER,Person,EU27_2020,European Union - 27 countries (from 2020),2014,,96619,,,,,
dataflow,ESTAT:MIGR_RESFIRST(1.0),"First permits by reason, length of validity and citizenship",A,Annual,TOTAL,Total,CN,China,TOTAL,Total,PER,Person,EU27_2020,European Union - 27 countries (from 2020),2015,,86633,,,,,
dataflow,ESTAT:MIGR_RESFIRST(1.0),"First permits by reason, length of validity and citizenship",A,Annual,TOTAL,Total,CN,China,TOTAL,Total,PER,Person,EU27_2020,European Union - 27 countries (from 2020),2016,,92203,,,,,
dataflow,ESTAT:MIGR_RESFIRST(1.0),"First permits by reason, length of validity and citizenship",A,Annual,TOTAL,Total,CN,China,TOTAL,Total,PER,Person,EU27_2020,European Union - 27 countries (from 2020),2017,,96942,,,,,
dataflow,ESTAT:MIGR_RESFIRST(1.0),"First permits by reason, length of validity and citizenship",A,Annual,TOTAL,Total,CN,China,TOTAL,Total,PER,Person,EU27_2020,European Union - 27 countries (from 2020),2018,,103007,,,,,
dataflow,ESTAT:MIGR_RESFIRST(1.0),"First permits by reason, length of validity and citizenship",A,Annual,TOTAL,Total,CN,China,TOTAL,Total,PER,Person,EU27_2020,European Union - 27 countries (from 2020),2019,,112179,,,,,
dataflow,ESTAT:MIGR_RESFIRST(1.0),"First permits by reason, length of validity and citizenship",A,Annual,TOTAL,Total,CN,China,TOTAL,Total,PER,Person,EU27_2020,European Union - 27 countries (from 2020),2020,,66172,,,,,
dataflow,ESTAT:MIGR_RESFIRST(1.0),"First permits by reason, length of validity and citizenship",A,Annual,TOTAL,Total,CN,China,TOTAL,Total,PER,Person,EU27_2020,European Union - 27 countries (from 2020),2021,,73597,,,,,
dataflow,ESTAT:MIGR_RESFIRST(1.0),"First permits by reason, length of validity and citizenship",A,Annual,TOTAL,Total,CN,China,TOTAL,Total,PER,Person,EU27_2020,European Union - 27 countries (from 2020),2022,,83029,,,,,
dataflow,ESTAT:MIGR_RESFIRST(1.0),"First permits by reason, length of validity and citizenship",A,Annual,TOTAL,Total,CN,China,TOTAL,Total,PER,Person,EU27_2020,European Union - 27 countries (from 2020),2023,,109617,,,,,
dataflow,ESTAT:MIGR_RESFIRST(1.0),"First permits by reason, length of validity and citizenship",A,Annual,TOTAL,Total,CN,China,TOTAL,Total,PER,Person,EU28,European Union - 28 countries (2013-2020),2013,,165538,,,,,
dataflow,ESTAT:MIGR_RESFIRST(1.0),"First permits by reason, length of validity and citizenship",A,Annual,TOTAL,Total,CN,China,TOTAL,Total,PER,Person,EU28,European Union - 28 countries (2013-2020),2014,,170497,,,,,
dataflow,ESTAT:MIGR_RESFIRST(1.0),"First permits by reason, length of validity and citizenship",A,Annual,TOTAL,Total,CN,China,TOTAL,Total,PER,Person,EU28,European Union - 28 countries (2013-2020),2015,,167357,,,,,
dataflow,ESTAT:MIGR_RESFIRST(1.0),"First permits by reason, length of validity and citizenship",A,Annual,TOTAL,Total,CN,China,TOTAL,Total,PER,Person,EU28,European Union - 28 countries (2013-2020),2016,,179208,,,,,
dataflow,ESTAT:MIGR_RESFIRST(1.0),"First permits by reason, length of validity and citizenship",A,Annual,TOTAL,Total,CN,China,TOTAL,Total,PER,Person,EU28,European Union - 28 countries (2013-2020),2017,,193119,,,,,
dataflow,ESTAT:MIGR_RESFIRST(1.0),"First permits by reason, length of validity and citizenship",A,Annual,TOTAL,Total,CN,China,TOTAL,Total,PER,Person,EU28,European Union - 28 countries (2013-2020),2018,,203573,,,,,
dataflow,ESTAT:MIGR_RESFIRST(1.0),"First permits by reason, length of validity and citizenship",A,Annual,TOTAL,Total,CO,Colombia,TOTAL,Total,PER,Person,EU27_2020,European Union - 27 countries (from 2020),2013,,18205,,,,,
dataflow,ESTAT:MIGR_RESFIRST(1.0),"First permits by reason, length of validity and citizenship",A,Annual,TOTAL,Total,CO,Colombia,TOTAL,Total,PER,Person,EU27_2020,European Union - 27 countries (from 2020),2014,,16642,,,,,
dataflow,ESTAT:MIGR_RESFIRST(1.0),"First permits by reason, length of validity and citizenship",A,Annual,TOTAL,Total,CO,Colombia,TOTAL,Total,PER,Person,EU27_2020,European Union - 27 countries (from 2020),2015,,16529,,,,,
dataflow,ESTAT:MIGR_RESFIRST(1.0),"First permits by reason, length of validity and citizenship",A,Annual,TOTAL,Total,CO,Colombia,TOTAL,Total,PER,Person,EU27_2020,European Union - 27 countries (from 2020),2016,,20170,,,,,
dataflow,ESTAT:MIGR_RESFIRST(1.0),"First permits by reason, length of validity and citizenship",A,Annual,TOTAL,Total,CO,Colombia,TOTAL,Total,PER,Person,EU27_2020,European Union - 27 countries (from 2020),2017,,23249,,,,,
dataflow,ESTAT:MIGR_RESFIRST(1.0),"First permits by reason, length of validity and citizenship",A,Annual,TOTAL,Total,CO,Colombia,TOTAL,Total,PER,Person,EU27_2020,European Union - 27 countries (from 2020),2018,,28201,,,,,
dataflow,ESTAT:MIGR_RESFIRST(1.0),"First permits by reason, length of validity and citizenship",A,Annual,TOTAL,Total,CO,Colombia,TOTAL,Total,PER,Person,EU27_2020,European Union - 27 countries (from 2020),2019,,34440,,,,,
dataflow,ESTAT:MIGR_RESFIRST(1.0),"First permits by reason, length of validity and citizenship",A,Annual,TOTAL,Total,CO,Colombia,TOTAL,Total,PER,Person,EU27_2020,European Union - 27 countries (from 2020),2020,,30383,,,,,
dataflow,ESTAT:MIGR_RESFIRST(1.0),"First permits by reason, length of validity and citizenship",A,Annual,TOTAL,Total,CO,Colombia,TOTAL,Total,PER,Person,EU27_2020,European Union - 27 countries (from 2020),2021,,46251,,,,,
dataflow,ESTAT:MIGR_RESFIRST(1.0),"First permits by reason, length of validity and citizenship",A,Annual,TOTAL,Total,CO,Colombia,TOTAL,Total,PER,Person,EU27_2020,European Union - 27 countries (from 2020),2022,,69380,,,,,
dataflow,ESTAT:MIGR_RESFIRST(1.0),"First permits by reason, length of validity and citizenship",A,Annual,TOTAL,Total,CO,Colombia,TOTAL,Total,PER,Person,EU27_2020,European Union - 27 countries (from 2020),2023,,87843,,,,,
dataflow,ESTAT:MIGR_RESFIRST(1.0),"First permits by reason, length of validity and citizenship",A,Annual,TOTAL,Total,CO,Colombia,TOTAL,Total,PER,Person,EU28,European Union - 28 countries (2013-2020),2013,,21054,,,,,
dataflow,ESTAT:MIGR_RESFIRST(1.0),"First permits by reason, length of validity and citizenship",A,Annual,TOTAL,Total,CO,Colombia,TOTAL,Total,PER,Person,EU28,European Union - 28 countries (2013-2020),2014,,18802,,,,,
dataflow,ESTAT:MIGR_RESFIRST(1.0),"First permits by reason, length of validity and citizenship",A,Annual,TOTAL,Total,CO,Colombia,TOTAL,Total,PER,Person,EU28,European Union - 28 countries (2013-2020),2015,,18646,,,,,
dataflow,ESTAT:MIGR_RESFIRST(1.0),"First permits by reason, length of validity and citizenship",A,Annual,TOTAL,Total,CO,Colombia,TOTAL,Total,PER,Person,EU28,European Union - 28 countries (2013-2020),2016,,22015,,,,,
dataflow,ESTAT:MIGR_RESFIRST(1.0),"First permits by reason, length of validity and citizenship",A,Annual,TOTAL,Total,CO,Colombia,TOTAL,Total,PER,Person,EU28,European Union - 28 countries (2013-2020),2017,,25230,,,,,
dataflow,ESTAT:MIGR_RESFIRST(1.0),"First permits by reason, length of validity and citizenship",A,Annual,TOTAL,Total,CO,Colombia,TOTAL,Total,PER,Person,EU28,European Union - 28 countries (2013-2020),2018,,29680,,,,,
dataflow,ESTAT:MIGR_RESFIRST(1.0),"First permits by reason, length of validity and citizenship",A,Annual,TOTAL,Total,CR,Costa Rica,TOTAL,Total,PER,Person,EU27_2020,European Union - 27 countries (from 2020),2013,,914,,,,,
dataflow,ESTAT:MIGR_RESFIRST(1.0),"First permits by reason, length of validity and citizenship",A,Annual,TOTAL,Total,CR,Costa Rica,TOTAL,Total,PER,Person,EU27_2020,European Union - 27 countries (from 2020),2014,,980,,,,,
dataflow,ESTAT:MIGR_RESFIRST(1.0),"First permits by reason, length of validity and citizenship",A,Annual,TOTAL,Total,CR,Costa Rica,TOTAL,Total,PER,Person,EU27_2020,European Union - 27 countries (from 2020),2015,,1070,,,,,
dataflow,ESTAT:MIGR_RESFIRST(1.0),"First permits by reason, length of validity and citizenship",A,Annual,TOTAL,Total,CR,Costa Rica,TOTAL,Total,PER,Person,EU27_2020,European Union - 27 countries (from 2020),2016,,1220,,,,,
dataflow,ESTAT:MIGR_RESFIRST(1.0),"First permits by reason, length of validity and citizenship",A,Annual,TOTAL,Total,CR,Costa Rica,TOTAL,Total,PER,Person,EU27_2020,European Union - 27 countries (from 2020),2017,,1366,,,,,
dataflow,ESTAT:MIGR_RESFIRST(1.0),"First permits by reason, length of validity and citizenship",A,Annual,TOTAL,Total,CR,Costa Rica,TOTAL,Total,PER,Person,EU27_2020,European Union - 27 countries (from 2020),2018,,1576,,,,,
dataflow,ESTAT:MIGR_RESFIRST(1.0),"First permits by reason, length of validity and citizenship",A,Annual,TOTAL,Total,CR,Costa Rica,TOTAL,Total,PER,Person,EU27_2020,European Union - 27 countries (from 2020),2019,,1744,,,,,
dataflow,ESTAT:MIGR_RESFIRST(1.0),"First permits by reason, length of validity and citizenship",A,Annual,TOTAL,Total,CR,Costa Rica,TOTAL,Total,PER,Person,EU27_2020,European Union - 27 countries (from 2020),2020,,1290,,,,,
dataflow,ESTAT:MIGR_RESFIRST(1.0),"First permits by reason, length of validity and citizenship",A,Annual,TOTAL,Total,CR,Costa Rica,TOTAL,Total,PER,Person,EU27_2020,European Union - 27 countries (from 2020),2021,,1741,,,,,
dataflow,ESTAT:MIGR_RESFIRST(1.0),"First permits by reason, length of validity and citizenship",A,Annual,TOTAL,Total,CR,Costa Rica,TOTAL,Total,PER,Person,EU27_2020,European Union - 27 countries (from 2020),2022,,2125,,,,,
dataflow,ESTAT:MIGR_RESFIRST(1.0),"First permits by reason, length of validity and citizenship",A,Annual,TOTAL,Total,CR,Costa Rica,TOTAL,Total,PER,Person,EU27_2020,European Union - 27 countries (from 2020),2023,,2223,,,,,
dataflow,ESTAT:MIGR_RESFIRST(1.0),"First permits by reason, length of validity and citizenship",A,Annual,TOTAL,Total,CR,Costa Rica,TOTAL,Total,PER,Person,EU28,European Union - 28 countries (2013-2020),2013,,1449,,,,,
dataflow,ESTAT:MIGR_RESFIRST(1.0),"First permits by reason, length of validity and citizenship",A,Annual,TOTAL,Total,CR,Costa Rica,TOTAL,Total,PER,Person,EU28,European Union - 28 countries (2013-2020),2014,,1100,,,,,
dataflow,ESTAT:MIGR_RESFIRST(1.0),"First permits by reason, length of validity and citizenship",A,Annual,TOTAL,Total,CR,Costa Rica,TOTAL,Total,PER,Person,EU28,European Union - 28 countries (2013-2020),2015,,1265,,,,,
dataflow,ESTAT:MIGR_RESFIRST(1.0),"First permits by reason, length of validity and citizenship",A,Annual,TOTAL,Total,CR,Costa Rica,TOTAL,Total,PER,Person,EU28,European Union - 28 countries (2013-2020),2016,,1372,,,,,
dataflow,ESTAT:MIGR_RESFIRST(1.0),"First permits by reason, length of validity and citizenship",A,Annual,TOTAL,Total,CR,Costa Rica,TOTAL,Total,PER,Person,EU28,European Union - 28 countries (2013-2020),2017,,1570,,,,,
dataflow,ESTAT:MIGR_RESFIRST(1.0),"First permits by reason, length of validity and citizenship",A,Annual,TOTAL,Total,CR,Costa Rica,TOTAL,Total,PER,Person,EU28,European Union - 28 countries (2013-2020),2018,,1800,,,,,
dataflow,ESTAT:MIGR_RESFIRST(1.0),"First permits by reason, length of validity and citizenship",A,Annual,TOTAL,Total,CU,Cuba,TOTAL,Total,PER,Person,EU27_2020,European Union - 27 countries (from 2020),2013,,8089,,,,,
dataflow,ESTAT:MIGR_RESFIRST(1.0),"First permits by reason, length of validity and citizenship",A,Annual,TOTAL,Total,CU,Cuba,TOTAL,Total,PER,Person,EU27_2020,European Union - 27 countries (from 2020),2014,,7429,,,,,
dataflow,ESTAT:MIGR_RESFIRST(1.0),"First permits by reason, length of validity and citizenship",A,Annual,TOTAL,Total,CU,Cuba,TOTAL,Total,PER,Person,EU27_2020,European Union - 27 countries (from 2020),2015,,7612,,,,,
dataflow,ESTAT:MIGR_RESFIRST(1.0),"First permits by reason, length of validity and citizenship",A,Annual,TOTAL,Total,CU,Cuba,TOTAL,Total,PER,Person,EU27_2020,European Union - 27 countries (from 2020),2016,,7579,,,,,
dataflow,ESTAT:MIGR_RESFIRST(1.0),"First permits by reason, length of validity and citizenship",A,Annual,TOTAL,Total,CU,Cuba,TOTAL,Total,PER,Person,EU27_2020,European Union - 27 countries (from 2020),2017,,8273,,,,,
dataflow,ESTAT:MIGR_RESFIRST(1.0),"First permits by reason, length of validity and citizenship",A,Annual,TOTAL,Total,CU,Cuba,TOTAL,Total,PER,Person,EU27_2020,European Union - 27 countries (from 2020),2018,,9770,,,,,
dataflow,ESTAT:MIGR_RESFIRST(1.0),"First permits by reason, length of validity and citizenship",A,Annual,TOTAL,Total,CU,Cuba,TOTAL,Total,PER,Person,EU27_2020,European Union - 27 countries (from 2020),2019,,11309,,,,,
dataflow,ESTAT:MIGR_RESFIRST(1.0),"First permits by reason, length of validity and citizenship",A,Annual,TOTAL,Total,CU,Cuba,TOTAL,Total,PER,Person,EU27_2020,European Union - 27 countries (from 2020),2020,,8536,,,,,
dataflow,ESTAT:MIGR_RESFIRST(1.0),"First permits by reason, length of validity and citizenship",A,Annual,TOTAL,Total,CU,Cuba,TOTAL,Total,PER,Person,EU27_2020,European Union - 27 countries (from 2020),2021,,12737,,,,,
dataflow,ESTAT:MIGR_RESFIRST(1.0),"First permits by reason, length of validity and citizenship",A,Annual,TOTAL,Total,CU,Cuba,TOTAL,Total,PER,Person,EU27_2020,European Union - 27 countries (from 2020),2022,,17385,,,,,
dataflow,ESTAT:MIGR_RESFIRST(1.0),"First permits by reason, length of validity and citizenship",A,Annual,TOTAL,Total,CU,Cuba,TOTAL,Total,PER,Person,EU27_2020,European Union - 27 countries (from 2020),2023,,17972,,,,,
dataflow,ESTAT:MIGR_RESFIRST(1.0),"First permits by reason, length of validity and citizenship",A,Annual,TOTAL,Total,CU,Cuba,TOTAL,Total,PER,Person,EU28,European Union - 28 countries (2013-2020),2013,,8374,,,,,
dataflow,ESTAT:MIGR_RESFIRST(1.0),"First permits by reason, length of validity and citizenship",A,Annual,TOTAL,Total,CU,Cuba,TOTAL,Total,PER,Person,EU28,European Union - 28 countries (2013-2020),2014,,7736,,,,,
dataflow,ESTAT:MIGR_RESFIRST(1.0),"First permits by reason, length of validity and citizenship",A,Annual,TOTAL,Total,CU,Cuba,TOTAL,Total,PER,Person,EU28,European Union - 28 countries (2013-2020),2015,,7913,,,,,
dataflow,ESTAT:MIGR_RESFIRST(1.0),"First permits by reason, length of validity and citizenship",A,Annual,TOTAL,Total,CU,Cuba,TOTAL,Total,PER,Person,EU28,European Union - 28 countries (2013-2020),2016,,7824,,,,,
dataflow,ESTAT:MIGR_RESFIRST(1.0),"First permits by reason, length of validity and citizenship",A,Annual,TOTAL,Total,CU,Cuba,TOTAL,Total,PER,Person,EU28,European Union - 28 countries (2013-2020),2017,,8648,,,,,
dataflow,ESTAT:MIGR_RESFIRST(1.0),"First permits by reason, length of validity and citizenship",A,Annual,TOTAL,Total,CU,Cuba,TOTAL,Total,PER,Person,EU28,European Union - 28 countries (2013-2020),2018,,10037,,,,,
dataflow,ESTAT:MIGR_RESFIRST(1.0),"First permits by reason, length of validity and citizenship",A,Annual,TOTAL,Total,CV,Cabo Verde,TOTAL,Total,PER,Person,EU27_2020,European Union - 27 countries (from 2020),2013,,4904,,,,,
dataflow,ESTAT:MIGR_RESFIRST(1.0),"First permits by reason, length of validity and citizenship",A,Annual,TOTAL,Total,CV,Cabo Verde,TOTAL,Total,PER,Person,EU27_2020,European Union - 27 countries (from 2020),2014,,4320,,,,,
dataflow,ESTAT:MIGR_RESFIRST(1.0),"First permits by reason, length of validity and citizenship",A,Annual,TOTAL,Total,CV,Cabo Verde,TOTAL,Total,PER,Person,EU27_2020,European Union - 27 countries (from 2020),2015,,4068,,,,,
dataflow,ESTAT:MIGR_RESFIRST(1.0),"First permits by reason, length of validity and citizenship",A,Annual,TOTAL,Total,CV,Cabo Verde,TOTAL,Total,PER,Person,EU27_2020,European Union - 27 countries (from 2020),2016,,3628,,,,,
dataflow,ESTAT:MIGR_RESFIRST(1.0),"First permits by reason, length of validity and citizenship",A,Annual,TOTAL,Total,CV,Cabo Verde,TOTAL,Total,PER,Person,EU27_2020,European Union - 27 countries (from 2020),2017,,3602,,,,,
dataflow,ESTAT:MIGR_RESFIRST(1.0),"First permits by reason, length of validity and citizenship",A,Annual,TOTAL,Total,CV,Cabo Verde,TOTAL,Total,PER,Person,EU27_2020,European Union - 27 countries (from 2020),2018,,4047,,,,,
dataflow,ESTAT:MIGR_RESFIRST(1.0),"First permits by reason, length of validity and citizenship",A,Annual,TOTAL,Total,CV,Cabo Verde,TOTAL,Total,PER,Person,EU27_2020,European Union - 27 countries (from 2020),2019,,5923,,,,,
dataflow,ESTAT:MIGR_RESFIRST(1.0),"First permits by reason, length of validity and citizenship",A,Annual,TOTAL,Total,CV,Cabo Verde,TOTAL,Total,PER,Person,EU27_2020,European Union - 27 countries (from 2020),2020,,5250,,,,,
dataflow,ESTAT:MIGR_RESFIRST(1.0),"First permits by reason, length of validity and citizenship",A,Annual,TOTAL,Total,CV,Cabo Verde,TOTAL,Total,PER,Person,EU27_2020,European Union - 27 countries (from 2020),2021,,5051,,,,,
dataflow,ESTAT:MIGR_RESFIRST(1.0),"First permits by reason, length of validity and citizenship",A,Annual,TOTAL,Total,CV,Cabo Verde,TOTAL,Total,PER,Person,EU27_2020,European Union - 27 countries (from 2020),2022,,5665,,,,,
dataflow,ESTAT:MIGR_RESFIRST(1.0),"First permits by reason, length of validity and citizenship",A,Annual,TOTAL,Total,CV,Cabo Verde,TOTAL,Total,PER,Person,EU27_2020,European Union - 27 countries (from 2020),2023,,9254,,,,,
dataflow,ESTAT:MIGR_RESFIRST(1.0),"First permits by reason, length of validity and citizenship",A,Annual,TOTAL,Total,CV,Cabo Verde,TOTAL,Total,PER,Person,EU28,European Union - 28 countries (2013-2020),2013,,4963,,,,,
dataflow,ESTAT:MIGR_RESFIRST(1.0),"First permits by reason, length of validity and citizenship",A,Annual,TOTAL,Total,CV,Cabo Verde,TOTAL,Total,PER,Person,EU28,European Union - 28 countries (2013-2020),2014,,4374,,,,,
dataflow,ESTAT:MIGR_RESFIRST(1.0),"First permits by reason, length of validity and citizenship",A,Annual,TOTAL,Total,CV,Cabo Verde,TOTAL,Total,PER,Person,EU28,European Union - 28 countries (2013-2020),2015,,4110,,,,,
dataflow,ESTAT:MIGR_RESFIRST(1.0),"First permits by reason, length of validity and citizenship",A,Annual,TOTAL,Total,CV,Cabo Verde,TOTAL,Total,PER,Person,EU28,European Union - 28 countries (2013-2020),2016,,3669,,,,,
dataflow,ESTAT:MIGR_RESFIRST(1.0),"First permits by reason, length of validity and citizenship",A,Annual,TOTAL,Total,CV,Cabo Verde,TOTAL,Total,PER,Person,EU28,European Union - 28 countries (2013-2020),2017,,3674,,,,,
dataflow,ESTAT:MIGR_RESFIRST(1.0),"First permits by reason, length of validity and citizenship",A,Annual,TOTAL,Total,CV,Cabo Verde,TOTAL,Total,PER,Person,EU28,European Union - 28 countries (2013-2020),2018,,4089,,,,,
dataflow,ESTAT:MIGR_RESFIRST(1.0),"First permits by reason, length of validity and citizenship",A,Annual,TOTAL,Total,DJ,Djibouti,TOTAL,Total,PER,Person,EU27_2020,European Union - 27 countries (from 2020),2013,,453,,,,,
dataflow,ESTAT:MIGR_RESFIRST(1.0),"First permits by reason, length of validity and citizenship",A,Annual,TOTAL,Total,DJ,Djibouti,TOTAL,Total,PER,Person,EU27_2020,European Union - 27 countries (from 2020),2014,,479,,,,,
dataflow,ESTAT:MIGR_RESFIRST(1.0),"First permits by reason, length of validity and citizenship",A,Annual,TOTAL,Total,DJ,Djibouti,TOTAL,Total,PER,Person,EU27_2020,European Union - 27 countries (from 2020),2015,,575,,,,,
dataflow,ESTAT:MIGR_RESFIRST(1.0),"First permits by reason, length of validity and citizenship",A,Annual,TOTAL,Total,DJ,Djibouti,TOTAL,Total,PER,Person,EU27_2020,European Union - 27 countries (from 2020),2016,,617,,,,,
dataflow,ESTAT:MIGR_RESFIRST(1.0),"First permits by reason, length of validity and citizenship",A,Annual,TOTAL,Total,DJ,Djibouti,TOTAL,Total,PER,Person,EU27_2020,European Union - 27 countries (from 2020),2017,,551,,,,,
dataflow,ESTAT:MIGR_RESFIRST(1.0),"First permits by reason, length of validity and citizenship",A,Annual,TOTAL,Total,DJ,Djibouti,TOTAL,Total,PER,Person,EU27_2020,European Union - 27 countries (from 2020),2018,,435,,,,,
dataflow,ESTAT:MIGR_RESFIRST(1.0),"First permits by reason, length of validity and citizenship",A,Annual,TOTAL,Total,DJ,Djibouti,TOTAL,Total,PER,Person,EU27_2020,European Union - 27 countries (from 2020),2019,,384,,,,,
dataflow,ESTAT:MIGR_RESFIRST(1.0),"First permits by reason, length of validity and citizenship",A,Annual,TOTAL,Total,DJ,Djibouti,TOTAL,Total,PER,Person,EU27_2020,European Union - 27 countries (from 2020),2020,,419,,,,,
dataflow,ESTAT:MIGR_RESFIRST(1.0),"First permits by reason, length of validity and citizenship",A,Annual,TOTAL,Total,DJ,Djibouti,TOTAL,Total,PER,Person,EU27_2020,European Union - 27 countries (from 2020),2021,,466,,,,,
dataflow,ESTAT:MIGR_RESFIRST(1.0),"First permits by reason, length of validity and citizenship",A,Annual,TOTAL,Total,DJ,Djibouti,TOTAL,Total,PER,Person,EU27_2020,European Union - 27 countries (from 2020),2022,,478,,,,,
dataflow,ESTAT:MIGR_RESFIRST(1.0),"First permits by reason, length of validity and citizenship",A,Annual,TOTAL,Total,DJ,Djibouti,TOTAL,Total,PER,Person,EU27_2020,European Union - 27 countries (from 2020),2023,,571,,,,,
dataflow,ESTAT:MIGR_RESFIRST(1.0),"First permits by reason, length of validity and citizenship",A,Annual,TOTAL,Total,DJ,Djibouti,TOTAL,Total,PER,Person,EU28,European Union - 28 countries (2013-2020),2013,,471,,,,,
dataflow,ESTAT:MIGR_RESFIRST(1.0),"First permits by reason, length of validity and citizenship",A,Annual,TOTAL,Total,DJ,Djibouti,TOTAL,Total,PER,Person,EU28,European Union - 28 countries (2013-2020),2014,,494,,,,,
dataflow,ESTAT:MIGR_RESFIRST(1.0),"First permits by reason, length of validity and citizenship",A,Annual,TOTAL,Total,DJ,Djibouti,TOTAL,Total,PER,Person,EU28,European Union - 28 countries (2013-2020),2015,,599,,,,,
dataflow,ESTAT:MIGR_RESFIRST(1.0),"First permits by reason, length of validity and citizenship",A,Annual,TOTAL,Total,DJ,Djibouti,TOTAL,Total,PER,Person,EU28,European Union - 28 countries (2013-2020),2016,,686,,,,,
dataflow,ESTAT:MIGR_RESFIRST(1.0),"First permits by reason, length of validity and citizenship",A,Annual,TOTAL,Total,DJ,Djibouti,TOTAL,Total,PER,Person,EU28,European Union - 28 countries (2013-2020),2017,,578,,,,,
dataflow,ESTAT:MIGR_RESFIRST(1.0),"First permits by reason, length of validity and citizenship",A,Annual,TOTAL,Total,DJ,Djibouti,TOTAL,Total,PER,Person,EU28,European Union - 28 countries (2013-2020),2018,,455,,,,,
dataflow,ESTAT:MIGR_RESFIRST(1.0),"First permits by reason, length of validity and citizenship",A,Annual,TOTAL,Total,DM,Dominica,TOTAL,Total,PER,Person,EU27_2020,European Union - 27 countries (from 2020),2013,,251,,,,,
dataflow,ESTAT:MIGR_RESFIRST(1.0),"First permits by reason, length of validity and citizenship",A,Annual,TOTAL,Total,DM,Dominica,TOTAL,Total,PER,Person,EU27_2020,European Union - 27 countries (from 2020),2014,,278,,,,,
dataflow,ESTAT:MIGR_RESFIRST(1.0),"First permits by reason, length of validity and citizenship",A,Annual,TOTAL,Total,DM,Dominica,TOTAL,Total,PER,Person,EU27_2020,European Union - 27 countries (from 2020),2015,,191,,,,,
dataflow,ESTAT:MIGR_RESFIRST(1.0),"First permits by reason, length of validity and citizenship",A,Annual,TOTAL,Total,DM,Dominica,TOTAL,Total,PER,Person,EU27_2020,European Union - 27 countries (from 2020),2016,,261,,,,,
dataflow,ESTAT:MIGR_RESFIRST(1.0),"First permits by reason, length of validity and citizenship",A,Annual,TOTAL,Total,DM,Dominica,TOTAL,Total,PER,Person,EU27_2020,European Union - 27 countries (from 2020),2017,,299,,,,,
dataflow,ESTAT:MIGR_RESFIRST(1.0),"First permits by reason, length of validity and citizenship",A,Annual,TOTAL,Total,DM,Dominica,TOTAL,Total,PER,Person,EU27_2020,European Union - 27 countries (from 2020),2018,,299,,,,,
dataflow,ESTAT:MIGR_RESFIRST(1.0),"First permits by reason, length of validity and citizenship",A,Annual,TOTAL,Total,DM,Dominica,TOTAL,Total,PER,Person,EU27_2020,European Union - 27 countries (from 2020),2019,,293,,,,,
dataflow,ESTAT:MIGR_RESFIRST(1.0),"First permits by reason, length of validity and citizenship",A,Annual,TOTAL,Total,DM,Dominica,TOTAL,Total,PER,Person,EU27_2020,European Union - 27 countries (from 2020),2020,,191,,,,,
dataflow,ESTAT:MIGR_RESFIRST(1.0),"First permits by reason, length of validity and citizenship",A,Annual,TOTAL,Total,DM,Dominica,TOTAL,Total,PER,Person,EU27_2020,European Union - 27 countries (from 2020),2021,,377,,,,,
dataflow,ESTAT:MIGR_RESFIRST(1.0),"First permits by reason, length of validity and citizenship",A,Annual,TOTAL,Total,DM,Dominica,TOTAL,Total,PER,Person,EU27_2020,European Union - 27 countries (from 2020),2022,,421,,,,,
dataflow,ESTAT:MIGR_RESFIRST(1.0),"First permits by reason, length of validity and citizenship",A,Annual,TOTAL,Total,DM,Dominica,TOTAL,Total,PER,Person,EU27_2020,European Union - 27 countries (from 2020),2023,,481,,,,,
dataflow,ESTAT:MIGR_RESFIRST(1.0),"First permits by reason, length of validity and citizenship",A,Annual,TOTAL,Total,DM,Dominica,TOTAL,Total,PER,Person,EU28,European Union - 28 countries (2013-2020),2013,,478,,,,,
dataflow,ESTAT:MIGR_RESFIRST(1.0),"First permits by reason, length of validity and citizenship",A,Annual,TOTAL,Total,DM,Dominica,TOTAL,Total,PER,Person,EU28,European Union - 28 countries (2013-2020),2014,,317,,,,,
dataflow,ESTAT:MIGR_RESFIRST(1.0),"First permits by reason, length of validity and citizenship",A,Annual,TOTAL,Total,DM,Dominica,TOTAL,Total,PER,Person,EU28,European Union - 28 countries (2013-2020),2015,,254,,,,,
dataflow,ESTAT:MIGR_RESFIRST(1.0),"First permits by reason, length of validity and citizenship",A,Annual,TOTAL,Total,DM,Dominica,TOTAL,Total,PER,Person,EU28,European Union - 28 countries (2013-2020),2016,,315,,,,,
dataflow,ESTAT:MIGR_RESFIRST(1.0),"First permits by reason, length of validity and citizenship",A,Annual,TOTAL,Total,DM,Dominica,TOTAL,Total,PER,Person,EU28,European Union - 28 countries (2013-2020),2017,,414,,,,,
dataflow,ESTAT:MIGR_RESFIRST(1.0),"First permits by reason, length of validity and citizenship",A,Annual,TOTAL,Total,DM,Dominica,TOTAL,Total,PER,Person,EU28,European Union - 28 countries (2013-2020),2018,,411,,,,,
dataflow,ESTAT:MIGR_RESFIRST(1.0),"First permits by reason, length of validity and citizenship",A,Annual,TOTAL,Total,DO,Dominican Republic,TOTAL,Total,PER,Person,EU27_2020,European Union - 27 countries (from 2020),2013,,12880,,,,,
dataflow,ESTAT:MIGR_RESFIRST(1.0),"First permits by reason, length of validity and citizenship",A,Annual,TOTAL,Total,DO,Dominican Republic,TOTAL,Total,PER,Person,EU27_2020,European Union - 27 countries (from 2020),2014,,11579,,,,,
dataflow,ESTAT:MIGR_RESFIRST(1.0),"First permits by reason, length of validity and citizenship",A,Annual,TOTAL,Total,DO,Dominican Republic,TOTAL,Total,PER,Person,EU27_2020,European Union - 27 countries (from 2020),2015,,9894,,,,,
dataflow,ESTAT:MIGR_RESFIRST(1.0),"First permits by reason, length of validity and citizenship",A,Annual,TOTAL,Total,DO,Dominican Republic,TOTAL,Total,PER,Person,EU27_2020,European Union - 27 countries (from 2020),2016,,10865,,,,,
dataflow,ESTAT:MIGR_RESFIRST(1.0),"First permits by reason, length of validity and citizenship",A,Annual,TOTAL,Total,DO,Dominican Republic,TOTAL,Total,PER,Person,EU27_2020,European Union - 27 countries (from 2020),2017,,11610,,,,,
dataflow,ESTAT:MIGR_RESFIRST(1.0),"First permits by reason, length of validity and citizenship",A,Annual,TOTAL,Total,DO,Dominican Republic,TOTAL,Total,PER,Person,EU27_2020,European Union - 27 countries (from 2020),2018,,12030,,,,,
dataflow,ESTAT:MIGR_RESFIRST(1.0),"First permits by reason, length of validity and citizenship",A,Annual,TOTAL,Total,DO,Dominican Republic,TOTAL,Total,PER,Person,EU27_2020,European Union - 27 countries (from 2020),2019,,11057,,,,,
dataflow,ESTAT:MIGR_RESFIRST(1.0),"First permits by reason, length of validity and citizenship",A,Annual,TOTAL,Total,DO,Dominican Republic,TOTAL,Total,PER,Person,EU27_2020,European Union - 27 countries (from 2020),2020,,8577,,,,,
dataflow,ESTAT:MIGR_RESFIRST(1.0),"First permits by reason, length of validity and citizenship",A,Annual,TOTAL,Total,DO,Dominican Republic,TOTAL,Total,PER,Person,EU27_2020,European Union - 27 countries (from 2020),2021,,10916,,,,,
dataflow,ESTAT:MIGR_RESFIRST(1.0),"First permits by reason, length of validity and citizenship",A,Annual,TOTAL,Total,DO,Dominican Republic,TOTAL,Total,PER,Person,EU27_2020,European Union - 27 countries (from 2020),2022,,11282,,,,,
dataflow,ESTAT:MIGR_RESFIRST(1.0),"First permits by reason, length of validity and citizenship",A,Annual,TOTAL,Total,DO,Dominican Republic,TOTAL,Total,PER,Person,EU27_2020,European Union - 27 countries (from 2020),2023,,12603,,,,,
dataflow,ESTAT:MIGR_RESFIRST(1.0),"First permits by reason, length of validity and citizenship",A,Annual,TOTAL,Total,DO,Dominican Republic,TOTAL,Total,PER,Person,EU28,European Union - 28 countries (2013-2020),2013,,13524,,,,,
dataflow,ESTAT:MIGR_RESFIRST(1.0),"First permits by reason, length of validity and citizenship",A,Annual,TOTAL,Total,DO,Dominican Republic,TOTAL,Total,PER,Person,EU28,European Union - 28 countries (2013-2020),2014,,11810,,,,,
dataflow,ESTAT:MIGR_RESFIRST(1.0),"First permits by reason, length of validity and citizenship",A,Annual,TOTAL,Total,DO,Dominican Republic,TOTAL,Total,PER,Person,EU28,European Union - 28 countries (2013-2020),2015,,10160,,,,,
dataflow,ESTAT:MIGR_RESFIRST(1.0),"First permits by reason, length of validity and citizenship",A,Annual,TOTAL,Total,DO,Dominican Republic,TOTAL,Total,PER,Person,EU28,European Union - 28 countries (2013-2020),2016,,11225,,,,,
dataflow,ESTAT:MIGR_RESFIRST(1.0),"First permits by reason, length of validity and citizenship",A,Annual,TOTAL,Total,DO,Dominican Republic,TOTAL,Total,PER,Person,EU28,European Union - 28 countries (2013-2020),2017,,12027,,,,,
dataflow,ESTAT:MIGR_RESFIRST(1.0),"First permits by reason, length of validity and citizenship",A,Annual,TOTAL,Total,DO,Dominican Republic,TOTAL,Total,PER,Person,EU28,European Union - 28 countries (2013-2020),2018,,12448,,,,,
dataflow,ESTAT:MIGR_RESFIRST(1.0),"First permits by reason, length of validity and citizenship",A,Annual,TOTAL,Total,DZ,Algeria,TOTAL,Total,PER,Person,EU27_2020,European Union - 27 countries (from 2020),2013,,32369,,,,,
dataflow,ESTAT:MIGR_RESFIRST(1.0),"First permits by reason, length of validity and citizenship",A,Annual,TOTAL,Total,DZ,Algeria,TOTAL,Total,PER,Person,EU27_2020,European Union - 27 countries (from 2020),2014,,32691,,,,,
dataflow,ESTAT:MIGR_RESFIRST(1.0),"First permits by reason, length of validity and citizenship",A,Annual,TOTAL,Total,DZ,Algeria,TOTAL,Total,PER,Person,EU27_2020,European Union - 27 countries (from 2020),2015,,33753,,,,,
dataflow,ESTAT:MIGR_RESFIRST(1.0),"First permits by reason, length of validity and citizenship",A,Annual,TOTAL,Total,DZ,Algeria,TOTAL,Total,PER,Person,EU27_2020,European Union - 27 countries (from 2020),2016,,35307,,,,,
dataflow,ESTAT:MIGR_RESFIRST(1.0),"First permits by reason, length of validity and citizenship",A,Annual,TOTAL,Total,DZ,Algeria,TOTAL,Total,PER,Person,EU27_2020,European Union - 27 countries (from 2020),2017,,37481,,,,,
dataflow,ESTAT:MIGR_RESFIRST(1.0),"First permits by reason, length of validity and citizenship",A,Annual,TOTAL,Total,DZ,Algeria,TOTAL,Total,PER,Person,EU27_2020,European Union - 27 countries (from 2020),2018,,36503,,,,,
dataflow,ESTAT:MIGR_RESFIRST(1.0),"First permits by reason, length of validity and citizenship",A,Annual,TOTAL,Total,DZ,Algeria,TOTAL,Total,PER,Person,EU27_2020,European Union - 27 countries (from 2020),2019,,35743,,,,,
dataflow,ESTAT:MIGR_RESFIRST(1.0),"First permits by reason, length of validity and citizenship",A,Annual,TOTAL,Total,DZ,Algeria,TOTAL,Total,PER,Person,EU27_2020,European Union - 27 countries (from 2020),2020,,30505,,,,,
dataflow,ESTAT:MIGR_RESFIRST(1.0),"First permits by reason, length of validity and citizenship",A,Annual,TOTAL,Total,DZ,Algeria,TOTAL,Total,PER,Person,EU27_2020,European Union - 27 countries (from 2020),2021,,36122,,,,,
dataflow,ESTAT:MIGR_RESFIRST(1.0),"First permits by reason, length of validity and citizenship",A,Annual,TOTAL,Total,DZ,Algeria,TOTAL,Total,PER,Person,EU27_2020,European Union - 27 countries (from 2020),2022,,42107,,,,,
dataflow,ESTAT:MIGR_RESFIRST(1.0),"First permits by reason, length of validity and citizenship",A,Annual,TOTAL,Total,DZ,Algeria,TOTAL,Total,PER,Person,EU27_2020,European Union - 27 countries (from 2020),2023,,48756,,,,,
dataflow,ESTAT:MIGR_RESFIRST(1.0),"First permits by reason, length of validity and citizenship",A,Annual,TOTAL,Total,DZ,Algeria,TOTAL,Total,PER,Person,EU28,European Union - 28 countries (2013-2020),2013,,33726,,,,,
dataflow,ESTAT:MIGR_RESFIRST(1.0),"First permits by reason, length of validity and citizenship",A,Annual,TOTAL,Total,DZ,Algeria,TOTAL,Total,PER,Person,EU28,European Union - 28 countries (2013-2020),2014,,34135,,,,,
dataflow,ESTAT:MIGR_RESFIRST(1.0),"First permits by reason, length of validity and citizenship",A,Annual,TOTAL,Total,DZ,Algeria,TOTAL,Total,PER,Person,EU28,European Union - 28 countries (2013-2020),2015,,35079,,,,,
dataflow,ESTAT:MIGR_RESFIRST(1.0),"First permits by reason, length of validity and citizenship",A,Annual,TOTAL,Total,DZ,Algeria,TOTAL,Total,PER,Person,EU28,European Union - 28 countries (2013-2020),2016,,36428,,,,,
dataflow,ESTAT:MIGR_RESFIRST(1.0),"First permits by reason, length of validity and citizenship",A,Annual,TOTAL,Total,DZ,Algeria,TOTAL,Total,PER,Person,EU28,European Union - 28 countries (2013-2020),2017,,38884,,,,,
dataflow,ESTAT:MIGR_RESFIRST(1.0),"First permits by reason, length of validity and citizenship",A,Annual,TOTAL,Total,DZ,Algeria,TOTAL,Total,PER,Person,EU28,European Union - 28 countries (2013-2020),2018,,37689,,,,,
dataflow,ESTAT:MIGR_RESFIRST(1.0),"First permits by reason, length of validity and citizenship",A,Annual,TOTAL,Total,EC,Ecuador,TOTAL,Total,PER,Person,EU27_2020,European Union - 27 countries (from 2020),2013,,11934,,,,,
dataflow,ESTAT:MIGR_RESFIRST(1.0),"First permits by reason, length of validity and citizenship",A,Annual,TOTAL,Total,EC,Ecuador,TOTAL,Total,PER,Person,EU27_2020,European Union - 27 countries (from 2020),2014,,9731,,,,,
dataflow,ESTAT:MIGR_RESFIRST(1.0),"First permits by reason, length of validity and citizenship",A,Annual,TOTAL,Total,EC,Ecuador,TOTAL,Total,PER,Person,EU27_2020,European Union - 27 countries (from 2020),2015,,9954,,,,,
dataflow,ESTAT:MIGR_RESFIRST(1.0),"First permits by reason, length of validity and citizenship",A,Annual,TOTAL,Total,EC,Ecuador,TOTAL,Total,PER,Person,EU27_2020,European Union - 27 countries (from 2020),2016,,10914,,,,,
dataflow,ESTAT:MIGR_RESFIRST(1.0),"First permits by reason, length of validity and citizenship",A,Annual,TOTAL,Total,EC,Ecuador,TOTAL,Total,PER,Person,EU27_2020,European Union - 27 countries (from 2020),2017,,12167,,,,,
dataflow,ESTAT:MIGR_RESFIRST(1.0),"First permits by reason, length of validity and citizenship",A,Annual,TOTAL,Total,EC,Ecuador,TOTAL,Total,PER,Person,EU27_2020,European Union - 27 countries (from 2020),2018,,12618,,,,,
dataflow,ESTAT:MIGR_RESFIRST(1.0),"First permits by reason, length of validity and citizenship",A,Annual,TOTAL,Total,EC,Ecuador,TOTAL,Total,PER,Person,EU27_2020,European Union - 27 countries (from 2020),2019,,12748,,,,,
dataflow,ESTAT:MIGR_RESFIRST(1.0),"First permits by reason, length of validity and citizenship",A,Annual,TOTAL,Total,EC,Ecuador,TOTAL,Total,PER,Person,EU27_2020,European Union - 27 countries (from 2020),2020,,8813,,,,,
dataflow,ESTAT:MIGR_RESFIRST(1.0),"First permits by reason, length of validity and citizenship",A,Annual,TOTAL,Total,EC,Ecuador,TOTAL,Total,PER,Person,EU27_2020,European Union - 27 countries (from 2020),2021,,12580,,,,,
dataflow,ESTAT:MIGR_RESFIRST(1.0),"First permits by reason, length of validity and citizenship",A,Annual,TOTAL,Total,EC,Ecuador,TOTAL,Total,PER,Person,EU27_2020,European Union - 27 countries (from 2020),2022,,14059,,,,,
dataflow,ESTAT:MIGR_RESFIRST(1.0),"First permits by reason, length of validity and citizenship",A,Annual,TOTAL,Total,EC,Ecuador,TOTAL,Total,PER,Person,EU27_2020,European Union - 27 countries (from 2020),2023,,17318,,,,,
dataflow,ESTAT:MIGR_RESFIRST(1.0),"First permits by reason, length of validity and citizenship",A,Annual,TOTAL,Total,EC,Ecuador,TOTAL,Total,PER,Person,EU28,European Union - 28 countries (2013-2020),2013,,12521,,,,,
dataflow,ESTAT:MIGR_RESFIRST(1.0),"First permits by reason, length of validity and citizenship",A,Annual,TOTAL,Total,EC,Ecuador,TOTAL,Total,PER,Person,EU28,European Union - 28 countries (2013-2020),2014,,10380,,,,,
dataflow,ESTAT:MIGR_RESFIRST(1.0),"First permits by reason, length of validity and citizenship",A,Annual,TOTAL,Total,EC,Ecuador,TOTAL,Total,PER,Person,EU28,European Union - 28 countries (2013-2020),2015,,10731,,,,,
dataflow,ESTAT:MIGR_RESFIRST(1.0),"First permits by reason, length of validity and citizenship",A,Annual,TOTAL,Total,EC,Ecuador,TOTAL,Total,PER,Person,EU28,European Union - 28 countries (2013-2020),2016,,11641,,,,,
dataflow,ESTAT:MIGR_RESFIRST(1.0),"First permits by reason, length of validity and citizenship",A,Annual,TOTAL,Total,EC,Ecuador,TOTAL,Total,PER,Person,EU28,European Union - 28 countries (2013-2020),2017,,12843,,,,,
dataflow,ESTAT:MIGR_RESFIRST(1.0),"First permits by reason, length of validity and citizenship",A,Annual,TOTAL,Total,EC,Ecuador,TOTAL,Total,PER,Person,EU28,European Union - 28 countries (2013-2020),2018,,13152,,,,,
dataflow,ESTAT:MIGR_RESFIRST(1.0),"First permits by reason, length of validity and citizenship",A,Annual,TOTAL,Total,EG,Egypt,TOTAL,Total,PER,Person,EU27_2020,European Union - 27 countries (from 2020),2013,,19533,,,,,
dataflow,ESTAT:MIGR_RESFIRST(1.0),"First permits by reason, length of validity and citizenship",A,Annual,TOTAL,Total,EG,Egypt,TOTAL,Total,PER,Person,EU27_2020,European Union - 27 countries (from 2020),2014,,18291,,,,,
dataflow,ESTAT:MIGR_RESFIRST(1.0),"First permits by reason, length of validity and citizenship",A,Annual,TOTAL,Total,EG,Egypt,TOTAL,Total,PER,Person,EU27_2020,European Union - 27 countries (from 2020),2015,,15823,,,,,
dataflow,ESTAT:MIGR_RESFIRST(1.0),"First permits by reason, length of validity and citizenship",A,Annual,TOTAL,Total,EG,Egypt,TOTAL,Total,PER,Person,EU27_2020,European Union - 27 countries (from 2020),2016,,18997,,,,,
dataflow,ESTAT:MIGR_RESFIRST(1.0),"First permits by reason, length of validity and citizenship",A,Annual,TOTAL,Total,EG,Egypt,TOTAL,Total,PER,Person,EU27_2020,European Union - 27 countries (from 2020),2017,,20025,,,,,
dataflow,ESTAT:MIGR_RESFIRST(1.0),"First permits by reason, length of validity and citizenship",A,Annual,TOTAL,Total,EG,Egypt,TOTAL,Total,PER,Person,EU27_2020,European Union - 27 countries (from 2020),2018,,23048,,,,,
dataflow,ESTAT:MIGR_RESFIRST(1.0),"First permits by reason, length of validity and citizenship",A,Annual,TOTAL,Total,EG,Egypt,TOTAL,Total,PER,Person,EU27_2020,European Union - 27 countries (from 2020),2019,,22686,,,,,
dataflow,ESTAT:MIGR_RESFIRST(1.0),"First permits by reason, length of validity and citizenship",A,Annual,TOTAL,Total,EG,Egypt,TOTAL,Total,PER,Person,EU27_2020,European Union - 27 countries (from 2020),2020,,17592,,,,,
dataflow,ESTAT:MIGR_RESFIRST(1.0),"First permits by reason, length of validity and citizenship",A,Annual,TOTAL,Total,EG,Egypt,TOTAL,Total,PER,Person,EU27_2020,European Union - 27 countries (from 2020),2021,,27032,,,,,
dataflow,ESTAT:MIGR_RESFIRST(1.0),"First permits by reason, length of validity and citizenship",A,Annual,TOTAL,Total,EG,Egypt,TOTAL,Total,PER,Person,EU27_2020,European Union - 27 countries (from 2020),2022,,37662,,,,,
dataflow,ESTAT:MIGR_RESFIRST(1.0),"First permits by reason, length of validity and citizenship",A,Annual,TOTAL,Total,EG,Egypt,TOTAL,Total,PER,Person,EU27_2020,European Union - 27 countries (from 2020),2023,,54362,,,,,
dataflow,ESTAT:MIGR_RESFIRST(1.0),"First permits by reason, length of validity and citizenship",A,Annual,TOTAL,Total,EG,Egypt,TOTAL,Total,PER,Person,EU28,European Union - 28 countries (2013-2020),2013,,22768,,,,,
dataflow,ESTAT:MIGR_RESFIRST(1.0),"First permits by reason, length of validity and citizenship",A,Annual,TOTAL,Total,EG,Egypt,TOTAL,Total,PER,Person,EU28,European Union - 28 countries (2013-2020),2014,,21756,,,,,
dataflow,ESTAT:MIGR_RESFIRST(1.0),"First permits by reason, length of validity and citizenship",A,Annual,TOTAL,Total,EG,Egypt,TOTAL,Total,PER,Person,EU28,European Union - 28 countries (2013-2020),2015,,19326,,,,,
dataflow,ESTAT:MIGR_RESFIRST(1.0),"First permits by reason, length of validity and citizenship",A,Annual,TOTAL,Total,EG,Egypt,TOTAL,Total,PER,Person,EU28,European Union - 28 countries (2013-2020),2016,,22626,,,,,
dataflow,ESTAT:MIGR_RESFIRST(1.0),"First permits by reason, length of validity and citizenship",A,Annual,TOTAL,Total,EG,Egypt,TOTAL,Total,PER,Person,EU28,European Union - 28 countries (2013-2020),2017,,24318,,,,,
dataflow,ESTAT:MIGR_RESFIRST(1.0),"First permits by reason, length of validity and citizenship",A,Annual,TOTAL,Total,EG,Egypt,TOTAL,Total,PER,Person,EU28,European Union - 28 countries (2013-2020),2018,,26733,,,,,
dataflow,ESTAT:MIGR_RESFIRST(1.0),"First permits by reason, length of validity and citizenship",A,Annual,TOTAL,Total,EH,Western Sahara,TOTAL,Total,PER,Person,EU27_2020,European Union - 27 countries (from 2020),2013,,30,,,,,
dataflow,ESTAT:MIGR_RESFIRST(1.0),"First permits by reason, length of validity and citizenship",A,Annual,TOTAL,Total,EH,Western Sahara,TOTAL,Total,PER,Person,EU27_2020,European Union - 27 countries (from 2020),2014,,14,,,,,
dataflow,ESTAT:MIGR_RESFIRST(1.0),"First permits by reason, length of validity and citizenship",A,Annual,TOTAL,Total,EH,Western Sahara,TOTAL,Total,PER,Person,EU27_2020,European Union - 27 countries (from 2020),2015,,12,,,,,
dataflow,ESTAT:MIGR_RESFIRST(1.0),"First permits by reason, length of validity and citizenship",A,Annual,TOTAL,Total,EH,Western Sahara,TOTAL,Total,PER,Person,EU27_2020,European Union - 27 countries (from 2020),2016,,12,,,,,
dataflow,ESTAT:MIGR_RESFIRST(1.0),"First permits by reason, length of validity and citizenship",A,Annual,TOTAL,Total,EH,Western Sahara,TOTAL,Total,PER,Person,EU27_2020,European Union - 27 countries (from 2020),2017,,3,,,,,
dataflow,ESTAT:MIGR_RESFIRST(1.0),"First permits by reason, length of validity and citizenship",A,Annual,TOTAL,Total,EH,Western Sahara,TOTAL,Total,PER,Person,EU27_2020,European Union - 27 countries (from 2020),2018,,1,,,,,
dataflow,ESTAT:MIGR_RESFIRST(1.0),"First permits by reason, length of validity and citizenship",A,Annual,TOTAL,Total,EH,Western Sahara,TOTAL,Total,PER,Person,EU27_2020,European Union - 27 countries (from 2020),2019,,1,,,,,
dataflow,ESTAT:MIGR_RESFIRST(1.0),"First permits by reason, length of validity and citizenship",A,Annual,TOTAL,Total,EH,Western Sahara,TOTAL,Total,PER,Person,EU27_2020,European Union - 27 countries (from 2020),2020,,6,,,,,
dataflow,ESTAT:MIGR_RESFIRST(1.0),"First permits by reason, length of validity and citizenship",A,Annual,TOTAL,Total,EH,Western Sahara,TOTAL,Total,PER,Person,EU27_2020,European Union - 27 countries (from 2020),2021,,4,,,,,
dataflow,ESTAT:MIGR_RESFIRST(1.0),"First permits by reason, length of validity and citizenship",A,Annual,TOTAL,Total,EH,Western Sahara,TOTAL,Total,PER,Person,EU27_2020,European Union - 27 countries (from 2020),2022,,1,,,,,
dataflow,ESTAT:MIGR_RESFIRST(1.0),"First permits by reason, length of validity and citizenship",A,Annual,TOTAL,Total,EH,Western Sahara,TOTAL,Total,PER,Person,EU27_2020,European Union - 27 countries (from 2020),2023,,0,,,,,
dataflow,ESTAT:MIGR_RESFIRST(1.0),"First permits by reason, length of validity and citizenship",A,Annual,TOTAL,Total,EH,Western Sahara,TOTAL,Total,PER,Person,EU28,European Union - 28 countries (2013-2020),2013,,33,,,,,
dataflow,ESTAT:MIGR_RESFIRST(1.0),"First permits by reason, length of validity and citizenship",A,Annual,TOTAL,Total,EH,Western Sahara,TOTAL,Total,PER,Person,EU28,European Union - 28 countries (2013-2020),2014,,15,,,,,
dataflow,ESTAT:MIGR_RESFIRST(1.0),"First permits by reason, length of validity and citizenship",A,Annual,TOTAL,Total,EH,Western Sahara,TOTAL,Total,PER,Person,EU28,European Union - 28 countries (2013-2020),2015,,12,,,,,
dataflow,ESTAT:MIGR_RESFIRST(1.0),"First permits by reason, length of validity and citizenship",A,Annual,TOTAL,Total,EH,Western Sahara,TOTAL,Total,PER,Person,EU28,European Union - 28 countries (2013-2020),2016,,12,,,,,
dataflow,ESTAT:MIGR_RESFIRST(1.0),"First permits by reason, length of validity and citizenship",A,Annual,TOTAL,Total,EH,Western Sahara,TOTAL,Total,PER,Person,EU28,European Union - 28 countries (2013-2020),2017,,3,,,,,
dataflow,ESTAT:MIGR_RESFIRST(1.0),"First permits by reason, length of validity and citizenship",A,Annual,TOTAL,Total,EH,Western Sahara,TOTAL,Total,PER,Person,EU28,European Union - 28 countries (2013-2020),2018,,1,,,,,
dataflow,ESTAT:MIGR_RESFIRST(1.0),"First permits by reason, length of validity and citizenship",A,Annual,TOTAL,Total,ER,Eritrea,TOTAL,Total,PER,Person,EU27_2020,European Union - 27 countries (from 2020),2013,,7365,,,,,
dataflow,ESTAT:MIGR_RESFIRST(1.0),"First permits by reason, length of validity and citizenship",A,Annual,TOTAL,Total,ER,Eritrea,TOTAL,Total,PER,Person,EU27_2020,European Union - 27 countries (from 2020),2014,,13832,,,,,
dataflow,ESTAT:MIGR_RESFIRST(1.0),"First permits by reason, length of validity and citizenship",A,Annual,TOTAL,Total,ER,Eritrea,TOTAL,Total,PER,Person,EU27_2020,European Union - 27 countries (from 2020),2015,,19812,,,,,
dataflow,ESTAT:MIGR_RESFIRST(1.0),"First permits by reason, length of validity and citizenship",A,Annual,TOTAL,Total,ER,Eritrea,TOTAL,Total,PER,Person,EU27_2020,European Union - 27 countries (from 2020),2016,,32940,,,,,
dataflow,ESTAT:MIGR_RESFIRST(1.0),"First permits by reason, length of validity and citizenship",A,Annual,TOTAL,Total,ER,Eritrea,TOTAL,Total,PER,Person,EU27_2020,European Union - 27 countries (from 2020),2017,,32149,,,,,
dataflow,ESTAT:MIGR_RESFIRST(1.0),"First permits by reason, length of validity and citizenship",A,Annual,TOTAL,Total,ER,Eritrea,TOTAL,Total,PER,Person,EU27_2020,European Union - 27 countries (from 2020),2018,,28465,,,,,
dataflow,ESTAT:MIGR_RESFIRST(1.0),"First permits by reason, length of validity and citizenship",A,Annual,TOTAL,Total,ER,Eritrea,TOTAL,Total,PER,Person,EU27_2020,European Union - 27 countries (from 2020),2019,,18332,,,,,
dataflow,ESTAT:MIGR_RESFIRST(1.0),"First permits by reason, length of validity and citizenship",A,Annual,TOTAL,Total,ER,Eritrea,TOTAL,Total,PER,Person,EU27_2020,European Union - 27 countries (from 2020),2020,,14162,,,,,
dataflow,ESTAT:MIGR_RESFIRST(1.0),"First permits by reason, length of validity and citizenship",A,Annual,TOTAL,Total,ER,Eritrea,TOTAL,Total,PER,Person,EU27_2020,European Union - 27 countries (from 2020),2021,,14552,,,,,
dataflow,ESTAT:MIGR_RESFIRST(1.0),"First permits by reason, length of validity and citizenship",A,Annual,TOTAL,Total,ER,Eritrea,TOTAL,Total,PER,Person,EU27_2020,European Union - 27 countries (from 2020),2022,,14323,,,,,
dataflow,ESTAT:MIGR_RESFIRST(1.0),"First permits by reason, length of validity and citizenship",A,Annual,TOTAL,Total,ER,Eritrea,TOTAL,Total,PER,Person,EU27_2020,European Union - 27 countries (from 2020),2023,,15165,,,,,
dataflow,ESTAT:MIGR_RESFIRST(1.0),"First permits by reason, length of validity and citizenship",A,Annual,TOTAL,Total,ER,Eritrea,TOTAL,Total,PER,Person,EU28,European Union - 28 countries (2013-2020),2013,,8682,,,,,
dataflow,ESTAT:MIGR_RESFIRST(1.0),"First permits by reason, length of validity and citizenship",A,Annual,TOTAL,Total,ER,Eritrea,TOTAL,Total,PER,Person,EU28,European Union - 28 countries (2013-2020),2014,,16410,,,,,
dataflow,ESTAT:MIGR_RESFIRST(1.0),"First permits by reason, length of validity and citizenship",A,Annual,TOTAL,Total,ER,Eritrea,TOTAL,Total,PER,Person,EU28,European Union - 28 countries (2013-2020),2015,,21834,,,,,
dataflow,ESTAT:MIGR_RESFIRST(1.0),"First permits by reason, length of validity and citizenship",A,Annual,TOTAL,Total,ER,Eritrea,TOTAL,Total,PER,Person,EU28,European Union - 28 countries (2013-2020),2016,,34958,,,,,
dataflow,ESTAT:MIGR_RESFIRST(1.0),"First permits by reason, length of validity and citizenship",A,Annual,TOTAL,Total,ER,Eritrea,TOTAL,Total,PER,Person,EU28,European Union - 28 countries (2013-2020),2017,,34207,,,,,
dataflow,ESTAT:MIGR_RESFIRST(1.0),"First permits by reason, length of validity and citizenship",A,Annual,TOTAL,Total,ER,Eritrea,TOTAL,Total,PER,Person,EU28,European Union - 28 countries (2013-2020),2018,,29769,,,,,
dataflow,ESTAT:MIGR_RESFIRST(1.0),"First permits by reason, length of validity and citizenship",A,Annual,TOTAL,Total,ET,Ethiopia,TOTAL,Total,PER,Person,EU27_2020,European Union - 27 countries (from 2020),2013,,3694,,,,,
dataflow,ESTAT:MIGR_RESFIRST(1.0),"First permits by reason, length of validity and citizenship",A,Annual,TOTAL,Total,ET,Ethiopia,TOTAL,Total,PER,Person,EU27_2020,European Union - 27 countries (from 2020),2014,,3628,,,,,
dataflow,ESTAT:MIGR_RESFIRST(1.0),"First permits by reason, length of validity and citizenship",A,Annual,TOTAL,Total,ET,Ethiopia,TOTAL,Total,PER,Person,EU27_2020,European Union - 27 countries (from 2020),2015,,3265,,,,,
dataflow,ESTAT:MIGR_RESFIRST(1.0),"First permits by reason, length of validity and citizenship",A,Annual,TOTAL,Total,ET,Ethiopia,TOTAL,Total,PER,Person,EU27_2020,European Union - 27 countries (from 2020),2016,,4236,,,,,
dataflow,ESTAT:MIGR_RESFIRST(1.0),"First permits by reason, length of validity and citizenship",A,Annual,TOTAL,Total,ET,Ethiopia,TOTAL,Total,PER,Person,EU27_2020,European Union - 27 countries (from 2020),2017,,5590,,,,,
dataflow,ESTAT:MIGR_RESFIRST(1.0),"First permits by reason, length of validity and citizenship",A,Annual,TOTAL,Total,ET,Ethiopia,TOTAL,Total,PER,Person,EU27_2020,European Union - 27 countries (from 2020),2018,,5674,,,,,
dataflow,ESTAT:MIGR_RESFIRST(1.0),"First permits by reason, length of validity and citizenship",A,Annual,TOTAL,Total,ET,Ethiopia,TOTAL,Total,PER,Person,EU27_2020,European Union - 27 countries (from 2020),2019,,4922,,,,,
dataflow,ESTAT:MIGR_RESFIRST(1.0),"First permits by reason, length of validity and citizenship",A,Annual,TOTAL,Total,ET,Ethiopia,TOTAL,Total,PER,Person,EU27_2020,European Union - 27 countries (from 2020),2020,,4546,,,,,
dataflow,ESTAT:MIGR_RESFIRST(1.0),"First permits by reason, length of validity and citizenship",A,Annual,TOTAL,Total,ET,Ethiopia,TOTAL,Total,PER,Person,EU27_2020,European Union - 27 countries (from 2020),2021,,5969,,,,,
dataflow,ESTAT:MIGR_RESFIRST(1.0),"First permits by reason, length of validity and citizenship",A,Annual,TOTAL,Total,ET,Ethiopia,TOTAL,Total,PER,Person,EU27_2020,European Union - 27 countries (from 2020),2022,,6129,,,,,
dataflow,ESTAT:MIGR_RESFIRST(1.0),"First permits by reason, length of validity and citizenship",A,Annual,TOTAL,Total,ET,Ethiopia,TOTAL,Total,PER,Person,EU27_2020,European Union - 27 countries (from 2020),2023,,6739,,,,,
dataflow,ESTAT:MIGR_RESFIRST(1.0),"First permits by reason, length of validity and citizenship",A,Annual,TOTAL,Total,ET,Ethiopia,TOTAL,Total,PER,Person,EU28,European Union - 28 countries (2013-2020),2013,,4368,,,,,
dataflow,ESTAT:MIGR_RESFIRST(1.0),"First permits by reason, length of validity and citizenship",A,Annual,TOTAL,Total,ET,Ethiopia,TOTAL,Total,PER,Person,EU28,European Union - 28 countries (2013-2020),2014,,4246,,,,,
dataflow,ESTAT:MIGR_RESFIRST(1.0),"First permits by reason, length of validity and citizenship",A,Annual,TOTAL,Total,ET,Ethiopia,TOTAL,Total,PER,Person,EU28,European Union - 28 countries (2013-2020),2015,,4352,,,,,
dataflow,ESTAT:MIGR_RESFIRST(1.0),"First permits by reason, length of validity and citizenship",A,Annual,TOTAL,Total,ET,Ethiopia,TOTAL,Total,PER,Person,EU28,European Union - 28 countries (2013-2020),2016,,5146,,,,,
dataflow,ESTAT:MIGR_RESFIRST(1.0),"First permits by reason, length of validity and citizenship",A,Annual,TOTAL,Total,ET,Ethiopia,TOTAL,Total,PER,Person,EU28,European Union - 28 countries (2013-2020),2017,,6415,,,,,
dataflow,ESTAT:MIGR_RESFIRST(1.0),"First permits by reason, length of validity and citizenship",A,Annual,TOTAL,Total,ET,Ethiopia,TOTAL,Total,PER,Person,EU28,European Union - 28 countries (2013-2020),2018,,6300,,,,,
dataflow,ESTAT:MIGR_RESFIRST(1.0),"First permits by reason, length of validity and citizenship",A,Annual,TOTAL,Total,FJ,Fiji,TOTAL,Total,PER,Person,EU27_2020,European Union - 27 countries (from 2020),2013,,153,,,,,
dataflow,ESTAT:MIGR_RESFIRST(1.0),"First permits by reason, length of validity and citizenship",A,Annual,TOTAL,Total,FJ,Fiji,TOTAL,Total,PER,Person,EU27_2020,European Union - 27 countries (from 2020),2014,,150,,,,,
dataflow,ESTAT:MIGR_RESFIRST(1.0),"First permits by reason, length of validity and citizenship",A,Annual,TOTAL,Total,FJ,Fiji,TOTAL,Total,PER,Person,EU27_2020,European Union - 27 countries (from 2020),2015,,152,,,,,
dataflow,ESTAT:MIGR_RESFIRST(1.0),"First permits by reason, length of validity and citizenship",A,Annual,TOTAL,Total,FJ,Fiji,TOTAL,Total,PER,Person,EU27_2020,European Union - 27 countries (from 2020),2016,,131,,,,,
dataflow,ESTAT:MIGR_RESFIRST(1.0),"First permits by reason, length of validity and citizenship",A,Annual,TOTAL,Total,FJ,Fiji,TOTAL,Total,PER,Person,EU27_2020,European Union - 27 countries (from 2020),2017,,90,,,,,
dataflow,ESTAT:MIGR_RESFIRST(1.0),"First permits by reason, length of validity and citizenship",A,Annual,TOTAL,Total,FJ,Fiji,TOTAL,Total,PER,Person,EU27_2020,European Union - 27 countries (from 2020),2018,,106,,,,,
dataflow,ESTAT:MIGR_RESFIRST(1.0),"First permits by reason, length of validity and citizenship",A,Annual,TOTAL,Total,FJ,Fiji,TOTAL,Total,PER,Person,EU27_2020,European Union - 27 countries (from 2020),2019,,69,,,,,
dataflow,ESTAT:MIGR_RESFIRST(1.0),"First permits by reason, length of validity and citizenship",A,Annual,TOTAL,Total,FJ,Fiji,TOTAL,Total,PER,Person,EU27_2020,European Union - 27 countries (from 2020),2020,,60,,,,,
dataflow,ESTAT:MIGR_RESFIRST(1.0),"First permits by reason, length of validity and citizenship",A,Annual,TOTAL,Total,FJ,Fiji,TOTAL,Total,PER,Person,EU27_2020,European Union - 27 countries (from 2020),2021,,71,,,,,
dataflow,ESTAT:MIGR_RESFIRST(1.0),"First permits by reason, length of validity and citizenship",A,Annual,TOTAL,Total,FJ,Fiji,TOTAL,Total,PER,Person,EU27_2020,European Union - 27 countries (from 2020),2022,,99,,,,,
dataflow,ESTAT:MIGR_RESFIRST(1.0),"First permits by reason, length of validity and citizenship",A,Annual,TOTAL,Total,FJ,Fiji,TOTAL,Total,PER,Person,EU27_2020,European Union - 27 countries (from 2020),2023,,99,,,,,
dataflow,ESTAT:MIGR_RESFIRST(1.0),"First permits by reason, length of validity and citizenship",A,Annual,TOTAL,Total,FJ,Fiji,TOTAL,Total,PER,Person,EU28,European Union - 28 countries (2013-2020),2013,,700,,,,,
dataflow,ESTAT:MIGR_RESFIRST(1.0),"First permits by reason, length of validity and citizenship",A,Annual,TOTAL,Total,FJ,Fiji,TOTAL,Total,PER,Person,EU28,European Union - 28 countries (2013-2020),2014,,612,,,,,
dataflow,ESTAT:MIGR_RESFIRST(1.0),"First permits by reason, length of validity and citizenship",A,Annual,TOTAL,Total,FJ,Fiji,TOTAL,Total,PER,Person,EU28,European Union - 28 countries (2013-2020),2015,,556,,,,,
dataflow,ESTAT:MIGR_RESFIRST(1.0),"First permits by reason, length of validity and citizenship",A,Annual,TOTAL,Total,FJ,Fiji,TOTAL,Total,PER,Person,EU28,European Union - 28 countries (2013-2020),2016,,463,,,,,
dataflow,ESTAT:MIGR_RESFIRST(1.0),"First permits by reason, length of validity and citizenship",A,Annual,TOTAL,Total,FJ,Fiji,TOTAL,Total,PER,Person,EU28,European Union - 28 countries (2013-2020),2017,,345,,,,,
dataflow,ESTAT:MIGR_RESFIRST(1.0),"First permits by reason, length of validity and citizenship",A,Annual,TOTAL,Total,FJ,Fiji,TOTAL,Total,PER,Person,EU28,European Union - 28 countries (2013-2020),2018,,204,,,,,
dataflow,ESTAT:MIGR_RESFIRST(1.0),"First permits by reason, length of validity and citizenship",A,Annual,TOTAL,Total,FM,Federated States of Micronesia,TOTAL,Total,PER,Person,EU27_2020,European Union - 27 countries (from 2020),2013,,2,,,,,
dataflow,ESTAT:MIGR_RESFIRST(1.0),"First permits by reason, length of validity and citizenship",A,Annual,TOTAL,Total,FM,Federated States of Micronesia,TOTAL,Total,PER,Person,EU27_2020,European Union - 27 countries (from 2020),2014,,0,,,,,
dataflow,ESTAT:MIGR_RESFIRST(1.0),"First permits by reason, length of validity and citizenship",A,Annual,TOTAL,Total,FM,Federated States of Micronesia,TOTAL,Total,PER,Person,EU27_2020,European Union - 27 countries (from 2020),2015,,1,,,,,
dataflow,ESTAT:MIGR_RESFIRST(1.0),"First permits by reason, length of validity and citizenship",A,Annual,TOTAL,Total,FM,Federated States of Micronesia,TOTAL,Total,PER,Person,EU27_2020,European Union - 27 countries (from 2020),2016,,0,,,,,
dataflow,ESTAT:MIGR_RESFIRST(1.0),"First permits by reason, length of validity and citizenship",A,Annual,TOTAL,Total,FM,Federated States of Micronesia,TOTAL,Total,PER,Person,EU27_2020,European Union - 27 countries (from 2020),2017,,5,,,,,
dataflow,ESTAT:MIGR_RESFIRST(1.0),"First permits by reason, length of validity and citizenship",A,Annual,TOTAL,Total,FM,Federated States of Micronesia,TOTAL,Total,PER,Person,EU27_2020,European Union - 27 countries (from 2020),2018,,4,,,,,
dataflow,ESTAT:MIGR_RESFIRST(1.0),"First permits by reason, length of validity and citizenship",A,Annual,TOTAL,Total,FM,Federated States of Micronesia,TOTAL,Total,PER,Person,EU27_2020,European Union - 27 countries (from 2020),2019,,0,,,,,
dataflow,ESTAT:MIGR_RESFIRST(1.0),"First permits by reason, length of validity and citizenship",A,Annual,TOTAL,Total,FM,Federated States of Micronesia,TOTAL,Total,PER,Person,EU27_2020,European Union - 27 countries (from 2020),2020,,2,,,,,
dataflow,ESTAT:MIGR_RESFIRST(1.0),"First permits by reason, length of validity and citizenship",A,Annual,TOTAL,Total,FM,Federated States of Micronesia,TOTAL,Total,PER,Person,EU27_2020,European Union - 27 countries (from 2020),2021,,1,,,,,
dataflow,ESTAT:MIGR_RESFIRST(1.0),"First permits by reason, length of validity and citizenship",A,Annual,TOTAL,Total,FM,Federated States of Micronesia,TOTAL,Total,PER,Person,EU27_2020,European Union - 27 countries (from 2020),2022,,3,,,,,
dataflow,ESTAT:MIGR_RESFIRST(1.0),"First permits by reason, length of validity and citizenship",A,Annual,TOTAL,Total,FM,Federated States of Micronesia,TOTAL,Total,PER,Person,EU27_2020,European Union - 27 countries (from 2020),2023,,6,,,,,
dataflow,ESTAT:MIGR_RESFIRST(1.0),"First permits by reason, length of validity and citizenship",A,Annual,TOTAL,Total,FM,Federated States of Micronesia,TOTAL,Total,PER,Person,EU28,European Union - 28 countries (2013-2020),2013,,2,,,,,
dataflow,ESTAT:MIGR_RESFIRST(1.0),"First permits by reason, length of validity and citizenship",A,Annual,TOTAL,Total,FM,Federated States of Micronesia,TOTAL,Total,PER,Person,EU28,European Union - 28 countries (2013-2020),2014,,1,,,,,
dataflow,ESTAT:MIGR_RESFIRST(1.0),"First permits by reason, length of validity and citizenship",A,Annual,TOTAL,Total,FM,Federated States of Micronesia,TOTAL,Total,PER,Person,EU28,European Union - 28 countries (2013-2020),2015,,237,,,,,
dataflow,ESTAT:MIGR_RESFIRST(1.0),"First permits by reason, length of validity and citizenship",A,Annual,TOTAL,Total,FM,Federated States of Micronesia,TOTAL,Total,PER,Person,EU28,European Union - 28 countries (2013-2020),2016,,30,,,,,
dataflow,ESTAT:MIGR_RESFIRST(1.0),"First permits by reason, length of validity and citizenship",A,Annual,TOTAL,Total,FM,Federated States of Micronesia,TOTAL,Total,PER,Person,EU28,European Union - 28 countries (2013-2020),2017,,5,,,,,
dataflow,ESTAT:MIGR_RESFIRST(1.0),"First permits by reason, length of validity and citizenship",A,Annual,TOTAL,Total,FM,Federated States of Micronesia,TOTAL,Total,PER,Person,EU28,European Union - 28 countries (2013-2020),2018,,4,,,,,
dataflow,ESTAT:MIGR_RESFIRST(1.0),"First permits by reason, length of validity and citizenship",A,Annual,TOTAL,Total,GA,Gabon,TOTAL,Total,PER,Person,EU27_2020,European Union - 27 countries (from 2020),2013,,1218,,,,,
dataflow,ESTAT:MIGR_RESFIRST(1.0),"First permits by reason, length of validity and citizenship",A,Annual,TOTAL,Total,GA,Gabon,TOTAL,Total,PER,Person,EU27_2020,European Union - 27 countries (from 2020),2014,,1420,,,,,
dataflow,ESTAT:MIGR_RESFIRST(1.0),"First permits by reason, length of validity and citizenship",A,Annual,TOTAL,Total,GA,Gabon,TOTAL,Total,PER,Person,EU27_2020,European Union - 27 countries (from 2020),2015,,1749,,,,,
dataflow,ESTAT:MIGR_RESFIRST(1.0),"First permits by reason, length of validity and citizenship",A,Annual,TOTAL,Total,GA,Gabon,TOTAL,Total,PER,Person,EU27_2020,European Union - 27 countries (from 2020),2016,,1831,,,,,
dataflow,ESTAT:MIGR_RESFIRST(1.0),"First permits by reason, length of validity and citizenship",A,Annual,TOTAL,Total,GA,Gabon,TOTAL,Total,PER,Person,EU27_2020,European Union - 27 countries (from 2020),2017,,2101,,,,,
dataflow,ESTAT:MIGR_RESFIRST(1.0),"First permits by reason, length of validity and citizenship",A,Annual,TOTAL,Total,GA,Gabon,TOTAL,Total,PER,Person,EU27_2020,European Union - 27 countries (from 2020),2018,,2553,,,,,
dataflow,ESTAT:MIGR_RESFIRST(1.0),"First permits by reason, length of validity and citizenship",A,Annual,TOTAL,Total,GA,Gabon,TOTAL,Total,PER,Person,EU27_2020,European Union - 27 countries (from 2020),2019,,2929,,,,,
dataflow,ESTAT:MIGR_RESFIRST(1.0),"First permits by reason, length of validity and citizenship",A,Annual,TOTAL,Total,GA,Gabon,TOTAL,Total,PER,Person,EU27_2020,European Union - 27 countries (from 2020),2020,,2747,,,,,
dataflow,ESTAT:MIGR_RESFIRST(1.0),"First permits by reason, length of validity and citizenship",A,Annual,TOTAL,Total,GA,Gabon,TOTAL,Total,PER,Person,EU27_2020,European Union - 27 countries (from 2020),2021,,2779,,,,,
dataflow,ESTAT:MIGR_RESFIRST(1.0),"First permits by reason, length of validity and citizenship",A,Annual,TOTAL,Total,GA,Gabon,TOTAL,Total,PER,Person,EU27_2020,European Union - 27 countries (from 2020),2022,,2900,,,,,
dataflow,ESTAT:MIGR_RESFIRST(1.0),"First permits by reason, length of validity and citizenship",A,Annual,TOTAL,Total,GA,Gabon,TOTAL,Total,PER,Person,EU27_2020,European Union - 27 countries (from 2020),2023,,2920,,,,,
dataflow,ESTAT:MIGR_RESFIRST(1.0),"First permits by reason, length of validity and citizenship",A,Annual,TOTAL,Total,GA,Gabon,TOTAL,Total,PER,Person,EU28,European Union - 28 countries (2013-2020),2013,,1268,,,,,
dataflow,ESTAT:MIGR_RESFIRST(1.0),"First permits by reason, length of validity and citizenship",A,Annual,TOTAL,Total,GA,Gabon,TOTAL,Total,PER,Person,EU28,European Union - 28 countries (2013-2020),2014,,1468,,,,,
dataflow,ESTAT:MIGR_RESFIRST(1.0),"First permits by reason, length of validity and citizenship",A,Annual,TOTAL,Total,GA,Gabon,TOTAL,Total,PER,Person,EU28,European Union - 28 countries (2013-2020),2015,,1776,,,,,
dataflow,ESTAT:MIGR_RESFIRST(1.0),"First permits by reason, length of validity and citizenship",A,Annual,TOTAL,Total,GA,Gabon,TOTAL,Total,PER,Person,EU28,European Union - 28 countries (2013-2020),2016,,1853,,,,,
dataflow,ESTAT:MIGR_RESFIRST(1.0),"First permits by reason, length of validity and citizenship",A,Annual,TOTAL,Total,GA,Gabon,TOTAL,Total,PER,Person,EU28,European Union - 28 countries (2013-2020),2017,,2117,,,,,
dataflow,ESTAT:MIGR_RESFIRST(1.0),"First permits by reason, length of validity and citizenship",A,Annual,TOTAL,Total,GA,Gabon,TOTAL,Total,PER,Person,EU28,European Union - 28 countries (2013-2020),2018,,2574,,,,,
dataflow,ESTAT:MIGR_RESFIRST(1.0),"First permits by reason, length of validity and citizenship",A,Annual,TOTAL,Total,GD,Grenada,TOTAL,Total,PER,Person,EU27_2020,European Union - 27 countries (from 2020),2013,,22,,,,,
dataflow,ESTAT:MIGR_RESFIRST(1.0),"First permits by reason, length of validity and citizenship",A,Annual,TOTAL,Total,GD,Grenada,TOTAL,Total,PER,Person,EU27_2020,European Union - 27 countries (from 2020),2014,,15,,,,,
dataflow,ESTAT:MIGR_RESFIRST(1.0),"First permits by reason, length of validity and citizenship",A,Annual,TOTAL,Total,GD,Grenada,TOTAL,Total,PER,Person,EU27_2020,European Union - 27 countries (from 2020),2015,,16,,,,,
dataflow,ESTAT:MIGR_RESFIRST(1.0),"First permits by reason, length of validity and citizenship",A,Annual,TOTAL,Total,GD,Grenada,TOTAL,Total,PER,Person,EU27_2020,European Union - 27 countries (from 2020),2016,,28,,,,,
dataflow,ESTAT:MIGR_RESFIRST(1.0),"First permits by reason, length of validity and citizenship",A,Annual,TOTAL,Total,GD,Grenada,TOTAL,Total,PER,Person,EU27_2020,European Union - 27 countries (from 2020),2017,,23,,,,,
dataflow,ESTAT:MIGR_RESFIRST(1.0),"First permits by reason, length of validity and citizenship",A,Annual,TOTAL,Total,GD,Grenada,TOTAL,Total,PER,Person,EU27_2020,European Union - 27 countries (from 2020),2018,,33,,,,,
dataflow,ESTAT:MIGR_RESFIRST(1.0),"First permits by reason, length of validity and citizenship",A,Annual,TOTAL,Total,GD,Grenada,TOTAL,Total,PER,Person,EU27_2020,European Union - 27 countries (from 2020),2019,,23,,,,,
dataflow,ESTAT:MIGR_RESFIRST(1.0),"First permits by reason, length of validity and citizenship",A,Annual,TOTAL,Total,GD,Grenada,TOTAL,Total,PER,Person,EU27_2020,European Union - 27 countries (from 2020),2020,,20,,,,,
dataflow,ESTAT:MIGR_RESFIRST(1.0),"First permits by reason, length of validity and citizenship",A,Annual,TOTAL,Total,GD,Grenada,TOTAL,Total,PER,Person,EU27_2020,European Union - 27 countries (from 2020),2021,,38,,,,,
dataflow,ESTAT:MIGR_RESFIRST(1.0),"First permits by reason, length of validity and citizenship",A,Annual,TOTAL,Total,GD,Grenada,TOTAL,Total,PER,Person,EU27_2020,European Union - 27 countries (from 2020),2022,,68,,,,,
dataflow,ESTAT:MIGR_RESFIRST(1.0),"First permits by reason, length of validity and citizenship",A,Annual,TOTAL,Total,GD,Grenada,TOTAL,Total,PER,Person,EU27_2020,European Union - 27 countries (from 2020),2023,,105,,,,,
dataflow,ESTAT:MIGR_RESFIRST(1.0),"First permits by reason, length of validity and citizenship",A,Annual,TOTAL,Total,GD,Grenada,TOTAL,Total,PER,Person,EU28,European Union - 28 countries (2013-2020),2013,,263,,,,,
dataflow,ESTAT:MIGR_RESFIRST(1.0),"First permits by reason, length of validity and citizenship",A,Annual,TOTAL,Total,GD,Grenada,TOTAL,Total,PER,Person,EU28,European Union - 28 countries (2013-2020),2014,,139,,,,,
dataflow,ESTAT:MIGR_RESFIRST(1.0),"First permits by reason, length of validity and citizenship",A,Annual,TOTAL,Total,GD,Grenada,TOTAL,Total,PER,Person,EU28,European Union - 28 countries (2013-2020),2015,,95,,,,,
dataflow,ESTAT:MIGR_RESFIRST(1.0),"First permits by reason, length of validity and citizenship",A,Annual,TOTAL,Total,GD,Grenada,TOTAL,Total,PER,Person,EU28,European Union - 28 countries (2013-2020),2016,,150,,,,,
dataflow,ESTAT:MIGR_RESFIRST(1.0),"First permits by reason, length of validity and citizenship",A,Annual,TOTAL,Total,GD,Grenada,TOTAL,Total,PER,Person,EU28,European Union - 28 countries (2013-2020),2017,,200,,,,,
dataflow,ESTAT:MIGR_RESFIRST(1.0),"First permits by reason, length of validity and citizenship",A,Annual,TOTAL,Total,GD,Grenada,TOTAL,Total,PER,Person,EU28,European Union - 28 countries (2013-2020),2018,,198,,,,,
dataflow,ESTAT:MIGR_RESFIRST(1.0),"First permits by reason, length of validity and citizenship",A,Annual,TOTAL,Total,GE,Georgia,TOTAL,Total,PER,Person,EU27_2020,European Union - 27 countries (from 2020),2013,,9285,,,,,
dataflow,ESTAT:MIGR_RESFIRST(1.0),"First permits by reason, length of validity and citizenship",A,Annual,TOTAL,Total,GE,Georgia,TOTAL,Total,PER,Person,EU27_2020,European Union - 27 countries (from 2020),2014,,8381,,,,,
dataflow,ESTAT:MIGR_RESFIRST(1.0),"First permits by reason, length of validity and citizenship",A,Annual,TOTAL,Total,GE,Georgia,TOTAL,Total,PER,Person,EU27_2020,European Union - 27 countries (from 2020),2015,,7540,,,,,
dataflow,ESTAT:MIGR_RESFIRST(1.0),"First permits by reason, length of validity and citizenship",A,Annual,TOTAL,Total,GE,Georgia,TOTAL,Total,PER,Person,EU27_2020,European Union - 27 countries (from 2020),2016,,8626,,,,,
dataflow,ESTAT:MIGR_RESFIRST(1.0),"First permits by reason, length of validity and citizenship",A,Annual,TOTAL,Total,GE,Georgia,TOTAL,Total,PER,Person,EU27_2020,European Union - 27 countries (from 2020),2017,,9775,,,,,
dataflow,ESTAT:MIGR_RESFIRST(1.0),"First permits by reason, length of validity and citizenship",A,Annual,TOTAL,Total,GE,Georgia,TOTAL,Total,PER,Person,EU27_2020,European Union - 27 countries (from 2020),2018,,15418,,,,,
dataflow,ESTAT:MIGR_RESFIRST(1.0),"First permits by reason, length of validity and citizenship",A,Annual,TOTAL,Total,GE,Georgia,TOTAL,Total,PER,Person,EU27_2020,European Union - 27 countries (from 2020),2019,,23217,,,,,
dataflow,ESTAT:MIGR_RESFIRST(1.0),"First permits by reason, length of validity and citizenship",A,Annual,TOTAL,Total,GE,Georgia,TOTAL,Total,PER,Person,EU27_2020,European Union - 27 countries (from 2020),2020,,14854,,,,,
dataflow,ESTAT:MIGR_RESFIRST(1.0),"First permits by reason, length of validity and citizenship",A,Annual,TOTAL,Total,GE,Georgia,TOTAL,Total,PER,Person,EU27_2020,European Union - 27 countries (from 2020),2021,,22900,,,,,
dataflow,ESTAT:MIGR_RESFIRST(1.0),"First permits by reason, length of validity and citizenship",A,Annual,TOTAL,Total,GE,Georgia,TOTAL,Total,PER,Person,EU27_2020,European Union - 27 countries (from 2020),2022,,38038,,,,,
dataflow,ESTAT:MIGR_RESFIRST(1.0),"First permits by reason, length of validity and citizenship",A,Annual,TOTAL,Total,GE,Georgia,TOTAL,Total,PER,Person,EU27_2020,European Union - 27 countries (from 2020),2023,,34261,,,,,
dataflow,ESTAT:MIGR_RESFIRST(1.0),"First permits by reason, length of validity and citizenship",A,Annual,TOTAL,Total,GE,Georgia,TOTAL,Total,PER,Person,EU28,European Union - 28 countries (2013-2020),2013,,9850,,,,,
dataflow,ESTAT:MIGR_RESFIRST(1.0),"First permits by reason, length of validity and citizenship",A,Annual,TOTAL,Total,GE,Georgia,TOTAL,Total,PER,Person,EU28,European Union - 28 countries (2013-2020),2014,,8902,,,,,
dataflow,ESTAT:MIGR_RESFIRST(1.0),"First permits by reason, length of validity and citizenship",A,Annual,TOTAL,Total,GE,Georgia,TOTAL,Total,PER,Person,EU28,European Union - 28 countries (2013-2020),2015,,7907,,,,,
dataflow,ESTAT:MIGR_RESFIRST(1.0),"First permits by reason, length of validity and citizenship",A,Annual,TOTAL,Total,GE,Georgia,TOTAL,Total,PER,Person,EU28,European Union - 28 countries (2013-2020),2016,,9151,,,,,
dataflow,ESTAT:MIGR_RESFIRST(1.0),"First permits by reason, length of validity and citizenship",A,Annual,TOTAL,Total,GE,Georgia,TOTAL,Total,PER,Person,EU28,European Union - 28 countries (2013-2020),2017,,10333,,,,,
dataflow,ESTAT:MIGR_RESFIRST(1.0),"First permits by reason, length of validity and citizenship",A,Annual,TOTAL,Total,GE,Georgia,TOTAL,Total,PER,Person,EU28,European Union - 28 countries (2013-2020),2018,,15817,,,,,
dataflow,ESTAT:MIGR_RESFIRST(1.0),"First permits by reason, length of validity and citizenship",A,Annual,TOTAL,Total,GH,Ghana,TOTAL,Total,PER,Person,EU27_2020,European Union - 27 countries (from 2020),2013,,7773,,,,,
dataflow,ESTAT:MIGR_RESFIRST(1.0),"First permits by reason, length of validity and citizenship",A,Annual,TOTAL,Total,GH,Ghana,TOTAL,Total,PER,Person,EU27_2020,European Union - 27 countries (from 2020),2014,,7062,,,,,
dataflow,ESTAT:MIGR_RESFIRST(1.0),"First permits by reason, length of validity and citizenship",A,Annual,TOTAL,Total,GH,Ghana,TOTAL,Total,PER,Person,EU27_2020,European Union - 27 countries (from 2020),2015,,7401,,,,,
dataflow,ESTAT:MIGR_RESFIRST(1.0),"First permits by reason, length of validity and citizenship",A,Annual,TOTAL,Total,GH,Ghana,TOTAL,Total,PER,Person,EU27_2020,European Union - 27 countries (from 2020),2016,,10102,,,,,
dataflow,ESTAT:MIGR_RESFIRST(1.0),"First permits by reason, length of validity and citizenship",A,Annual,TOTAL,Total,GH,Ghana,TOTAL,Total,PER,Person,EU27_2020,European Union - 27 countries (from 2020),2017,,12646,,,,,
dataflow,ESTAT:MIGR_RESFIRST(1.0),"First permits by reason, length of validity and citizenship",A,Annual,TOTAL,Total,GH,Ghana,TOTAL,Total,PER,Person,EU27_2020,European Union - 27 countries (from 2020),2018,,11658,,,,,
dataflow,ESTAT:MIGR_RESFIRST(1.0),"First permits by reason, length of validity and citizenship",A,Annual,TOTAL,Total,GH,Ghana,TOTAL,Total,PER,Person,EU27_2020,European Union - 27 countries (from 2020),2019,,10086,,,,,
dataflow,ESTAT:MIGR_RESFIRST(1.0),"First permits by reason, length of validity and citizenship",A,Annual,TOTAL,Total,GH,Ghana,TOTAL,Total,PER,Person,EU27_2020,European Union - 27 countries (from 2020),2020,,8329,,,,,
dataflow,ESTAT:MIGR_RESFIRST(1.0),"First permits by reason, length of validity and citizenship",A,Annual,TOTAL,Total,GH,Ghana,TOTAL,Total,PER,Person,EU27_2020,European Union - 27 countries (from 2020),2021,,12454,,,,,
dataflow,ESTAT:MIGR_RESFIRST(1.0),"First permits by reason, length of validity and citizenship",A,Annual,TOTAL,Total,GH,Ghana,TOTAL,Total,PER,Person,EU27_2020,European Union - 27 countries (from 2020),2022,,14100,,,,,
dataflow,ESTAT:MIGR_RESFIRST(1.0),"First permits by reason, length of validity and citizenship",A,Annual,TOTAL,Total,GH,Ghana,TOTAL,Total,PER,Person,EU27_2020,European Union - 27 countries (from 2020),2023,,14443,,,,,
dataflow,ESTAT:MIGR_RESFIRST(1.0),"First permits by reason, length of validity and citizenship",A,Annual,TOTAL,Total,GH,Ghana,TOTAL,Total,PER,Person,EU28,European Union - 28 countries (2013-2020),2013,,12073,,,,,
dataflow,ESTAT:MIGR_RESFIRST(1.0),"First permits by reason, length of validity and citizenship",A,Annual,TOTAL,Total,GH,Ghana,TOTAL,Total,PER,Person,EU28,European Union - 28 countries (2013-2020),2014,,11635,,,,,
dataflow,ESTAT:MIGR_RESFIRST(1.0),"First permits by reason, length of validity and citizenship",A,Annual,TOTAL,Total,GH,Ghana,TOTAL,Total,PER,Person,EU28,European Union - 28 countries (2013-2020),2015,,11474,,,,,
dataflow,ESTAT:MIGR_RESFIRST(1.0),"First permits by reason, length of validity and citizenship",A,Annual,TOTAL,Total,GH,Ghana,TOTAL,Total,PER,Person,EU28,European Union - 28 countries (2013-2020),2016,,13996,,,,,
dataflow,ESTAT:MIGR_RESFIRST(1.0),"First permits by reason, length of validity and citizenship",A,Annual,TOTAL,Total,GH,Ghana,TOTAL,Total,PER,Person,EU28,European Union - 28 countries (2013-2020),2017,,17107,,,,,
dataflow,ESTAT:MIGR_RESFIRST(1.0),"First permits by reason, length of validity and citizenship",A,Annual,TOTAL,Total,GH,Ghana,TOTAL,Total,PER,Person,EU28,European Union - 28 countries (2013-2020),2018,,15976,,,,,
dataflow,ESTAT:MIGR_RESFIRST(1.0),"First permits by reason, length of validity and citizenship",A,Annual,TOTAL,Total,GM,"Gambia, The",TOTAL,Total,PER,Person,EU27_2020,European Union - 27 countries (from 2020),2013,,2600,,,,,
dataflow,ESTAT:MIGR_RESFIRST(1.0),"First permits by reason, length of validity and citizenship",A,Annual,TOTAL,Total,GM,"Gambia, The",TOTAL,Total,PER,Person,EU27_2020,European Union - 27 countries (from 2020),2014,,2874,,,,,
dataflow,ESTAT:MIGR_RESFIRST(1.0),"First permits by reason, length of validity and citizenship",A,Annual,TOTAL,Total,GM,"Gambia, The",TOTAL,Total,PER,Person,EU27_2020,European Union - 27 countries (from 2020),2015,,2789,,,,,
dataflow,ESTAT:MIGR_RESFIRST(1.0),"First permits by reason, length of validity and citizenship",A,Annual,TOTAL,Total,GM,"Gambia, The",TOTAL,Total,PER,Person,EU27_2020,European Union - 27 countries (from 2020),2016,,9275,,,,,
dataflow,ESTAT:MIGR_RESFIRST(1.0),"First permits by reason, length of validity and citizenship",A,Annual,TOTAL,Total,GM,"Gambia, The",TOTAL,Total,PER,Person,EU27_2020,European Union - 27 countries (from 2020),2017,,10620,,,,,
dataflow,ESTAT:MIGR_RESFIRST(1.0),"First permits by reason, length of validity and citizenship",A,Annual,TOTAL,Total,GM,"Gambia, The",TOTAL,Total,PER,Person,EU27_2020,European Union - 27 countries (from 2020),2018,,6853,,,,,
dataflow,ESTAT:MIGR_RESFIRST(1.0),"First permits by reason, length of validity and citizenship",A,Annual,TOTAL,Total,GM,"Gambia, The",TOTAL,Total,PER,Person,EU27_2020,European Union - 27 countries (from 2020),2019,,5282,,,,,
dataflow,ESTAT:MIGR_RESFIRST(1.0),"First permits by reason, length of validity and citizenship",A,Annual,TOTAL,Total,GM,"Gambia, The",TOTAL,Total,PER,Person,EU27_2020,European Union - 27 countries (from 2020),2020,,4550,,,,,
dataflow,ESTAT:MIGR_RESFIRST(1.0),"First permits by reason, length of validity and citizenship",A,Annual,TOTAL,Total,GM,"Gambia, The",TOTAL,Total,PER,Person,EU27_2020,European Union - 27 countries (from 2020),2021,,6731,,,,,
dataflow,ESTAT:MIGR_RESFIRST(1.0),"First permits by reason, length of validity and citizenship",A,Annual,TOTAL,Total,GM,"Gambia, The",TOTAL,Total,PER,Person,EU27_2020,European Union - 27 countries (from 2020),2022,,8144,,,,,
dataflow,ESTAT:MIGR_RESFIRST(1.0),"First permits by reason, length of validity and citizenship",A,Annual,TOTAL,Total,GM,"Gambia, The",TOTAL,Total,PER,Person,EU27_2020,European Union - 27 countries (from 2020),2023,,9599,,,,,
dataflow,ESTAT:MIGR_RESFIRST(1.0),"First permits by reason, length of validity and citizenship",A,Annual,TOTAL,Total,GM,"Gambia, The",TOTAL,Total,PER,Person,EU28,European Union - 28 countries (2013-2020),2013,,3362,,,,,
dataflow,ESTAT:MIGR_RESFIRST(1.0),"First permits by reason, length of validity and citizenship",A,Annual,TOTAL,Total,GM,"Gambia, The",TOTAL,Total,PER,Person,EU28,European Union - 28 countries (2013-2020),2014,,3783,,,,,
dataflow,ESTAT:MIGR_RESFIRST(1.0),"First permits by reason, length of validity and citizenship",A,Annual,TOTAL,Total,GM,"Gambia, The",TOTAL,Total,PER,Person,EU28,European Union - 28 countries (2013-2020),2015,,3653,,,,,
dataflow,ESTAT:MIGR_RESFIRST(1.0),"First permits by reason, length of validity and citizenship",A,Annual,TOTAL,Total,GM,"Gambia, The",TOTAL,Total,PER,Person,EU28,European Union - 28 countries (2013-2020),2016,,9949,,,,,
dataflow,ESTAT:MIGR_RESFIRST(1.0),"First permits by reason, length of validity and citizenship",A,Annual,TOTAL,Total,GM,"Gambia, The",TOTAL,Total,PER,Person,EU28,European Union - 28 countries (2013-2020),2017,,11303,,,,,
dataflow,ESTAT:MIGR_RESFIRST(1.0),"First permits by reason, length of validity and citizenship",A,Annual,TOTAL,Total,GM,"Gambia, The",TOTAL,Total,PER,Person,EU28,European Union - 28 countries (2013-2020),2018,,7601,,,,,
dataflow,ESTAT:MIGR_RESFIRST(1.0),"First permits by reason, length of validity and citizenship",A,Annual,TOTAL,Total,GN,Guinea,TOTAL,Total,PER,Person,EU27_2020,European Union - 27 countries (from 2020),2013,,5222,,,,,
dataflow,ESTAT:MIGR_RESFIRST(1.0),"First permits by reason, length of validity and citizenship",A,Annual,TOTAL,Total,GN,Guinea,TOTAL,Total,PER,Person,EU27_2020,European Union - 27 countries (from 2020),2014,,5698,,,,,
dataflow,ESTAT:MIGR_RESFIRST(1.0),"First permits by reason, length of validity and citizenship",A,Annual,TOTAL,Total,GN,Guinea,TOTAL,Total,PER,Person,EU27_2020,European Union - 27 countries (from 2020),2015,,6286,,,,,
dataflow,ESTAT:MIGR_RESFIRST(1.0),"First permits by reason, length of validity and citizenship",A,Annual,TOTAL,Total,GN,Guinea,TOTAL,Total,PER,Person,EU27_2020,European Union - 27 countries (from 2020),2016,,10011,,,,,
dataflow,ESTAT:MIGR_RESFIRST(1.0),"First permits by reason, length of validity and citizenship",A,Annual,TOTAL,Total,GN,Guinea,TOTAL,Total,PER,Person,EU27_2020,European Union - 27 countries (from 2020),2017,,13244,,,,,
dataflow,ESTAT:MIGR_RESFIRST(1.0),"First permits by reason, length of validity and citizenship",A,Annual,TOTAL,Total,GN,Guinea,TOTAL,Total,PER,Person,EU27_2020,European Union - 27 countries (from 2020),2018,,10358,,,,,
dataflow,ESTAT:MIGR_RESFIRST(1.0),"First permits by reason, length of validity and citizenship",A,Annual,TOTAL,Total,GN,Guinea,TOTAL,Total,PER,Person,EU27_2020,European Union - 27 countries (from 2020),2019,,10552,,,,,
dataflow,ESTAT:MIGR_RESFIRST(1.0),"First permits by reason, length of validity and citizenship",A,Annual,TOTAL,Total,GN,Guinea,TOTAL,Total,PER,Person,EU27_2020,European Union - 27 countries (from 2020),2020,,10580,,,,,
dataflow,ESTAT:MIGR_RESFIRST(1.0),"First permits by reason, length of validity and citizenship",A,Annual,TOTAL,Total,GN,Guinea,TOTAL,Total,PER,Person,EU27_2020,European Union - 27 countries (from 2020),2021,,14338,,,,,
dataflow,ESTAT:MIGR_RESFIRST(1.0),"First permits by reason, length of validity and citizenship",A,Annual,TOTAL,Total,GN,Guinea,TOTAL,Total,PER,Person,EU27_2020,European Union - 27 countries (from 2020),2022,,14463,,,,,
dataflow,ESTAT:MIGR_RESFIRST(1.0),"First permits by reason, length of validity and citizenship",A,Annual,TOTAL,Total,GN,Guinea,TOTAL,Total,PER,Person,EU27_2020,European Union - 27 countries (from 2020),2023,,17166,,,,,
dataflow,ESTAT:MIGR_RESFIRST(1.0),"First permits by reason, length of validity and citizenship",A,Annual,TOTAL,Total,GN,Guinea,TOTAL,Total,PER,Person,EU28,European Union - 28 countries (2013-2020),2013,,5414,,,,,
dataflow,ESTAT:MIGR_RESFIRST(1.0),"First permits by reason, length of validity and citizenship",A,Annual,TOTAL,Total,GN,Guinea,TOTAL,Total,PER,Person,EU28,European Union - 28 countries (2013-2020),2014,,5874,,,,,
dataflow,ESTAT:MIGR_RESFIRST(1.0),"First permits by reason, length of validity and citizenship",A,Annual,TOTAL,Total,GN,Guinea,TOTAL,Total,PER,Person,EU28,European Union - 28 countries (2013-2020),2015,,6406,,,,,
dataflow,ESTAT:MIGR_RESFIRST(1.0),"First permits by reason, length of validity and citizenship",A,Annual,TOTAL,Total,GN,Guinea,TOTAL,Total,PER,Person,EU28,European Union - 28 countries (2013-2020),2016,,10131,,,,,
dataflow,ESTAT:MIGR_RESFIRST(1.0),"First permits by reason, length of validity and citizenship",A,Annual,TOTAL,Total,GN,Guinea,TOTAL,Total,PER,Person,EU28,European Union - 28 countries (2013-2020),2017,,13375,,,,,
dataflow,ESTAT:MIGR_RESFIRST(1.0),"First permits by reason, length of validity and citizenship",A,Annual,TOTAL,Total,GN,Guinea,TOTAL,Total,PER,Person,EU28,European Union - 28 countries (2013-2020),2018,,10488,,,,,
dataflow,ESTAT:MIGR_RESFIRST(1.0),"First permits by reason, length of validity and citizenship",A,Annual,TOTAL,Total,GQ,Equatorial Guinea,TOTAL,Total,PER,Person,EU27_2020,European Union - 27 countries (from 2020),2013,,1172,,,,,
dataflow,ESTAT:MIGR_RESFIRST(1.0),"First permits by reason, length of validity and citizenship",A,Annual,TOTAL,Total,GQ,Equatorial Guinea,TOTAL,Total,PER,Person,EU27_2020,European Union - 27 countries (from 2020),2014,,1122,,,,,
dataflow,ESTAT:MIGR_RESFIRST(1.0),"First permits by reason, length of validity and citizenship",A,Annual,TOTAL,Total,GQ,Equatorial Guinea,TOTAL,Total,PER,Person,EU27_2020,European Union - 27 countries (from 2020),2015,,1111,,,,,
dataflow,ESTAT:MIGR_RESFIRST(1.0),"First permits by reason, length of validity and citizenship",A,Annual,TOTAL,Total,GQ,Equatorial Guinea,TOTAL,Total,PER,Person,EU27_2020,European Union - 27 countries (from 2020),2016,,1041,,,,,
dataflow,ESTAT:MIGR_RESFIRST(1.0),"First permits by reason, length of validity and citizenship",A,Annual,TOTAL,Total,GQ,Equatorial Guinea,TOTAL,Total,PER,Person,EU27_2020,European Union - 27 countries (from 2020),2017,,1145,,,,,
dataflow,ESTAT:MIGR_RESFIRST(1.0),"First permits by reason, length of validity and citizenship",A,Annual,TOTAL,Total,GQ,Equatorial Guinea,TOTAL,Total,PER,Person,EU27_2020,European Union - 27 countries (from 2020),2018,,1172,,,,,
dataflow,ESTAT:MIGR_RESFIRST(1.0),"First permits by reason, length of validity and citizenship",A,Annual,TOTAL,Total,GQ,Equatorial Guinea,TOTAL,Total,PER,Person,EU27_2020,European Union - 27 countries (from 2020),2019,,1176,,,,,
dataflow,ESTAT:MIGR_RESFIRST(1.0),"First permits by reason, length of validity and citizenship",A,Annual,TOTAL,Total,GQ,Equatorial Guinea,TOTAL,Total,PER,Person,EU27_2020,European Union - 27 countries (from 2020),2020,,1101,,,,,
dataflow,ESTAT:MIGR_RESFIRST(1.0),"First permits by reason, length of validity and citizenship",A,Annual,TOTAL,Total,GQ,Equatorial Guinea,TOTAL,Total,PER,Person,EU27_2020,European Union - 27 countries (from 2020),2021,,1542,,,,,
dataflow,ESTAT:MIGR_RESFIRST(1.0),"First permits by reason, length of validity and citizenship",A,Annual,TOTAL,Total,GQ,Equatorial Guinea,TOTAL,Total,PER,Person,EU27_2020,European Union - 27 countries (from 2020),2022,,1796,,,,,
dataflow,ESTAT:MIGR_RESFIRST(1.0),"First permits by reason, length of validity and citizenship",A,Annual,TOTAL,Total,GQ,Equatorial Guinea,TOTAL,Total,PER,Person,EU27_2020,European Union - 27 countries (from 2020),2023,,2230,,,,,
dataflow,ESTAT:MIGR_RESFIRST(1.0),"First permits by reason, length of validity and citizenship",A,Annual,TOTAL,Total,GQ,Equatorial Guinea,TOTAL,Total,PER,Person,EU28,European Union - 28 countries (2013-2020),2013,,1203,,,,,
dataflow,ESTAT:MIGR_RESFIRST(1.0),"First permits by reason, length of validity and citizenship",A,Annual,TOTAL,Total,GQ,Equatorial Guinea,TOTAL,Total,PER,Person,EU28,European Union - 28 countries (2013-2020),2014,,1154,,,,,
dataflow,ESTAT:MIGR_RESFIRST(1.0),"First permits by reason, length of validity and citizenship",A,Annual,TOTAL,Total,GQ,Equatorial Guinea,TOTAL,Total,PER,Person,EU28,European Union - 28 countries (2013-2020),2015,,1132,,,,,
dataflow,ESTAT:MIGR_RESFIRST(1.0),"First permits by reason, length of validity and citizenship",A,Annual,TOTAL,Total,GQ,Equatorial Guinea,TOTAL,Total,PER,Person,EU28,European Union - 28 countries (2013-2020),2016,,1071,,,,,
dataflow,ESTAT:MIGR_RESFIRST(1.0),"First permits by reason, length of validity and citizenship",A,Annual,TOTAL,Total,GQ,Equatorial Guinea,TOTAL,Total,PER,Person,EU28,European Union - 28 countries (2013-2020),2017,,1164,,,,,
dataflow,ESTAT:MIGR_RESFIRST(1.0),"First permits by reason, length of validity and citizenship",A,Annual,TOTAL,Total,GQ,Equatorial Guinea,TOTAL,Total,PER,Person,EU28,European Union - 28 countries (2013-2020),2018,,1201,,,,,
dataflow,ESTAT:MIGR_RESFIRST(1.0),"First permits by reason, length of validity and citizenship",A,Annual,TOTAL,Total,GT,Guatemala,TOTAL,Total,PER,Person,EU27_2020,European Union - 27 countries (from 2020),2013,,1008,,,,,
dataflow,ESTAT:MIGR_RESFIRST(1.0),"First permits by reason, length of validity and citizenship",A,Annual,TOTAL,Total,GT,Guatemala,TOTAL,Total,PER,Person,EU27_2020,European Union - 27 countries (from 2020),2014,,1072,,,,,
dataflow,ESTAT:MIGR_RESFIRST(1.0),"First permits by reason, length of validity and citizenship",A,Annual,TOTAL,Total,GT,Guatemala,TOTAL,Total,PER,Person,EU27_2020,European Union - 27 countries (from 2020),2015,,1082,,,,,
dataflow,ESTAT:MIGR_RESFIRST(1.0),"First permits by reason, length of validity and citizenship",A,Annual,TOTAL,Total,GT,Guatemala,TOTAL,Total,PER,Person,EU27_2020,European Union - 27 countries (from 2020),2016,,1147,,,,,
dataflow,ESTAT:MIGR_RESFIRST(1.0),"First permits by reason, length of validity and citizenship",A,Annual,TOTAL,Total,GT,Guatemala,TOTAL,Total,PER,Person,EU27_2020,European Union - 27 countries (from 2020),2017,,1167,,,,,
dataflow,ESTAT:MIGR_RESFIRST(1.0),"First permits by reason, length of validity and citizenship",A,Annual,TOTAL,Total,GT,Guatemala,TOTAL,Total,PER,Person,EU27_2020,European Union - 27 countries (from 2020),2018,,1492,,,,,
dataflow,ESTAT:MIGR_RESFIRST(1.0),"First permits by reason, length of validity and citizenship",A,Annual,TOTAL,Total,GT,Guatemala,TOTAL,Total,PER,Person,EU27_2020,European Union - 27 countries (from 2020),2019,,1632,,,,,
dataflow,ESTAT:MIGR_RESFIRST(1.0),"First permits by reason, length of validity and citizenship",A,Annual,TOTAL,Total,GT,Guatemala,TOTAL,Total,PER,Person,EU27_2020,European Union - 27 countries (from 2020),2020,,1317,,,,,
dataflow,ESTAT:MIGR_RESFIRST(1.0),"First permits by reason, length of validity and citizenship",A,Annual,TOTAL,Total,GT,Guatemala,TOTAL,Total,PER,Person,EU27_2020,European Union - 27 countries (from 2020),2021,,1750,,,,,
dataflow,ESTAT:MIGR_RESFIRST(1.0),"First permits by reason, length of validity and citizenship",A,Annual,TOTAL,Total,GT,Guatemala,TOTAL,Total,PER,Person,EU27_2020,European Union - 27 countries (from 2020),2022,,2572,,,,,
dataflow,ESTAT:MIGR_RESFIRST(1.0),"First permits by reason, length of validity and citizenship",A,Annual,TOTAL,Total,GT,Guatemala,TOTAL,Total,PER,Person,EU27_2020,European Union - 27 countries (from 2020),2023,,2803,,,,,
dataflow,ESTAT:MIGR_RESFIRST(1.0),"First permits by reason, length of validity and citizenship",A,Annual,TOTAL,Total,GT,Guatemala,TOTAL,Total,PER,Person,EU28,European Union - 28 countries (2013-2020),2013,,1316,,,,,
dataflow,ESTAT:MIGR_RESFIRST(1.0),"First permits by reason, length of validity and citizenship",A,Annual,TOTAL,Total,GT,Guatemala,TOTAL,Total,PER,Person,EU28,European Union - 28 countries (2013-2020),2014,,1131,,,,,
dataflow,ESTAT:MIGR_RESFIRST(1.0),"First permits by reason, length of validity and citizenship",A,Annual,TOTAL,Total,GT,Guatemala,TOTAL,Total,PER,Person,EU28,European Union - 28 countries (2013-2020),2015,,1187,,,,,
dataflow,ESTAT:MIGR_RESFIRST(1.0),"First permits by reason, length of validity and citizenship",A,Annual,TOTAL,Total,GT,Guatemala,TOTAL,Total,PER,Person,EU28,European Union - 28 countries (2013-2020),2016,,1231,,,,,
dataflow,ESTAT:MIGR_RESFIRST(1.0),"First permits by reason, length of validity and citizenship",A,Annual,TOTAL,Total,GT,Guatemala,TOTAL,Total,PER,Person,EU28,European Union - 28 countries (2013-2020),2017,,1234,,,,,
dataflow,ESTAT:MIGR_RESFIRST(1.0),"First permits by reason, length of validity and citizenship",A,Annual,TOTAL,Total,GT,Guatemala,TOTAL,Total,PER,Person,EU28,European Union - 28 countries (2013-2020),2018,,1552,,,,,
dataflow,ESTAT:MIGR_RESFIRST(1.0),"First permits by reason, length of validity and citizenship",A,Annual,TOTAL,Total,GW,Guinea-Bissau,TOTAL,Total,PER,Person,EU27_2020,European Union - 27 countries (from 2020),2013,,2056,,,,,
dataflow,ESTAT:MIGR_RESFIRST(1.0),"First permits by reason, length of validity and citizenship",A,Annual,TOTAL,Total,GW,Guinea-Bissau,TOTAL,Total,PER,Person,EU27_2020,European Union - 27 countries (from 2020),2014,,2230,,,,,
dataflow,ESTAT:MIGR_RESFIRST(1.0),"First permits by reason, length of validity and citizenship",A,Annual,TOTAL,Total,GW,Guinea-Bissau,TOTAL,Total,PER,Person,EU27_2020,European Union - 27 countries (from 2020),2015,,2093,,,,,
dataflow,ESTAT:MIGR_RESFIRST(1.0),"First permits by reason, length of validity and citizenship",A,Annual,TOTAL,Total,GW,Guinea-Bissau,TOTAL,Total,PER,Person,EU27_2020,European Union - 27 countries (from 2020),2016,,1986,,,,,
dataflow,ESTAT:MIGR_RESFIRST(1.0),"First permits by reason, length of validity and citizenship",A,Annual,TOTAL,Total,GW,Guinea-Bissau,TOTAL,Total,PER,Person,EU27_2020,European Union - 27 countries (from 2020),2017,,2494,,,,,
dataflow,ESTAT:MIGR_RESFIRST(1.0),"First permits by reason, length of validity and citizenship",A,Annual,TOTAL,Total,GW,Guinea-Bissau,TOTAL,Total,PER,Person,EU27_2020,European Union - 27 countries (from 2020),2018,,2907,,,,,
dataflow,ESTAT:MIGR_RESFIRST(1.0),"First permits by reason, length of validity and citizenship",A,Annual,TOTAL,Total,GW,Guinea-Bissau,TOTAL,Total,PER,Person,EU27_2020,European Union - 27 countries (from 2020),2019,,4377,,,,,
dataflow,ESTAT:MIGR_RESFIRST(1.0),"First permits by reason, length of validity and citizenship",A,Annual,TOTAL,Total,GW,Guinea-Bissau,TOTAL,Total,PER,Person,EU27_2020,European Union - 27 countries (from 2020),2020,,4103,,,,,
dataflow,ESTAT:MIGR_RESFIRST(1.0),"First permits by reason, length of validity and citizenship",A,Annual,TOTAL,Total,GW,Guinea-Bissau,TOTAL,Total,PER,Person,EU27_2020,European Union - 27 countries (from 2020),2021,,4692,,,,,
dataflow,ESTAT:MIGR_RESFIRST(1.0),"First permits by reason, length of validity and citizenship",A,Annual,TOTAL,Total,GW,Guinea-Bissau,TOTAL,Total,PER,Person,EU27_2020,European Union - 27 countries (from 2020),2022,,4783,,,,,
dataflow,ESTAT:MIGR_RESFIRST(1.0),"First permits by reason, length of validity and citizenship",A,Annual,TOTAL,Total,GW,Guinea-Bissau,TOTAL,Total,PER,Person,EU27_2020,European Union - 27 countries (from 2020),2023,,6498,,,,,
dataflow,ESTAT:MIGR_RESFIRST(1.0),"First permits by reason, length of validity and citizenship",A,Annual,TOTAL,Total,GW,Guinea-Bissau,TOTAL,Total,PER,Person,EU28,European Union - 28 countries (2013-2020),2013,,2156,,,,,
dataflow,ESTAT:MIGR_RESFIRST(1.0),"First permits by reason, length of validity and citizenship",A,Annual,TOTAL,Total,GW,Guinea-Bissau,TOTAL,Total,PER,Person,EU28,European Union - 28 countries (2013-2020),2014,,2349,,,,,
dataflow,ESTAT:MIGR_RESFIRST(1.0),"First permits by reason, length of validity and citizenship",A,Annual,TOTAL,Total,GW,Guinea-Bissau,TOTAL,Total,PER,Person,EU28,European Union - 28 countries (2013-2020),2015,,2242,,,,,
dataflow,ESTAT:MIGR_RESFIRST(1.0),"First permits by reason, length of validity and citizenship",A,Annual,TOTAL,Total,GW,Guinea-Bissau,TOTAL,Total,PER,Person,EU28,European Union - 28 countries (2013-2020),2016,,2088,,,,,
dataflow,ESTAT:MIGR_RESFIRST(1.0),"First permits by reason, length of validity and citizenship",A,Annual,TOTAL,Total,GW,Guinea-Bissau,TOTAL,Total,PER,Person,EU28,European Union - 28 countries (2013-2020),2017,,2597,,,,,
dataflow,ESTAT:MIGR_RESFIRST(1.0),"First permits by reason, length of validity and citizenship",A,Annual,TOTAL,Total,GW,Guinea-Bissau,TOTAL,Total,PER,Person,EU28,European Union - 28 countries (2013-2020),2018,,3006,,,,,
dataflow,ESTAT:MIGR_RESFIRST(1.0),"First permits by reason, length of validity and citizenship",A,Annual,TOTAL,Total,GY,Guyana,TOTAL,Total,PER,Person,EU27_2020,European Union - 27 countries (from 2020),2013,,284,,,,,
dataflow,ESTAT:MIGR_RESFIRST(1.0),"First permits by reason, length of validity and citizenship",A,Annual,TOTAL,Total,GY,Guyana,TOTAL,Total,PER,Person,EU27_2020,European Union - 27 countries (from 2020),2014,,226,,,,,
dataflow,ESTAT:MIGR_RESFIRST(1.0),"First permits by reason, length of validity and citizenship",A,Annual,TOTAL,Total,GY,Guyana,TOTAL,Total,PER,Person,EU27_2020,European Union - 27 countries (from 2020),2015,,199,,,,,
dataflow,ESTAT:MIGR_RESFIRST(1.0),"First permits by reason, length of validity and citizenship",A,Annual,TOTAL,Total,GY,Guyana,TOTAL,Total,PER,Person,EU27_2020,European Union - 27 countries (from 2020),2016,,186,,,,,
dataflow,ESTAT:MIGR_RESFIRST(1.0),"First permits by reason, length of validity and citizenship",A,Annual,TOTAL,Total,GY,Guyana,TOTAL,Total,PER,Person,EU27_2020,European Union - 27 countries (from 2020),2017,,157,,,,,
dataflow,ESTAT:MIGR_RESFIRST(1.0),"First permits by reason, length of validity and citizenship",A,Annual,TOTAL,Total,GY,Guyana,TOTAL,Total,PER,Person,EU27_2020,European Union - 27 countries (from 2020),2018,,206,,,,,
dataflow,ESTAT:MIGR_RESFIRST(1.0),"First permits by reason, length of validity and citizenship",A,Annual,TOTAL,Total,GY,Guyana,TOTAL,Total,PER,Person,EU27_2020,European Union - 27 countries (from 2020),2019,,157,,,,,
dataflow,ESTAT:MIGR_RESFIRST(1.0),"First permits by reason, length of validity and citizenship",A,Annual,TOTAL,Total,GY,Guyana,TOTAL,Total,PER,Person,EU27_2020,European Union - 27 countries (from 2020),2020,,91,,,,,
dataflow,ESTAT:MIGR_RESFIRST(1.0),"First permits by reason, length of validity and citizenship",A,Annual,TOTAL,Total,GY,Guyana,TOTAL,Total,PER,Person,EU27_2020,European Union - 27 countries (from 2020),2021,,174,,,,,
dataflow,ESTAT:MIGR_RESFIRST(1.0),"First permits by reason, length of validity and citizenship",A,Annual,TOTAL,Total,GY,Guyana,TOTAL,Total,PER,Person,EU27_2020,European Union - 27 countries (from 2020),2022,,148,,,,,
dataflow,ESTAT:MIGR_RESFIRST(1.0),"First permits by reason, length of validity and citizenship",A,Annual,TOTAL,Total,GY,Guyana,TOTAL,Total,PER,Person,EU27_2020,European Union - 27 countries (from 2020),2023,,163,,,,,
dataflow,ESTAT:MIGR_RESFIRST(1.0),"First permits by reason, length of validity and citizenship",A,Annual,TOTAL,Total,GY,Guyana,TOTAL,Total,PER,Person,EU28,European Union - 28 countries (2013-2020),2013,,858,,,,,
dataflow,ESTAT:MIGR_RESFIRST(1.0),"First permits by reason, length of validity and citizenship",A,Annual,TOTAL,Total,GY,Guyana,TOTAL,Total,PER,Person,EU28,European Union - 28 countries (2013-2020),2014,,313,,,,,
dataflow,ESTAT:MIGR_RESFIRST(1.0),"First permits by reason, length of validity and citizenship",A,Annual,TOTAL,Total,GY,Guyana,TOTAL,Total,PER,Person,EU28,European Union - 28 countries (2013-2020),2015,,301,,,,,
dataflow,ESTAT:MIGR_RESFIRST(1.0),"First permits by reason, length of validity and citizenship",A,Annual,TOTAL,Total,GY,Guyana,TOTAL,Total,PER,Person,EU28,European Union - 28 countries (2013-2020),2016,,291,,,,,
dataflow,ESTAT:MIGR_RESFIRST(1.0),"First permits by reason, length of validity and citizenship",A,Annual,TOTAL,Total,GY,Guyana,TOTAL,Total,PER,Person,EU28,European Union - 28 countries (2013-2020),2017,,274,,,,,
dataflow,ESTAT:MIGR_RESFIRST(1.0),"First permits by reason, length of validity and citizenship",A,Annual,TOTAL,Total,GY,Guyana,TOTAL,Total,PER,Person,EU28,European Union - 28 countries (2013-2020),2018,,309,,,,,
dataflow,ESTAT:MIGR_RESFIRST(1.0),"First permits by reason, length of validity and citizenship",A,Annual,TOTAL,Total,HN,Honduras,TOTAL,Total,PER,Person,EU27_2020,European Union - 27 countries (from 2020),2013,,4882,,,,,
dataflow,ESTAT:MIGR_RESFIRST(1.0),"First permits by reason, length of validity and citizenship",A,Annual,TOTAL,Total,HN,Honduras,TOTAL,Total,PER,Person,EU27_2020,European Union - 27 countries (from 2020),2014,,5064,,,,,
dataflow,ESTAT:MIGR_RESFIRST(1.0),"First permits by reason, length of validity and citizenship",A,Annual,TOTAL,Total,HN,Honduras,TOTAL,Total,PER,Person,EU27_2020,European Union - 27 countries (from 2020),2015,,5825,,,,,
dataflow,ESTAT:MIGR_RESFIRST(1.0),"First permits by reason, length of validity and citizenship",A,Annual,TOTAL,Total,HN,Honduras,TOTAL,Total,PER,Person,EU27_2020,European Union - 27 countries (from 2020),2016,,5406,,,,,
dataflow,ESTAT:MIGR_RESFIRST(1.0),"First permits by reason, length of validity and citizenship",A,Annual,TOTAL,Total,HN,Honduras,TOTAL,Total,PER,Person,EU27_2020,European Union - 27 countries (from 2020),2017,,6000,,,,,
dataflow,ESTAT:MIGR_RESFIRST(1.0),"First permits by reason, length of validity and citizenship",A,Annual,TOTAL,Total,HN,Honduras,TOTAL,Total,PER,Person,EU27_2020,European Union - 27 countries (from 2020),2018,,7692,,,,,
dataflow,ESTAT:MIGR_RESFIRST(1.0),"First permits by reason, length of validity and citizenship",A,Annual,TOTAL,Total,HN,Honduras,TOTAL,Total,PER,Person,EU27_2020,European Union - 27 countries (from 2020),2019,,9362,,,,,
dataflow,ESTAT:MIGR_RESFIRST(1.0),"First permits by reason, length of validity and citizenship",A,Annual,TOTAL,Total,HN,Honduras,TOTAL,Total,PER,Person,EU27_2020,European Union - 27 countries (from 2020),2020,,10829,,,,,
dataflow,ESTAT:MIGR_RESFIRST(1.0),"First permits by reason, length of validity and citizenship",A,Annual,TOTAL,Total,HN,Honduras,TOTAL,Total,PER,Person,EU27_2020,European Union - 27 countries (from 2020),2021,,14459,,,,,
dataflow,ESTAT:MIGR_RESFIRST(1.0),"First permits by reason, length of validity and citizenship",A,Annual,TOTAL,Total,HN,Honduras,TOTAL,Total,PER,Person,EU27_2020,European Union - 27 countries (from 2020),2022,,21673,,,,,
dataflow,ESTAT:MIGR_RESFIRST(1.0),"First permits by reason, length of validity and citizenship",A,Annual,TOTAL,Total,HN,Honduras,TOTAL,Total,PER,Person,EU27_2020,European Union - 27 countries (from 2020),2023,,25167,,,,,
dataflow,ESTAT:MIGR_RESFIRST(1.0),"First permits by reason, length of validity and citizenship",A,Annual,TOTAL,Total,HN,Honduras,TOTAL,Total,PER,Person,EU28,European Union - 28 countries (2013-2020),2013,,6838,,,,,
dataflow,ESTAT:MIGR_RESFIRST(1.0),"First permits by reason, length of validity and citizenship",A,Annual,TOTAL,Total,HN,Honduras,TOTAL,Total,PER,Person,EU28,European Union - 28 countries (2013-2020),2014,,5131,,,,,
dataflow,ESTAT:MIGR_RESFIRST(1.0),"First permits by reason, length of validity and citizenship",A,Annual,TOTAL,Total,HN,Honduras,TOTAL,Total,PER,Person,EU28,European Union - 28 countries (2013-2020),2015,,5887,,,,,
dataflow,ESTAT:MIGR_RESFIRST(1.0),"First permits by reason, length of validity and citizenship",A,Annual,TOTAL,Total,HN,Honduras,TOTAL,Total,PER,Person,EU28,European Union - 28 countries (2013-2020),2016,,5480,,,,,
dataflow,ESTAT:MIGR_RESFIRST(1.0),"First permits by reason, length of validity and citizenship",A,Annual,TOTAL,Total,HN,Honduras,TOTAL,Total,PER,Person,EU28,European Union - 28 countries (2013-2020),2017,,6068,,,,,
dataflow,ESTAT:MIGR_RESFIRST(1.0),"First permits by reason, length of validity and citizenship",A,Annual,TOTAL,Total,HN,Honduras,TOTAL,Total,PER,Person,EU28,European Union - 28 countries (2013-2020),2018,,7828,,,,,
dataflow,ESTAT:MIGR_RESFIRST(1.0),"First permits by reason, length of validity and citizenship",A,Annual,TOTAL,Total,HR,Croatia,TOTAL,Total,PER,Person,EU27_2020,European Union - 27 countries (from 2020),2013,,4652,,,,,
dataflow,ESTAT:MIGR_RESFIRST(1.0),"First permits by reason, length of validity and citizenship",A,Annual,TOTAL,Total,HR,Croatia,TOTAL,Total,PER,Person,EU28,European Union - 28 countries (2013-2020),2013,,5633,,,,,
dataflow,ESTAT:MIGR_RESFIRST(1.0),"First permits by reason, length of validity and citizenship",A,Annual,TOTAL,Total,HT,Haiti,TOTAL,Total,PER,Person,EU27_2020,European Union - 27 countries (from 2020),2013,,3901,,,,,
dataflow,ESTAT:MIGR_RESFIRST(1.0),"First permits by reason, length of validity and citizenship",A,Annual,TOTAL,Total,HT,Haiti,TOTAL,Total,PER,Person,EU27_2020,European Union - 27 countries (from 2020),2014,,3696,,,,,
dataflow,ESTAT:MIGR_RESFIRST(1.0),"First permits by reason, length of validity and citizenship",A,Annual,TOTAL,Total,HT,Haiti,TOTAL,Total,PER,Person,EU27_2020,European Union - 27 countries (from 2020),2015,,3561,,,,,
dataflow,ESTAT:MIGR_RESFIRST(1.0),"First permits by reason, length of validity and citizenship",A,Annual,TOTAL,Total,HT,Haiti,TOTAL,Total,PER,Person,EU27_2020,European Union - 27 countries (from 2020),2016,,3063,,,,,
dataflow,ESTAT:MIGR_RESFIRST(1.0),"First permits by reason, length of validity and citizenship",A,Annual,TOTAL,Total,HT,Haiti,TOTAL,Total,PER,Person,EU27_2020,European Union - 27 countries (from 2020),2017,,3361,,,,,
dataflow,ESTAT:MIGR_RESFIRST(1.0),"First permits by reason, length of validity and citizenship",A,Annual,TOTAL,Total,HT,Haiti,TOTAL,Total,PER,Person,EU27_2020,European Union - 27 countries (from 2020),2018,,3513,,,,,
dataflow,ESTAT:MIGR_RESFIRST(1.0),"First permits by reason, length of validity and citizenship",A,Annual,TOTAL,Total,HT,Haiti,TOTAL,Total,PER,Person,EU27_2020,European Union - 27 countries (from 2020),2019,,3479,,,,,
dataflow,ESTAT:MIGR_RESFIRST(1.0),"First permits by reason, length of validity and citizenship",A,Annual,TOTAL,Total,HT,Haiti,TOTAL,Total,PER,Person,EU27_2020,European Union - 27 countries (from 2020),2020,,2318,,,,,
dataflow,ESTAT:MIGR_RESFIRST(1.0),"First permits by reason, length of validity and citizenship",A,Annual,TOTAL,Total,HT,Haiti,TOTAL,Total,PER,Person,EU27_2020,European Union - 27 countries (from 2020),2021,,3701,,,,,
dataflow,ESTAT:MIGR_RESFIRST(1.0),"First permits by reason, length of validity and citizenship",A,Annual,TOTAL,Total,HT,Haiti,TOTAL,Total,PER,Person,EU27_2020,European Union - 27 countries (from 2020),2022,,3721,,,,,
dataflow,ESTAT:MIGR_RESFIRST(1.0),"First permits by reason, length of validity and citizenship",A,Annual,TOTAL,Total,HT,Haiti,TOTAL,Total,PER,Person,EU27_2020,European Union - 27 countries (from 2020),2023,,4919,,,,,
dataflow,ESTAT:MIGR_RESFIRST(1.0),"First permits by reason, length of validity and citizenship",A,Annual,TOTAL,Total,HT,Haiti,TOTAL,Total,PER,Person,EU28,European Union - 28 countries (2013-2020),2013,,4146,,,,,
dataflow,ESTAT:MIGR_RESFIRST(1.0),"First permits by reason, length of validity and citizenship",A,Annual,TOTAL,Total,HT,Haiti,TOTAL,Total,PER,Person,EU28,European Union - 28 countries (2013-2020),2014,,3718,,,,,
dataflow,ESTAT:MIGR_RESFIRST(1.0),"First permits by reason, length of validity and citizenship",A,Annual,TOTAL,Total,HT,Haiti,TOTAL,Total,PER,Person,EU28,European Union - 28 countries (2013-2020),2015,,3583,,,,,
dataflow,ESTAT:MIGR_RESFIRST(1.0),"First permits by reason, length of validity and citizenship",A,Annual,TOTAL,Total,HT,Haiti,TOTAL,Total,PER,Person,EU28,European Union - 28 countries (2013-2020),2016,,3085,,,,,
dataflow,ESTAT:MIGR_RESFIRST(1.0),"First permits by reason, length of validity and citizenship",A,Annual,TOTAL,Total,HT,Haiti,TOTAL,Total,PER,Person,EU28,European Union - 28 countries (2013-2020),2017,,3379,,,,,
dataflow,ESTAT:MIGR_RESFIRST(1.0),"First permits by reason, length of validity and citizenship",A,Annual,TOTAL,Total,HT,Haiti,TOTAL,Total,PER,Person,EU28,European Union - 28 countries (2013-2020),2018,,3531,,,,,
dataflow,ESTAT:MIGR_RESFIRST(1.0),"First permits by reason, length of validity and citizenship",A,Annual,TOTAL,Total,ID,Indonesia,TOTAL,Total,PER,Person,EU27_2020,European Union - 27 countries (from 2020),2013,,5319,,,,,
dataflow,ESTAT:MIGR_RESFIRST(1.0),"First permits by reason, length of validity and citizenship",A,Annual,TOTAL,Total,ID,Indonesia,TOTAL,Total,PER,Person,EU27_2020,European Union - 27 countries (from 2020),2014,,5427,,,,,
dataflow,ESTAT:MIGR_RESFIRST(1.0),"First permits by reason, length of validity and citizenship",A,Annual,TOTAL,Total,ID,Indonesia,TOTAL,Total,PER,Person,EU27_2020,European Union - 27 countries (from 2020),2015,,5570,,,,,
dataflow,ESTAT:MIGR_RESFIRST(1.0),"First permits by reason, length of validity and citizenship",A,Annual,TOTAL,Total,ID,Indonesia,TOTAL,Total,PER,Person,EU27_2020,European Union - 27 countries (from 2020),2016,,6061,,,,,
dataflow,ESTAT:MIGR_RESFIRST(1.0),"First permits by reason, length of validity and citizenship",A,Annual,TOTAL,Total,ID,Indonesia,TOTAL,Total,PER,Person,EU27_2020,European Union - 27 countries (from 2020),2017,,5991,,,,,
dataflow,ESTAT:MIGR_RESFIRST(1.0),"First permits by reason, length of validity and citizenship",A,Annual,TOTAL,Total,ID,Indonesia,TOTAL,Total,PER,Person,EU27_2020,European Union - 27 countries (from 2020),2018,,7264,,,,,
dataflow,ESTAT:MIGR_RESFIRST(1.0),"First permits by reason, length of validity and citizenship",A,Annual,TOTAL,Total,ID,Indonesia,TOTAL,Total,PER,Person,EU27_2020,European Union - 27 countries (from 2020),2019,,8908,,,,,
dataflow,ESTAT:MIGR_RESFIRST(1.0),"First permits by reason, length of validity and citizenship",A,Annual,TOTAL,Total,ID,Indonesia,TOTAL,Total,PER,Person,EU27_2020,European Union - 27 countries (from 2020),2020,,7391,,,,,
dataflow,ESTAT:MIGR_RESFIRST(1.0),"First permits by reason, length of validity and citizenship",A,Annual,TOTAL,Total,ID,Indonesia,TOTAL,Total,PER,Person,EU27_2020,European Union - 27 countries (from 2020),2021,,10816,,,,,
dataflow,ESTAT:MIGR_RESFIRST(1.0),"First permits by reason, length of validity and citizenship",A,Annual,TOTAL,Total,ID,Indonesia,TOTAL,Total,PER,Person,EU27_2020,European Union - 27 countries (from 2020),2022,,13845,,,,,
dataflow,ESTAT:MIGR_RESFIRST(1.0),"First permits by reason, length of validity and citizenship",A,Annual,TOTAL,Total,ID,Indonesia,TOTAL,Total,PER,Person,EU27_2020,European Union - 27 countries (from 2020),2023,,15405,,,,,
dataflow,ESTAT:MIGR_RESFIRST(1.0),"First permits by reason, length of validity and citizenship",A,Annual,TOTAL,Total,ID,Indonesia,TOTAL,Total,PER,Person,EU28,European Union - 28 countries (2013-2020),2013,,27827,,,,,
dataflow,ESTAT:MIGR_RESFIRST(1.0),"First permits by reason, length of validity and citizenship",A,Annual,TOTAL,Total,ID,Indonesia,TOTAL,Total,PER,Person,EU28,European Union - 28 countries (2013-2020),2014,,9684,,,,,
dataflow,ESTAT:MIGR_RESFIRST(1.0),"First permits by reason, length of validity and citizenship",A,Annual,TOTAL,Total,ID,Indonesia,TOTAL,Total,PER,Person,EU28,European Union - 28 countries (2013-2020),2015,,9715,,,,,
dataflow,ESTAT:MIGR_RESFIRST(1.0),"First permits by reason, length of validity and citizenship",A,Annual,TOTAL,Total,ID,Indonesia,TOTAL,Total,PER,Person,EU28,European Union - 28 countries (2013-2020),2016,,10631,,,,,
dataflow,ESTAT:MIGR_RESFIRST(1.0),"First permits by reason, length of validity and citizenship",A,Annual,TOTAL,Total,ID,Indonesia,TOTAL,Total,PER,Person,EU28,European Union - 28 countries (2013-2020),2017,,9885,,,,,
dataflow,ESTAT:MIGR_RESFIRST(1.0),"First permits by reason, length of validity and citizenship",A,Annual,TOTAL,Total,ID,Indonesia,TOTAL,Total,PER,Person,EU28,European Union - 28 countries (2013-2020),2018,,10573,,,,,
dataflow,ESTAT:MIGR_RESFIRST(1.0),"First permits by reason, length of validity and citizenship",A,Annual,TOTAL,Total,IL,Israel,TOTAL,Total,PER,Person,EU27_2020,European Union - 27 countries (from 2020),2013,,4267,,,,,
dataflow,ESTAT:MIGR_RESFIRST(1.0),"First permits by reason, length of validity and citizenship",A,Annual,TOTAL,Total,IL,Israel,TOTAL,Total,PER,Person,EU27_2020,European Union - 27 countries (from 2020),2014,,4567,,,,,
dataflow,ESTAT:MIGR_RESFIRST(1.0),"First permits by reason, length of validity and citizenship",A,Annual,TOTAL,Total,IL,Israel,TOTAL,Total,PER,Person,EU27_2020,European Union - 27 countries (from 2020),2015,,4701,,,,,
dataflow,ESTAT:MIGR_RESFIRST(1.0),"First permits by reason, length of validity and citizenship",A,Annual,TOTAL,Total,IL,Israel,TOTAL,Total,PER,Person,EU27_2020,European Union - 27 countries (from 2020),2016,,5280,,,,,
dataflow,ESTAT:MIGR_RESFIRST(1.0),"First permits by reason, length of validity and citizenship",A,Annual,TOTAL,Total,IL,Israel,TOTAL,Total,PER,Person,EU27_2020,European Union - 27 countries (from 2020),2017,,5416,,,,,
dataflow,ESTAT:MIGR_RESFIRST(1.0),"First permits by reason, length of validity and citizenship",A,Annual,TOTAL,Total,IL,Israel,TOTAL,Total,PER,Person,EU27_2020,European Union - 27 countries (from 2020),2018,,5822,,,,,
dataflow,ESTAT:MIGR_RESFIRST(1.0),"First permits by reason, length of validity and citizenship",A,Annual,TOTAL,Total,IL,Israel,TOTAL,Total,PER,Person,EU27_2020,European Union - 27 countries (from 2020),2019,,5724,,,,,
dataflow,ESTAT:MIGR_RESFIRST(1.0),"First permits by reason, length of validity and citizenship",A,Annual,TOTAL,Total,IL,Israel,TOTAL,Total,PER,Person,EU27_2020,European Union - 27 countries (from 2020),2020,,4124,,,,,
dataflow,ESTAT:MIGR_RESFIRST(1.0),"First permits by reason, length of validity and citizenship",A,Annual,TOTAL,Total,IL,Israel,TOTAL,Total,PER,Person,EU27_2020,European Union - 27 countries (from 2020),2021,,5347,,,,,
dataflow,ESTAT:MIGR_RESFIRST(1.0),"First permits by reason, length of validity and citizenship",A,Annual,TOTAL,Total,IL,Israel,TOTAL,Total,PER,Person,EU27_2020,European Union - 27 countries (from 2020),2022,,7166,,,,,
dataflow,ESTAT:MIGR_RESFIRST(1.0),"First permits by reason, length of validity and citizenship",A,Annual,TOTAL,Total,IL,Israel,TOTAL,Total,PER,Person,EU27_2020,European Union - 27 countries (from 2020),2023,,9179,,,,,
dataflow,ESTAT:MIGR_RESFIRST(1.0),"First permits by reason, length of validity and citizenship",A,Annual,TOTAL,Total,IL,Israel,TOTAL,Total,PER,Person,EU28,European Union - 28 countries (2013-2020),2013,,5873,,,,,
dataflow,ESTAT:MIGR_RESFIRST(1.0),"First permits by reason, length of validity and citizenship",A,Annual,TOTAL,Total,IL,Israel,TOTAL,Total,PER,Person,EU28,European Union - 28 countries (2013-2020),2014,,6166,,,,,
dataflow,ESTAT:MIGR_RESFIRST(1.0),"First permits by reason, length of validity and citizenship",A,Annual,TOTAL,Total,IL,Israel,TOTAL,Total,PER,Person,EU28,European Union - 28 countries (2013-2020),2015,,7088,,,,,
dataflow,ESTAT:MIGR_RESFIRST(1.0),"First permits by reason, length of validity and citizenship",A,Annual,TOTAL,Total,IL,Israel,TOTAL,Total,PER,Person,EU28,European Union - 28 countries (2013-2020),2016,,7556,,,,,
dataflow,ESTAT:MIGR_RESFIRST(1.0),"First permits by reason, length of validity and citizenship",A,Annual,TOTAL,Total,IL,Israel,TOTAL,Total,PER,Person,EU28,European Union - 28 countries (2013-2020),2017,,7922,,,,,
dataflow,ESTAT:MIGR_RESFIRST(1.0),"First permits by reason, length of validity and citizenship",A,Annual,TOTAL,Total,IL,Israel,TOTAL,Total,PER,Person,EU28,European Union - 28 countries (2013-2020),2018,,7437,,,,,
dataflow,ESTAT:MIGR_RESFIRST(1.0),"First permits by reason, length of validity and citizenship",A,Annual,TOTAL,Total,IN,India,TOTAL,Total,PER,Person,EU27_2020,European Union - 27 countries (from 2020),2013,,60873,,,,,
dataflow,ESTAT:MIGR_RESFIRST(1.0),"First permits by reason, length of validity and citizenship",A,Annual,TOTAL,Total,IN,India,TOTAL,Total,PER,Person,EU27_2020,European Union - 27 countries (from 2020),2014,,63366,,,,,
dataflow,ESTAT:MIGR_RESFIRST(1.0),"First permits by reason, length of validity and citizenship",A,Annual,TOTAL,Total,IN,India,TOTAL,Total,PER,Person,EU27_2020,European Union - 27 countries (from 2020),2015,,63899,,,,,
dataflow,ESTAT:MIGR_RESFIRST(1.0),"First permits by reason, length of validity and citizenship",A,Annual,TOTAL,Total,IN,India,TOTAL,Total,PER,Person,EU27_2020,European Union - 27 countries (from 2020),2016,,77707,,,,,
dataflow,ESTAT:MIGR_RESFIRST(1.0),"First permits by reason, length of validity and citizenship",A,Annual,TOTAL,Total,IN,India,TOTAL,Total,PER,Person,EU27_2020,European Union - 27 countries (from 2020),2017,,91439,,,,,
dataflow,ESTAT:MIGR_RESFIRST(1.0),"First permits by reason, length of validity and citizenship",A,Annual,TOTAL,Total,IN,India,TOTAL,Total,PER,Person,EU27_2020,European Union - 27 countries (from 2020),2018,,118828,,,,,
dataflow,ESTAT:MIGR_RESFIRST(1.0),"First permits by reason, length of validity and citizenship",A,Annual,TOTAL,Total,IN,India,TOTAL,Total,PER,Person,EU27_2020,European Union - 27 countries (from 2020),2019,,134588,,,,,
dataflow,ESTAT:MIGR_RESFIRST(1.0),"First permits by reason, length of validity and citizenship",A,Annual,TOTAL,Total,IN,India,TOTAL,Total,PER,Person,EU27_2020,European Union - 27 countries (from 2020),2020,,86894,,,,,
dataflow,ESTAT:MIGR_RESFIRST(1.0),"First permits by reason, length of validity and citizenship",A,Annual,TOTAL,Total,IN,India,TOTAL,Total,PER,Person,EU27_2020,European Union - 27 countries (from 2020),2021,,125902,,,,,
dataflow,ESTAT:MIGR_RESFIRST(1.0),"First permits by reason, length of validity and citizenship",A,Annual,TOTAL,Total,IN,India,TOTAL,Total,PER,Person,EU27_2020,European Union - 27 countries (from 2020),2022,,189015,,,,,
dataflow,ESTAT:MIGR_RESFIRST(1.0),"First permits by reason, length of validity and citizenship",A,Annual,TOTAL,Total,IN,India,TOTAL,Total,PER,Person,EU27_2020,European Union - 27 countries (from 2020),2023,,212165,,,,,
dataflow,ESTAT:MIGR_RESFIRST(1.0),"First permits by reason, length of validity and citizenship",A,Annual,TOTAL,Total,IN,India,TOTAL,Total,PER,Person,EU28,European Union - 28 countries (2013-2020),2013,,200748,,,,,
dataflow,ESTAT:MIGR_RESFIRST(1.0),"First permits by reason, length of validity and citizenship",A,Annual,TOTAL,Total,IN,India,TOTAL,Total,PER,Person,EU28,European Union - 28 countries (2013-2020),2014,,136057,,,,,
dataflow,ESTAT:MIGR_RESFIRST(1.0),"First permits by reason, length of validity and citizenship",A,Annual,TOTAL,Total,IN,India,TOTAL,Total,PER,Person,EU28,European Union - 28 countries (2013-2020),2015,,135550,,,,,
dataflow,ESTAT:MIGR_RESFIRST(1.0),"First permits by reason, length of validity and citizenship",A,Annual,TOTAL,Total,IN,India,TOTAL,Total,PER,Person,EU28,European Union - 28 countries (2013-2020),2016,,150766,,,,,
dataflow,ESTAT:MIGR_RESFIRST(1.0),"First permits by reason, length of validity and citizenship",A,Annual,TOTAL,Total,IN,India,TOTAL,Total,PER,Person,EU28,European Union - 28 countries (2013-2020),2017,,163749,,,,,
dataflow,ESTAT:MIGR_RESFIRST(1.0),"First permits by reason, length of validity and citizenship",A,Annual,TOTAL,Total,IN,India,TOTAL,Total,PER,Person,EU28,European Union - 28 countries (2013-2020),2018,,193784,,,,,
dataflow,ESTAT:MIGR_RESFIRST(1.0),"First permits by reason, length of validity and citizenship",A,Annual,TOTAL,Total,IQ,Iraq,TOTAL,Total,PER,Person,EU27_2020,European Union - 27 countries (from 2020),2013,,13030,,,,,
dataflow,ESTAT:MIGR_RESFIRST(1.0),"First permits by reason, length of validity and citizenship",A,Annual,TOTAL,Total,IQ,Iraq,TOTAL,Total,PER,Person,EU27_2020,European Union - 27 countries (from 2020),2014,,13689,,,,,
dataflow,ESTAT:MIGR_RESFIRST(1.0),"First permits by reason, length of validity and citizenship",A,Annual,TOTAL,Total,IQ,Iraq,TOTAL,Total,PER,Person,EU27_2020,European Union - 27 countries (from 2020),2015,,17684,,,,,
dataflow,ESTAT:MIGR_RESFIRST(1.0),"First permits by reason, length of validity and citizenship",A,Annual,TOTAL,Total,IQ,Iraq,TOTAL,Total,PER,Person,EU27_2020,European Union - 27 countries (from 2020),2016,,48861,,,,,
dataflow,ESTAT:MIGR_RESFIRST(1.0),"First permits by reason, length of validity and citizenship",A,Annual,TOTAL,Total,IQ,Iraq,TOTAL,Total,PER,Person,EU27_2020,European Union - 27 countries (from 2020),2017,,69357,,,,,
dataflow,ESTAT:MIGR_RESFIRST(1.0),"First permits by reason, length of validity and citizenship",A,Annual,TOTAL,Total,IQ,Iraq,TOTAL,Total,PER,Person,EU27_2020,European Union - 27 countries (from 2020),2018,,43276,,,,,
dataflow,ESTAT:MIGR_RESFIRST(1.0),"First permits by reason, length of validity and citizenship",A,Annual,TOTAL,Total,IQ,Iraq,TOTAL,Total,PER,Person,EU27_2020,European Union - 27 countries (from 2020),2019,,28388,,,,,
dataflow,ESTAT:MIGR_RESFIRST(1.0),"First permits by reason, length of validity and citizenship",A,Annual,TOTAL,Total,IQ,Iraq,TOTAL,Total,PER,Person,EU27_2020,European Union - 27 countries (from 2020),2020,,24635,,,,,
dataflow,ESTAT:MIGR_RESFIRST(1.0),"First permits by reason, length of validity and citizenship",A,Annual,TOTAL,Total,IQ,Iraq,TOTAL,Total,PER,Person,EU27_2020,European Union - 27 countries (from 2020),2021,,32149,,,,,
dataflow,ESTAT:MIGR_RESFIRST(1.0),"First permits by reason, length of validity and citizenship",A,Annual,TOTAL,Total,IQ,Iraq,TOTAL,Total,PER,Person,EU27_2020,European Union - 27 countries (from 2020),2022,,31355,,,,,
dataflow,ESTAT:MIGR_RESFIRST(1.0),"First permits by reason, length of validity and citizenship",A,Annual,TOTAL,Total,IQ,Iraq,TOTAL,Total,PER,Person,EU27_2020,European Union - 27 countries (from 2020),2023,,33774,,,,,
dataflow,ESTAT:MIGR_RESFIRST(1.0),"First permits by reason, length of validity and citizenship",A,Annual,TOTAL,Total,IQ,Iraq,TOTAL,Total,PER,Person,EU28,European Union - 28 countries (2013-2020),2013,,17253,,,,,
dataflow,ESTAT:MIGR_RESFIRST(1.0),"First permits by reason, length of validity and citizenship",A,Annual,TOTAL,Total,IQ,Iraq,TOTAL,Total,PER,Person,EU28,European Union - 28 countries (2013-2020),2014,,17380,,,,,
dataflow,ESTAT:MIGR_RESFIRST(1.0),"First permits by reason, length of validity and citizenship",A,Annual,TOTAL,Total,IQ,Iraq,TOTAL,Total,PER,Person,EU28,European Union - 28 countries (2013-2020),2015,,20070,,,,,
dataflow,ESTAT:MIGR_RESFIRST(1.0),"First permits by reason, length of validity and citizenship",A,Annual,TOTAL,Total,IQ,Iraq,TOTAL,Total,PER,Person,EU28,European Union - 28 countries (2013-2020),2016,,50475,,,,,
dataflow,ESTAT:MIGR_RESFIRST(1.0),"First permits by reason, length of validity and citizenship",A,Annual,TOTAL,Total,IQ,Iraq,TOTAL,Total,PER,Person,EU28,European Union - 28 countries (2013-2020),2017,,71583,,,,,
dataflow,ESTAT:MIGR_RESFIRST(1.0),"First permits by reason, length of validity and citizenship",A,Annual,TOTAL,Total,IQ,Iraq,TOTAL,Total,PER,Person,EU28,European Union - 28 countries (2013-2020),2018,,45169,,,,,
dataflow,ESTAT:MIGR_RESFIRST(1.0),"First permits by reason, length of validity and citizenship",A,Annual,TOTAL,Total,IR,Iran,TOTAL,Total,PER,Person,EU27_2020,European Union - 27 countries (from 2020),2013,,17318,,,,,
dataflow,ESTAT:MIGR_RESFIRST(1.0),"First permits by reason, length of validity and citizenship",A,Annual,TOTAL,Total,IR,Iran,TOTAL,Total,PER,Person,EU27_2020,European Union - 27 countries (from 2020),2014,,16722,,,,,
dataflow,ESTAT:MIGR_RESFIRST(1.0),"First permits by reason, length of validity and citizenship",A,Annual,TOTAL,Total,IR,Iran,TOTAL,Total,PER,Person,EU27_2020,European Union - 27 countries (from 2020),2015,,14745,,,,,
dataflow,ESTAT:MIGR_RESFIRST(1.0),"First permits by reason, length of validity and citizenship",A,Annual,TOTAL,Total,IR,Iran,TOTAL,Total,PER,Person,EU27_2020,European Union - 27 countries (from 2020),2016,,20477,,,,,
dataflow,ESTAT:MIGR_RESFIRST(1.0),"First permits by reason, length of validity and citizenship",A,Annual,TOTAL,Total,IR,Iran,TOTAL,Total,PER,Person,EU27_2020,European Union - 27 countries (from 2020),2017,,35450,,,,,
dataflow,ESTAT:MIGR_RESFIRST(1.0),"First permits by reason, length of validity and citizenship",A,Annual,TOTAL,Total,IR,Iran,TOTAL,Total,PER,Person,EU27_2020,European Union - 27 countries (from 2020),2018,,29234,,,,,
dataflow,ESTAT:MIGR_RESFIRST(1.0),"First permits by reason, length of validity and citizenship",A,Annual,TOTAL,Total,IR,Iran,TOTAL,Total,PER,Person,EU27_2020,European Union - 27 countries (from 2020),2019,,27474,,,,,
dataflow,ESTAT:MIGR_RESFIRST(1.0),"First permits by reason, length of validity and citizenship",A,Annual,TOTAL,Total,IR,Iran,TOTAL,Total,PER,Person,EU27_2020,European Union - 27 countries (from 2020),2020,,23591,,,,,
dataflow,ESTAT:MIGR_RESFIRST(1.0),"First permits by reason, length of validity and citizenship",A,Annual,TOTAL,Total,IR,Iran,TOTAL,Total,PER,Person,EU27_2020,European Union - 27 countries (from 2020),2021,,33687,,,,,
dataflow,ESTAT:MIGR_RESFIRST(1.0),"First permits by reason, length of validity and citizenship",A,Annual,TOTAL,Total,IR,Iran,TOTAL,Total,PER,Person,EU27_2020,European Union - 27 countries (from 2020),2022,,43069,,,,,
dataflow,ESTAT:MIGR_RESFIRST(1.0),"First permits by reason, length of validity and citizenship",A,Annual,TOTAL,Total,IR,Iran,TOTAL,Total,PER,Person,EU27_2020,European Union - 27 countries (from 2020),2023,,46395,,,,,
dataflow,ESTAT:MIGR_RESFIRST(1.0),"First permits by reason, length of validity and citizenship",A,Annual,TOTAL,Total,IR,Iran,TOTAL,Total,PER,Person,EU28,European Union - 28 countries (2013-2020),2013,,20620,,,,,
dataflow,ESTAT:MIGR_RESFIRST(1.0),"First permits by reason, length of validity and citizenship",A,Annual,TOTAL,Total,IR,Iran,TOTAL,Total,PER,Person,EU28,European Union - 28 countries (2013-2020),2014,,19940,,,,,
dataflow,ESTAT:MIGR_RESFIRST(1.0),"First permits by reason, length of validity and citizenship",A,Annual,TOTAL,Total,IR,Iran,TOTAL,Total,PER,Person,EU28,European Union - 28 countries (2013-2020),2015,,18703,,,,,
dataflow,ESTAT:MIGR_RESFIRST(1.0),"First permits by reason, length of validity and citizenship",A,Annual,TOTAL,Total,IR,Iran,TOTAL,Total,PER,Person,EU28,European Union - 28 countries (2013-2020),2016,,23292,,,,,
dataflow,ESTAT:MIGR_RESFIRST(1.0),"First permits by reason, length of validity and citizenship",A,Annual,TOTAL,Total,IR,Iran,TOTAL,Total,PER,Person,EU28,European Union - 28 countries (2013-2020),2017,,39832,,,,,
dataflow,ESTAT:MIGR_RESFIRST(1.0),"First permits by reason, length of validity and citizenship",A,Annual,TOTAL,Total,IR,Iran,TOTAL,Total,PER,Person,EU28,European Union - 28 countries (2013-2020),2018,,32406,,,,,
dataflow,ESTAT:MIGR_RESFIRST(1.0),"First permits by reason, length of validity and citizenship",A,Annual,TOTAL,Total,IS,Iceland,TOTAL,Total,PER,Person,EU27_2020,European Union - 27 countries (from 2020),2013,,153,,,,,
dataflow,ESTAT:MIGR_RESFIRST(1.0),"First permits by reason, length of validity and citizenship",A,Annual,TOTAL,Total,IS,Iceland,TOTAL,Total,PER,Person,EU27_2020,European Union - 27 countries (from 2020),2014,,211,,,,,
dataflow,ESTAT:MIGR_RESFIRST(1.0),"First permits by reason, length of validity and citizenship",A,Annual,TOTAL,Total,IS,Iceland,TOTAL,Total,PER,Person,EU27_2020,European Union - 27 countries (from 2020),2015,,179,,,,,
dataflow,ESTAT:MIGR_RESFIRST(1.0),"First permits by reason, length of validity and citizenship",A,Annual,TOTAL,Total,IS,Iceland,TOTAL,Total,PER,Person,EU27_2020,European Union - 27 countries (from 2020),2016,,209,,,,,
dataflow,ESTAT:MIGR_RESFIRST(1.0),"First permits by reason, length of validity and citizenship",A,Annual,TOTAL,Total,IS,Iceland,TOTAL,Total,PER,Person,EU27_2020,European Union - 27 countries (from 2020),2017,,178,,,,,
dataflow,ESTAT:MIGR_RESFIRST(1.0),"First permits by reason, length of validity and citizenship",A,Annual,TOTAL,Total,IS,Iceland,TOTAL,Total,PER,Person,EU27_2020,European Union - 27 countries (from 2020),2018,,274,,,,,
dataflow,ESTAT:MIGR_RESFIRST(1.0),"First permits by reason, length of validity and citizenship",A,Annual,TOTAL,Total,IS,Iceland,TOTAL,Total,PER,Person,EU27_2020,European Union - 27 countries (from 2020),2019,,307,,,,,
dataflow,ESTAT:MIGR_RESFIRST(1.0),"First permits by reason, length of validity and citizenship",A,Annual,TOTAL,Total,IS,Iceland,TOTAL,Total,PER,Person,EU27_2020,European Union - 27 countries (from 2020),2020,,271,,,,,
dataflow,ESTAT:MIGR_RESFIRST(1.0),"First permits by reason, length of validity and citizenship",A,Annual,TOTAL,Total,IS,Iceland,TOTAL,Total,PER,Person,EU27_2020,European Union - 27 countries (from 2020),2021,,249,,,,,
dataflow,ESTAT:MIGR_RESFIRST(1.0),"First permits by reason, length of validity and citizenship",A,Annual,TOTAL,Total,IS,Iceland,TOTAL,Total,PER,Person,EU27_2020,European Union - 27 countries (from 2020),2022,,276,,,,,
dataflow,ESTAT:MIGR_RESFIRST(1.0),"First permits by reason, length of validity and citizenship",A,Annual,TOTAL,Total,IS,Iceland,TOTAL,Total,PER,Person,EU27_2020,European Union - 27 countries (from 2020),2023,,277,,,,,
dataflow,ESTAT:MIGR_RESFIRST(1.0),"First permits by reason, length of validity and citizenship",A,Annual,TOTAL,Total,IS,Iceland,TOTAL,Total,PER,Person,EU28,European Union - 28 countries (2013-2020),2013,,153,,,,,
dataflow,ESTAT:MIGR_RESFIRST(1.0),"First permits by reason, length of validity and citizenship",A,Annual,TOTAL,Total,IS,Iceland,TOTAL,Total,PER,Person,EU28,European Union - 28 countries (2013-2020),2014,,211,,,,,
dataflow,ESTAT:MIGR_RESFIRST(1.0),"First permits by reason, length of validity and citizenship",A,Annual,TOTAL,Total,IS,Iceland,TOTAL,Total,PER,Person,EU28,European Union - 28 countries (2013-2020),2015,,179,,,,,
dataflow,ESTAT:MIGR_RESFIRST(1.0),"First permits by reason, length of validity and citizenship",A,Annual,TOTAL,Total,IS,Iceland,TOTAL,Total,PER,Person,EU28,European Union - 28 countries (2013-2020),2016,,209,,,,,
dataflow,ESTAT:MIGR_RESFIRST(1.0),"First permits by reason, length of validity and citizenship",A,Annual,TOTAL,Total,IS,Iceland,TOTAL,Total,PER,Person,EU28,European Union - 28 countries (2013-2020),2017,,178,,,,,
dataflow,ESTAT:MIGR_RESFIRST(1.0),"First permits by reason, length of validity and citizenship",A,Annual,TOTAL,Total,IS,Iceland,TOTAL,Total,PER,Person,EU28,European Union - 28 countries (2013-2020),2018,,274,,,,,
dataflow,ESTAT:MIGR_RESFIRST(1.0),"First permits by reason, length of validity and citizenship",A,Annual,TOTAL,Total,JM,Jamaica,TOTAL,Total,PER,Person,EU27_2020,European Union - 27 countries (from 2020),2013,,289,,,,,
dataflow,ESTAT:MIGR_RESFIRST(1.0),"First permits by reason, length of validity and citizenship",A,Annual,TOTAL,Total,JM,Jamaica,TOTAL,Total,PER,Person,EU27_2020,European Union - 27 countries (from 2020),2014,,346,,,,,
dataflow,ESTAT:MIGR_RESFIRST(1.0),"First permits by reason, length of validity and citizenship",A,Annual,TOTAL,Total,JM,Jamaica,TOTAL,Total,PER,Person,EU27_2020,European Union - 27 countries (from 2020),2015,,359,,,,,
dataflow,ESTAT:MIGR_RESFIRST(1.0),"First permits by reason, length of validity and citizenship",A,Annual,TOTAL,Total,JM,Jamaica,TOTAL,Total,PER,Person,EU27_2020,European Union - 27 countries (from 2020),2016,,401,,,,,
dataflow,ESTAT:MIGR_RESFIRST(1.0),"First permits by reason, length of validity and citizenship",A,Annual,TOTAL,Total,JM,Jamaica,TOTAL,Total,PER,Person,EU27_2020,European Union - 27 countries (from 2020),2017,,401,,,,,
dataflow,ESTAT:MIGR_RESFIRST(1.0),"First permits by reason, length of validity and citizenship",A,Annual,TOTAL,Total,JM,Jamaica,TOTAL,Total,PER,Person,EU27_2020,European Union - 27 countries (from 2020),2018,,416,,,,,
dataflow,ESTAT:MIGR_RESFIRST(1.0),"First permits by reason, length of validity and citizenship",A,Annual,TOTAL,Total,JM,Jamaica,TOTAL,Total,PER,Person,EU27_2020,European Union - 27 countries (from 2020),2019,,415,,,,,
dataflow,ESTAT:MIGR_RESFIRST(1.0),"First permits by reason, length of validity and citizenship",A,Annual,TOTAL,Total,JM,Jamaica,TOTAL,Total,PER,Person,EU27_2020,European Union - 27 countries (from 2020),2020,,279,,,,,
dataflow,ESTAT:MIGR_RESFIRST(1.0),"First permits by reason, length of validity and citizenship",A,Annual,TOTAL,Total,JM,Jamaica,TOTAL,Total,PER,Person,EU27_2020,European Union - 27 countries (from 2020),2021,,308,,,,,
dataflow,ESTAT:MIGR_RESFIRST(1.0),"First permits by reason, length of validity and citizenship",A,Annual,TOTAL,Total,JM,Jamaica,TOTAL,Total,PER,Person,EU27_2020,European Union - 27 countries (from 2020),2022,,389,,,,,
dataflow,ESTAT:MIGR_RESFIRST(1.0),"First permits by reason, length of validity and citizenship",A,Annual,TOTAL,Total,JM,Jamaica,TOTAL,Total,PER,Person,EU27_2020,European Union - 27 countries (from 2020),2023,,381,,,,,
dataflow,ESTAT:MIGR_RESFIRST(1.0),"First permits by reason, length of validity and citizenship",A,Annual,TOTAL,Total,JM,Jamaica,TOTAL,Total,PER,Person,EU28,European Union - 28 countries (2013-2020),2013,,3969,,,,,
dataflow,ESTAT:MIGR_RESFIRST(1.0),"First permits by reason, length of validity and citizenship",A,Annual,TOTAL,Total,JM,Jamaica,TOTAL,Total,PER,Person,EU28,European Union - 28 countries (2013-2020),2014,,1469,,,,,
dataflow,ESTAT:MIGR_RESFIRST(1.0),"First permits by reason, length of validity and citizenship",A,Annual,TOTAL,Total,JM,Jamaica,TOTAL,Total,PER,Person,EU28,European Union - 28 countries (2013-2020),2015,,1496,,,,,
dataflow,ESTAT:MIGR_RESFIRST(1.0),"First permits by reason, length of validity and citizenship",A,Annual,TOTAL,Total,JM,Jamaica,TOTAL,Total,PER,Person,EU28,European Union - 28 countries (2013-2020),2016,,1372,,,,,
dataflow,ESTAT:MIGR_RESFIRST(1.0),"First permits by reason, length of validity and citizenship",A,Annual,TOTAL,Total,JM,Jamaica,TOTAL,Total,PER,Person,EU28,European Union - 28 countries (2013-2020),2017,,1372,,,,,
dataflow,ESTAT:MIGR_RESFIRST(1.0),"First permits by reason, length of validity and citizenship",A,Annual,TOTAL,Total,JM,Jamaica,TOTAL,Total,PER,Person,EU28,European Union - 28 countries (2013-2020),2018,,1328,,,,,
dataflow,ESTAT:MIGR_RESFIRST(1.0),"First permits by reason, length of validity and citizenship",A,Annual,TOTAL,Total,JO,Jordan,TOTAL,Total,PER,Person,EU27_2020,European Union - 27 countries (from 2020),2013,,2151,,,,,
dataflow,ESTAT:MIGR_RESFIRST(1.0),"First permits by reason, length of validity and citizenship",A,Annual,TOTAL,Total,JO,Jordan,TOTAL,Total,PER,Person,EU27_2020,European Union - 27 countries (from 2020),2014,,2737,,,,,
dataflow,ESTAT:MIGR_RESFIRST(1.0),"First permits by reason, length of validity and citizenship",A,Annual,TOTAL,Total,JO,Jordan,TOTAL,Total,PER,Person,EU27_2020,European Union - 27 countries (from 2020),2015,,2610,,,,,
dataflow,ESTAT:MIGR_RESFIRST(1.0),"First permits by reason, length of validity and citizenship",A,Annual,TOTAL,Total,JO,Jordan,TOTAL,Total,PER,Person,EU27_2020,European Union - 27 countries (from 2020),2016,,2909,,,,,
dataflow,ESTAT:MIGR_RESFIRST(1.0),"First permits by reason, length of validity and citizenship",A,Annual,TOTAL,Total,JO,Jordan,TOTAL,Total,PER,Person,EU27_2020,European Union - 27 countries (from 2020),2017,,3536,,,,,
dataflow,ESTAT:MIGR_RESFIRST(1.0),"First permits by reason, length of validity and citizenship",A,Annual,TOTAL,Total,JO,Jordan,TOTAL,Total,PER,Person,EU27_2020,European Union - 27 countries (from 2020),2018,,3882,,,,,
dataflow,ESTAT:MIGR_RESFIRST(1.0),"First permits by reason, length of validity and citizenship",A,Annual,TOTAL,Total,JO,Jordan,TOTAL,Total,PER,Person,EU27_2020,European Union - 27 countries (from 2020),2019,,4189,,,,,
dataflow,ESTAT:MIGR_RESFIRST(1.0),"First permits by reason, length of validity and citizenship",A,Annual,TOTAL,Total,JO,Jordan,TOTAL,Total,PER,Person,EU27_2020,European Union - 27 countries (from 2020),2020,,3086,,,,,
dataflow,ESTAT:MIGR_RESFIRST(1.0),"First permits by reason, length of validity and citizenship",A,Annual,TOTAL,Total,JO,Jordan,TOTAL,Total,PER,Person,EU27_2020,European Union - 27 countries (from 2020),2021,,4268,,,,,
dataflow,ESTAT:MIGR_RESFIRST(1.0),"First permits by reason, length of validity and citizenship",A,Annual,TOTAL,Total,JO,Jordan,TOTAL,Total,PER,Person,EU27_2020,European Union - 27 countries (from 2020),2022,,4923,,,,,
dataflow,ESTAT:MIGR_RESFIRST(1.0),"First permits by reason, length of validity and citizenship",A,Annual,TOTAL,Total,JO,Jordan,TOTAL,Total,PER,Person,EU27_2020,European Union - 27 countries (from 2020),2023,,4662,,,,,
dataflow,ESTAT:MIGR_RESFIRST(1.0),"First permits by reason, length of validity and citizenship",A,Annual,TOTAL,Total,JO,Jordan,TOTAL,Total,PER,Person,EU28,European Union - 28 countries (2013-2020),2013,,3701,,,,,
dataflow,ESTAT:MIGR_RESFIRST(1.0),"First permits by reason, length of validity and citizenship",A,Annual,TOTAL,Total,JO,Jordan,TOTAL,Total,PER,Person,EU28,European Union - 28 countries (2013-2020),2014,,4401,,,,,
dataflow,ESTAT:MIGR_RESFIRST(1.0),"First permits by reason, length of validity and citizenship",A,Annual,TOTAL,Total,JO,Jordan,TOTAL,Total,PER,Person,EU28,European Union - 28 countries (2013-2020),2015,,4560,,,,,
dataflow,ESTAT:MIGR_RESFIRST(1.0),"First permits by reason, length of validity and citizenship",A,Annual,TOTAL,Total,JO,Jordan,TOTAL,Total,PER,Person,EU28,European Union - 28 countries (2013-2020),2016,,4715,,,,,
dataflow,ESTAT:MIGR_RESFIRST(1.0),"First permits by reason, length of validity and citizenship",A,Annual,TOTAL,Total,JO,Jordan,TOTAL,Total,PER,Person,EU28,European Union - 28 countries (2013-2020),2017,,5602,,,,,
dataflow,ESTAT:MIGR_RESFIRST(1.0),"First permits by reason, length of validity and citizenship",A,Annual,TOTAL,Total,JO,Jordan,TOTAL,Total,PER,Person,EU28,European Union - 28 countries (2013-2020),2018,,5421,,,,,
dataflow,ESTAT:MIGR_RESFIRST(1.0),"First permits by reason, length of validity and citizenship",A,Annual,TOTAL,Total,JP,Japan,TOTAL,Total,PER,Person,EU27_2020,European Union - 27 countries (from 2020),2013,,16681,,,,,
dataflow,ESTAT:MIGR_RESFIRST(1.0),"First permits by reason, length of validity and citizenship",A,Annual,TOTAL,Total,JP,Japan,TOTAL,Total,PER,Person,EU27_2020,European Union - 27 countries (from 2020),2014,,16544,,,,,
dataflow,ESTAT:MIGR_RESFIRST(1.0),"First permits by reason, length of validity and citizenship",A,Annual,TOTAL,Total,JP,Japan,TOTAL,Total,PER,Person,EU27_2020,European Union - 27 countries (from 2020),2015,,16524,,,,,
dataflow,ESTAT:MIGR_RESFIRST(1.0),"First permits by reason, length of validity and citizenship",A,Annual,TOTAL,Total,JP,Japan,TOTAL,Total,PER,Person,EU27_2020,European Union - 27 countries (from 2020),2016,,18685,,,,,
dataflow,ESTAT:MIGR_RESFIRST(1.0),"First permits by reason, length of validity and citizenship",A,Annual,TOTAL,Total,JP,Japan,TOTAL,Total,PER,Person,EU27_2020,European Union - 27 countries (from 2020),2017,,18063,,,,,
dataflow,ESTAT:MIGR_RESFIRST(1.0),"First permits by reason, length of validity and citizenship",A,Annual,TOTAL,Total,JP,Japan,TOTAL,Total,PER,Person,EU27_2020,European Union - 27 countries (from 2020),2018,,20161,,,,,
dataflow,ESTAT:MIGR_RESFIRST(1.0),"First permits by reason, length of validity and citizenship",A,Annual,TOTAL,Total,JP,Japan,TOTAL,Total,PER,Person,EU27_2020,European Union - 27 countries (from 2020),2019,,20493,,,,,
dataflow,ESTAT:MIGR_RESFIRST(1.0),"First permits by reason, length of validity and citizenship",A,Annual,TOTAL,Total,JP,Japan,TOTAL,Total,PER,Person,EU27_2020,European Union - 27 countries (from 2020),2020,,10778,,,,,
dataflow,ESTAT:MIGR_RESFIRST(1.0),"First permits by reason, length of validity and citizenship",A,Annual,TOTAL,Total,JP,Japan,TOTAL,Total,PER,Person,EU27_2020,European Union - 27 countries (from 2020),2021,,14106,,,,,
dataflow,ESTAT:MIGR_RESFIRST(1.0),"First permits by reason, length of validity and citizenship",A,Annual,TOTAL,Total,JP,Japan,TOTAL,Total,PER,Person,EU27_2020,European Union - 27 countries (from 2020),2022,,17430,,,,,
dataflow,ESTAT:MIGR_RESFIRST(1.0),"First permits by reason, length of validity and citizenship",A,Annual,TOTAL,Total,JP,Japan,TOTAL,Total,PER,Person,EU27_2020,European Union - 27 countries (from 2020),2023,,17816,,,,,
dataflow,ESTAT:MIGR_RESFIRST(1.0),"First permits by reason, length of validity and citizenship",A,Annual,TOTAL,Total,JP,Japan,TOTAL,Total,PER,Person,EU28,European Union - 28 countries (2013-2020),2013,,26271,,,,,
dataflow,ESTAT:MIGR_RESFIRST(1.0),"First permits by reason, length of validity and citizenship",A,Annual,TOTAL,Total,JP,Japan,TOTAL,Total,PER,Person,EU28,European Union - 28 countries (2013-2020),2014,,26223,,,,,
dataflow,ESTAT:MIGR_RESFIRST(1.0),"First permits by reason, length of validity and citizenship",A,Annual,TOTAL,Total,JP,Japan,TOTAL,Total,PER,Person,EU28,European Union - 28 countries (2013-2020),2015,,26693,,,,,
dataflow,ESTAT:MIGR_RESFIRST(1.0),"First permits by reason, length of validity and citizenship",A,Annual,TOTAL,Total,JP,Japan,TOTAL,Total,PER,Person,EU28,European Union - 28 countries (2013-2020),2016,,27219,,,,,
dataflow,ESTAT:MIGR_RESFIRST(1.0),"First permits by reason, length of validity and citizenship",A,Annual,TOTAL,Total,JP,Japan,TOTAL,Total,PER,Person,EU28,European Union - 28 countries (2013-2020),2017,,26529,,,,,
dataflow,ESTAT:MIGR_RESFIRST(1.0),"First permits by reason, length of validity and citizenship",A,Annual,TOTAL,Total,JP,Japan,TOTAL,Total,PER,Person,EU28,European Union - 28 countries (2013-2020),2018,,27019,,,,,
dataflow,ESTAT:MIGR_RESFIRST(1.0),"First permits by reason, length of validity and citizenship",A,Annual,TOTAL,Total,KE,Kenya,TOTAL,Total,PER,Person,EU27_2020,European Union - 27 countries (from 2020),2013,,2498,,,,,
dataflow,ESTAT:MIGR_RESFIRST(1.0),"First permits by reason, length of validity and citizenship",A,Annual,TOTAL,Total,KE,Kenya,TOTAL,Total,PER,Person,EU27_2020,European Union - 27 countries (from 2020),2014,,2379,,,,,
dataflow,ESTAT:MIGR_RESFIRST(1.0),"First permits by reason, length of validity and citizenship",A,Annual,TOTAL,Total,KE,Kenya,TOTAL,Total,PER,Person,EU27_2020,European Union - 27 countries (from 2020),2015,,2494,,,,,
dataflow,ESTAT:MIGR_RESFIRST(1.0),"First permits by reason, length of validity and citizenship",A,Annual,TOTAL,Total,KE,Kenya,TOTAL,Total,PER,Person,EU27_2020,European Union - 27 countries (from 2020),2016,,2478,,,,,
dataflow,ESTAT:MIGR_RESFIRST(1.0),"First permits by reason, length of validity and citizenship",A,Annual,TOTAL,Total,KE,Kenya,TOTAL,Total,PER,Person,EU27_2020,European Union - 27 countries (from 2020),2017,,2500,,,,,
dataflow,ESTAT:MIGR_RESFIRST(1.0),"First permits by reason, length of validity and citizenship",A,Annual,TOTAL,Total,KE,Kenya,TOTAL,Total,PER,Person,EU27_2020,European Union - 27 countries (from 2020),2018,,2871,,,,,
dataflow,ESTAT:MIGR_RESFIRST(1.0),"First permits by reason, length of validity and citizenship",A,Annual,TOTAL,Total,KE,Kenya,TOTAL,Total,PER,Person,EU27_2020,European Union - 27 countries (from 2020),2019,,2926,,,,,
dataflow,ESTAT:MIGR_RESFIRST(1.0),"First permits by reason, length of validity and citizenship",A,Annual,TOTAL,Total,KE,Kenya,TOTAL,Total,PER,Person,EU27_2020,European Union - 27 countries (from 2020),2020,,2579,,,,,
dataflow,ESTAT:MIGR_RESFIRST(1.0),"First permits by reason, length of validity and citizenship",A,Annual,TOTAL,Total,KE,Kenya,TOTAL,Total,PER,Person,EU27_2020,European Union - 27 countries (from 2020),2021,,3482,,,,,
dataflow,ESTAT:MIGR_RESFIRST(1.0),"First permits by reason, length of validity and citizenship",A,Annual,TOTAL,Total,KE,Kenya,TOTAL,Total,PER,Person,EU27_2020,European Union - 27 countries (from 2020),2022,,4868,,,,,
dataflow,ESTAT:MIGR_RESFIRST(1.0),"First permits by reason, length of validity and citizenship",A,Annual,TOTAL,Total,KE,Kenya,TOTAL,Total,PER,Person,EU27_2020,European Union - 27 countries (from 2020),2023,,5289,,,,,
dataflow,ESTAT:MIGR_RESFIRST(1.0),"First permits by reason, length of validity and citizenship",A,Annual,TOTAL,Total,KE,Kenya,TOTAL,Total,PER,Person,EU28,European Union - 28 countries (2013-2020),2013,,4199,,,,,
dataflow,ESTAT:MIGR_RESFIRST(1.0),"First permits by reason, length of validity and citizenship",A,Annual,TOTAL,Total,KE,Kenya,TOTAL,Total,PER,Person,EU28,European Union - 28 countries (2013-2020),2014,,4269,,,,,
dataflow,ESTAT:MIGR_RESFIRST(1.0),"First permits by reason, length of validity and citizenship",A,Annual,TOTAL,Total,KE,Kenya,TOTAL,Total,PER,Person,EU28,European Union - 28 countries (2013-2020),2015,,4296,,,,,
dataflow,ESTAT:MIGR_RESFIRST(1.0),"First permits by reason, length of validity and citizenship",A,Annual,TOTAL,Total,KE,Kenya,TOTAL,Total,PER,Person,EU28,European Union - 28 countries (2013-2020),2016,,4346,,,,,
dataflow,ESTAT:MIGR_RESFIRST(1.0),"First permits by reason, length of validity and citizenship",A,Annual,TOTAL,Total,KE,Kenya,TOTAL,Total,PER,Person,EU28,European Union - 28 countries (2013-2020),2017,,4373,,,,,
dataflow,ESTAT:MIGR_RESFIRST(1.0),"First permits by reason, length of validity and citizenship",A,Annual,TOTAL,Total,KE,Kenya,TOTAL,Total,PER,Person,EU28,European Union - 28 countries (2013-2020),2018,,4644,,,,,
dataflow,ESTAT:MIGR_RESFIRST(1.0),"First permits by reason, length of validity and citizenship",A,Annual,TOTAL,Total,KG,Kyrgyzstan,TOTAL,Total,PER,Person,EU27_2020,European Union - 27 countries (from 2020),2013,,1417,,,,,
dataflow,ESTAT:MIGR_RESFIRST(1.0),"First permits by reason, length of validity and citizenship",A,Annual,TOTAL,Total,KG,Kyrgyzstan,TOTAL,Total,PER,Person,EU27_2020,European Union - 27 countries (from 2020),2014,,1315,,,,,
dataflow,ESTAT:MIGR_RESFIRST(1.0),"First permits by reason, length of validity and citizenship",A,Annual,TOTAL,Total,KG,Kyrgyzstan,TOTAL,Total,PER,Person,EU27_2020,European Union - 27 countries (from 2020),2015,,1184,,,,,
dataflow,ESTAT:MIGR_RESFIRST(1.0),"First permits by reason, length of validity and citizenship",A,Annual,TOTAL,Total,KG,Kyrgyzstan,TOTAL,Total,PER,Person,EU27_2020,European Union - 27 countries (from 2020),2016,,1384,,,,,
dataflow,ESTAT:MIGR_RESFIRST(1.0),"First permits by reason, length of validity and citizenship",A,Annual,TOTAL,Total,KG,Kyrgyzstan,TOTAL,Total,PER,Person,EU27_2020,European Union - 27 countries (from 2020),2017,,1641,,,,,
dataflow,ESTAT:MIGR_RESFIRST(1.0),"First permits by reason, length of validity and citizenship",A,Annual,TOTAL,Total,KG,Kyrgyzstan,TOTAL,Total,PER,Person,EU27_2020,European Union - 27 countries (from 2020),2018,,2314,,,,,
dataflow,ESTAT:MIGR_RESFIRST(1.0),"First permits by reason, length of validity and citizenship",A,Annual,TOTAL,Total,KG,Kyrgyzstan,TOTAL,Total,PER,Person,EU27_2020,European Union - 27 countries (from 2020),2019,,3222,,,,,
dataflow,ESTAT:MIGR_RESFIRST(1.0),"First permits by reason, length of validity and citizenship",A,Annual,TOTAL,Total,KG,Kyrgyzstan,TOTAL,Total,PER,Person,EU27_2020,European Union - 27 countries (from 2020),2020,,2420,,,,,
dataflow,ESTAT:MIGR_RESFIRST(1.0),"First permits by reason, length of validity and citizenship",A,Annual,TOTAL,Total,KG,Kyrgyzstan,TOTAL,Total,PER,Person,EU27_2020,European Union - 27 countries (from 2020),2021,,4223,,,,,
dataflow,ESTAT:MIGR_RESFIRST(1.0),"First permits by reason, length of validity and citizenship",A,Annual,TOTAL,Total,KG,Kyrgyzstan,TOTAL,Total,PER,Person,EU27_2020,European Union - 27 countries (from 2020),2022,,9083,,,,,
dataflow,ESTAT:MIGR_RESFIRST(1.0),"First permits by reason, length of validity and citizenship",A,Annual,TOTAL,Total,KG,Kyrgyzstan,TOTAL,Total,PER,Person,EU27_2020,European Union - 27 countries (from 2020),2023,,16291,,,,,
dataflow,ESTAT:MIGR_RESFIRST(1.0),"First permits by reason, length of validity and citizenship",A,Annual,TOTAL,Total,KG,Kyrgyzstan,TOTAL,Total,PER,Person,EU28,European Union - 28 countries (2013-2020),2013,,1550,,,,,
dataflow,ESTAT:MIGR_RESFIRST(1.0),"First permits by reason, length of validity and citizenship",A,Annual,TOTAL,Total,KG,Kyrgyzstan,TOTAL,Total,PER,Person,EU28,European Union - 28 countries (2013-2020),2014,,1460,,,,,
dataflow,ESTAT:MIGR_RESFIRST(1.0),"First permits by reason, length of validity and citizenship",A,Annual,TOTAL,Total,KG,Kyrgyzstan,TOTAL,Total,PER,Person,EU28,European Union - 28 countries (2013-2020),2015,,1289,,,,,
dataflow,ESTAT:MIGR_RESFIRST(1.0),"First permits by reason, length of validity and citizenship",A,Annual,TOTAL,Total,KG,Kyrgyzstan,TOTAL,Total,PER,Person,EU28,European Union - 28 countries (2013-2020),2016,,1484,,,,,
dataflow,ESTAT:MIGR_RESFIRST(1.0),"First permits by reason, length of validity and citizenship",A,Annual,TOTAL,Total,KG,Kyrgyzstan,TOTAL,Total,PER,Person,EU28,European Union - 28 countries (2013-2020),2017,,1729,,,,,
dataflow,ESTAT:MIGR_RESFIRST(1.0),"First permits by reason, length of validity and citizenship",A,Annual,TOTAL,Total,KG,Kyrgyzstan,TOTAL,Total,PER,Person,EU28,European Union - 28 countries (2013-2020),2018,,2427,,,,,
dataflow,ESTAT:MIGR_RESFIRST(1.0),"First permits by reason, length of validity and citizenship",A,Annual,TOTAL,Total,KH,Cambodia,TOTAL,Total,PER,Person,EU27_2020,European Union - 27 countries (from 2020),2013,,901,,,,,
dataflow,ESTAT:MIGR_RESFIRST(1.0),"First permits by reason, length of validity and citizenship",A,Annual,TOTAL,Total,KH,Cambodia,TOTAL,Total,PER,Person,EU27_2020,European Union - 27 countries (from 2020),2014,,971,,,,,
dataflow,ESTAT:MIGR_RESFIRST(1.0),"First permits by reason, length of validity and citizenship",A,Annual,TOTAL,Total,KH,Cambodia,TOTAL,Total,PER,Person,EU27_2020,European Union - 27 countries (from 2020),2015,,841,,,,,
dataflow,ESTAT:MIGR_RESFIRST(1.0),"First permits by reason, length of validity and citizenship",A,Annual,TOTAL,Total,KH,Cambodia,TOTAL,Total,PER,Person,EU27_2020,European Union - 27 countries (from 2020),2016,,781,,,,,
dataflow,ESTAT:MIGR_RESFIRST(1.0),"First permits by reason, length of validity and citizenship",A,Annual,TOTAL,Total,KH,Cambodia,TOTAL,Total,PER,Person,EU27_2020,European Union - 27 countries (from 2020),2017,,768,,,,,
dataflow,ESTAT:MIGR_RESFIRST(1.0),"First permits by reason, length of validity and citizenship",A,Annual,TOTAL,Total,KH,Cambodia,TOTAL,Total,PER,Person,EU27_2020,European Union - 27 countries (from 2020),2018,,895,,,,,
dataflow,ESTAT:MIGR_RESFIRST(1.0),"First permits by reason, length of validity and citizenship",A,Annual,TOTAL,Total,KH,Cambodia,TOTAL,Total,PER,Person,EU27_2020,European Union - 27 countries (from 2020),2019,,992,,,,,
dataflow,ESTAT:MIGR_RESFIRST(1.0),"First permits by reason, length of validity and citizenship",A,Annual,TOTAL,Total,KH,Cambodia,TOTAL,Total,PER,Person,EU27_2020,European Union - 27 countries (from 2020),2020,,684,,,,,
dataflow,ESTAT:MIGR_RESFIRST(1.0),"First permits by reason, length of validity and citizenship",A,Annual,TOTAL,Total,KH,Cambodia,TOTAL,Total,PER,Person,EU27_2020,European Union - 27 countries (from 2020),2021,,748,,,,,
dataflow,ESTAT:MIGR_RESFIRST(1.0),"First permits by reason, length of validity and citizenship",A,Annual,TOTAL,Total,KH,Cambodia,TOTAL,Total,PER,Person,EU27_2020,European Union - 27 countries (from 2020),2022,,988,,,,,
dataflow,ESTAT:MIGR_RESFIRST(1.0),"First permits by reason, length of validity and citizenship",A,Annual,TOTAL,Total,KH,Cambodia,TOTAL,Total,PER,Person,EU27_2020,European Union - 27 countries (from 2020),2023,,1024,,,,,
dataflow,ESTAT:MIGR_RESFIRST(1.0),"First permits by reason, length of validity and citizenship",A,Annual,TOTAL,Total,KH,Cambodia,TOTAL,Total,PER,Person,EU28,European Union - 28 countries (2013-2020),2013,,1045,,,,,
dataflow,ESTAT:MIGR_RESFIRST(1.0),"First permits by reason, length of validity and citizenship",A,Annual,TOTAL,Total,KH,Cambodia,TOTAL,Total,PER,Person,EU28,European Union - 28 countries (2013-2020),2014,,1070,,,,,
dataflow,ESTAT:MIGR_RESFIRST(1.0),"First permits by reason, length of validity and citizenship",A,Annual,TOTAL,Total,KH,Cambodia,TOTAL,Total,PER,Person,EU28,European Union - 28 countries (2013-2020),2015,,946,,,,,
dataflow,ESTAT:MIGR_RESFIRST(1.0),"First permits by reason, length of validity and citizenship",A,Annual,TOTAL,Total,KH,Cambodia,TOTAL,Total,PER,Person,EU28,European Union - 28 countries (2013-2020),2016,,928,,,,,
dataflow,ESTAT:MIGR_RESFIRST(1.0),"First permits by reason, length of validity and citizenship",A,Annual,TOTAL,Total,KH,Cambodia,TOTAL,Total,PER,Person,EU28,European Union - 28 countries (2013-2020),2017,,901,,,,,
dataflow,ESTAT:MIGR_RESFIRST(1.0),"First permits by reason, length of validity and citizenship",A,Annual,TOTAL,Total,KH,Cambodia,TOTAL,Total,PER,Person,EU28,European Union - 28 countries (2013-2020),2018,,1020,,,,,
dataflow,ESTAT:MIGR_RESFIRST(1.0),"First permits by reason, length of validity and citizenship",A,Annual,TOTAL,Total,KI,Kiribati,TOTAL,Total,PER,Person,EU27_2020,European Union - 27 countries (from 2020),2013,,7,,,,,
dataflow,ESTAT:MIGR_RESFIRST(1.0),"First permits by reason, length of validity and citizenship",A,Annual,TOTAL,Total,KI,Kiribati,TOTAL,Total,PER,Person,EU27_2020,European Union - 27 countries (from 2020),2014,,1,,,,,
dataflow,ESTAT:MIGR_RESFIRST(1.0),"First permits by reason, length of validity and citizenship",A,Annual,TOTAL,Total,KI,Kiribati,TOTAL,Total,PER,Person,EU27_2020,European Union - 27 countries (from 2020),2015,,5,,,,,
dataflow,ESTAT:MIGR_RESFIRST(1.0),"First permits by reason, length of validity and citizenship",A,Annual,TOTAL,Total,KI,Kiribati,TOTAL,Total,PER,Person,EU27_2020,European Union - 27 countries (from 2020),2016,,2,,,,,
dataflow,ESTAT:MIGR_RESFIRST(1.0),"First permits by reason, length of validity and citizenship",A,Annual,TOTAL,Total,KI,Kiribati,TOTAL,Total,PER,Person,EU27_2020,European Union - 27 countries (from 2020),2017,,4,,,,,
dataflow,ESTAT:MIGR_RESFIRST(1.0),"First permits by reason, length of validity and citizenship",A,Annual,TOTAL,Total,KI,Kiribati,TOTAL,Total,PER,Person,EU27_2020,European Union - 27 countries (from 2020),2018,,5,,,,,
dataflow,ESTAT:MIGR_RESFIRST(1.0),"First permits by reason, length of validity and citizenship",A,Annual,TOTAL,Total,KI,Kiribati,TOTAL,Total,PER,Person,EU27_2020,European Union - 27 countries (from 2020),2019,,4,,,,,
dataflow,ESTAT:MIGR_RESFIRST(1.0),"First permits by reason, length of validity and citizenship",A,Annual,TOTAL,Total,KI,Kiribati,TOTAL,Total,PER,Person,EU27_2020,European Union - 27 countries (from 2020),2020,,28,,,,,
dataflow,ESTAT:MIGR_RESFIRST(1.0),"First permits by reason, length of validity and citizenship",A,Annual,TOTAL,Total,KI,Kiribati,TOTAL,Total,PER,Person,EU27_2020,European Union - 27 countries (from 2020),2021,,5,,,,,
dataflow,ESTAT:MIGR_RESFIRST(1.0),"First permits by reason, length of validity and citizenship",A,Annual,TOTAL,Total,KI,Kiribati,TOTAL,Total,PER,Person,EU27_2020,European Union - 27 countries (from 2020),2022,,4,,,,,
dataflow,ESTAT:MIGR_RESFIRST(1.0),"First permits by reason, length of validity and citizenship",A,Annual,TOTAL,Total,KI,Kiribati,TOTAL,Total,PER,Person,EU27_2020,European Union - 27 countries (from 2020),2023,,3,,,,,
dataflow,ESTAT:MIGR_RESFIRST(1.0),"First permits by reason, length of validity and citizenship",A,Annual,TOTAL,Total,KI,Kiribati,TOTAL,Total,PER,Person,EU28,European Union - 28 countries (2013-2020),2013,,11,,,,,
dataflow,ESTAT:MIGR_RESFIRST(1.0),"First permits by reason, length of validity and citizenship",A,Annual,TOTAL,Total,KI,Kiribati,TOTAL,Total,PER,Person,EU28,European Union - 28 countries (2013-2020),2014,,37,,,,,
dataflow,ESTAT:MIGR_RESFIRST(1.0),"First permits by reason, length of validity and citizenship",A,Annual,TOTAL,Total,KI,Kiribati,TOTAL,Total,PER,Person,EU28,European Union - 28 countries (2013-2020),2015,,6,,,,,
dataflow,ESTAT:MIGR_RESFIRST(1.0),"First permits by reason, length of validity and citizenship",A,Annual,TOTAL,Total,KI,Kiribati,TOTAL,Total,PER,Person,EU28,European Union - 28 countries (2013-2020),2016,,5,,,,,
dataflow,ESTAT:MIGR_RESFIRST(1.0),"First permits by reason, length of validity and citizenship",A,Annual,TOTAL,Total,KI,Kiribati,TOTAL,Total,PER,Person,EU28,European Union - 28 countries (2013-2020),2017,,5,,,,,
dataflow,ESTAT:MIGR_RESFIRST(1.0),"First permits by reason, length of validity and citizenship",A,Annual,TOTAL,Total,KI,Kiribati,TOTAL,Total,PER,Person,EU28,European Union - 28 countries (2013-2020),2018,,5,,,,,
dataflow,ESTAT:MIGR_RESFIRST(1.0),"First permits by reason, length of validity and citizenship",A,Annual,TOTAL,Total,KM,Comoros,TOTAL,Total,PER,Person,EU27_2020,European Union - 27 countries (from 2020),2013,,5109,,,,,
dataflow,ESTAT:MIGR_RESFIRST(1.0),"First permits by reason, length of validity and citizenship",A,Annual,TOTAL,Total,KM,Comoros,TOTAL,Total,PER,Person,EU27_2020,European Union - 27 countries (from 2020),2014,,5839,,,,,
dataflow,ESTAT:MIGR_RESFIRST(1.0),"First permits by reason, length of validity and citizenship",A,Annual,TOTAL,Total,KM,Comoros,TOTAL,Total,PER,Person,EU27_2020,European Union - 27 countries (from 2020),2015,,7686,,,,,
dataflow,ESTAT:MIGR_RESFIRST(1.0),"First permits by reason, length of validity and citizenship",A,Annual,TOTAL,Total,KM,Comoros,TOTAL,Total,PER,Person,EU27_2020,European Union - 27 countries (from 2020),2016,,4240,,,,,
dataflow,ESTAT:MIGR_RESFIRST(1.0),"First permits by reason, length of validity and citizenship",A,Annual,TOTAL,Total,KM,Comoros,TOTAL,Total,PER,Person,EU27_2020,European Union - 27 countries (from 2020),2017,,4662,,,,,
dataflow,ESTAT:MIGR_RESFIRST(1.0),"First permits by reason, length of validity and citizenship",A,Annual,TOTAL,Total,KM,Comoros,TOTAL,Total,PER,Person,EU27_2020,European Union - 27 countries (from 2020),2018,,5442,,,,,
dataflow,ESTAT:MIGR_RESFIRST(1.0),"First permits by reason, length of validity and citizenship",A,Annual,TOTAL,Total,KM,Comoros,TOTAL,Total,PER,Person,EU27_2020,European Union - 27 countries (from 2020),2019,,7100,,,,,
dataflow,ESTAT:MIGR_RESFIRST(1.0),"First permits by reason, length of validity and citizenship",A,Annual,TOTAL,Total,KM,Comoros,TOTAL,Total,PER,Person,EU27_2020,European Union - 27 countries (from 2020),2020,,5161,,,,,
dataflow,ESTAT:MIGR_RESFIRST(1.0),"First permits by reason, length of validity and citizenship",A,Annual,TOTAL,Total,KM,Comoros,TOTAL,Total,PER,Person,EU27_2020,European Union - 27 countries (from 2020),2021,,7291,,,,,
dataflow,ESTAT:MIGR_RESFIRST(1.0),"First permits by reason, length of validity and citizenship",A,Annual,TOTAL,Total,KM,Comoros,TOTAL,Total,PER,Person,EU27_2020,European Union - 27 countries (from 2020),2022,,6393,,,,,
dataflow,ESTAT:MIGR_RESFIRST(1.0),"First permits by reason, length of validity and citizenship",A,Annual,TOTAL,Total,KM,Comoros,TOTAL,Total,PER,Person,EU27_2020,European Union - 27 countries (from 2020),2023,,5755,,,,,
dataflow,ESTAT:MIGR_RESFIRST(1.0),"First permits by reason, length of validity and citizenship",A,Annual,TOTAL,Total,KM,Comoros,TOTAL,Total,PER,Person,EU28,European Union - 28 countries (2013-2020),2013,,5113,,,,,
dataflow,ESTAT:MIGR_RESFIRST(1.0),"First permits by reason, length of validity and citizenship",A,Annual,TOTAL,Total,KM,Comoros,TOTAL,Total,PER,Person,EU28,European Union - 28 countries (2013-2020),2014,,5849,,,,,
dataflow,ESTAT:MIGR_RESFIRST(1.0),"First permits by reason, length of validity and citizenship",A,Annual,TOTAL,Total,KM,Comoros,TOTAL,Total,PER,Person,EU28,European Union - 28 countries (2013-2020),2015,,7695,,,,,
dataflow,ESTAT:MIGR_RESFIRST(1.0),"First permits by reason, length of validity and citizenship",A,Annual,TOTAL,Total,KM,Comoros,TOTAL,Total,PER,Person,EU28,European Union - 28 countries (2013-2020),2016,,4251,,,,,
dataflow,ESTAT:MIGR_RESFIRST(1.0),"First permits by reason, length of validity and citizenship",A,Annual,TOTAL,Total,KM,Comoros,TOTAL,Total,PER,Person,EU28,European Union - 28 countries (2013-2020),2017,,4670,,,,,
dataflow,ESTAT:MIGR_RESFIRST(1.0),"First permits by reason, length of validity and citizenship",A,Annual,TOTAL,Total,KM,Comoros,TOTAL,Total,PER,Person,EU28,European Union - 28 countries (2013-2020),2018,,5450,,,,,
dataflow,ESTAT:MIGR_RESFIRST(1.0),"First permits by reason, length of validity and citizenship",A,Annual,TOTAL,Total,KN,Saint Kitts and Nevis,TOTAL,Total,PER,Person,EU27_2020,European Union - 27 countries (from 2020),2013,,25,,,,,
dataflow,ESTAT:MIGR_RESFIRST(1.0),"First permits by reason, length of validity and citizenship",A,Annual,TOTAL,Total,KN,Saint Kitts and Nevis,TOTAL,Total,PER,Person,EU27_2020,European Union - 27 countries (from 2020),2014,,41,,,,,
dataflow,ESTAT:MIGR_RESFIRST(1.0),"First permits by reason, length of validity and citizenship",A,Annual,TOTAL,Total,KN,Saint Kitts and Nevis,TOTAL,Total,PER,Person,EU27_2020,European Union - 27 countries (from 2020),2015,,58,,,,,
dataflow,ESTAT:MIGR_RESFIRST(1.0),"First permits by reason, length of validity and citizenship",A,Annual,TOTAL,Total,KN,Saint Kitts and Nevis,TOTAL,Total,PER,Person,EU27_2020,European Union - 27 countries (from 2020),2016,,53,,,,,
dataflow,ESTAT:MIGR_RESFIRST(1.0),"First permits by reason, length of validity and citizenship",A,Annual,TOTAL,Total,KN,Saint Kitts and Nevis,TOTAL,Total,PER,Person,EU27_2020,European Union - 27 countries (from 2020),2017,,59,,,,,
dataflow,ESTAT:MIGR_RESFIRST(1.0),"First permits by reason, length of validity and citizenship",A,Annual,TOTAL,Total,KN,Saint Kitts and Nevis,TOTAL,Total,PER,Person,EU27_2020,European Union - 27 countries (from 2020),2018,,65,,,,,
dataflow,ESTAT:MIGR_RESFIRST(1.0),"First permits by reason, length of validity and citizenship",A,Annual,TOTAL,Total,KN,Saint Kitts and Nevis,TOTAL,Total,PER,Person,EU27_2020,European Union - 27 countries (from 2020),2019,,73,,,,,
dataflow,ESTAT:MIGR_RESFIRST(1.0),"First permits by reason, length of validity and citizenship",A,Annual,TOTAL,Total,KN,Saint Kitts and Nevis,TOTAL,Total,PER,Person,EU27_2020,European Union - 27 countries (from 2020),2020,,50,,,,,
dataflow,ESTAT:MIGR_RESFIRST(1.0),"First permits by reason, length of validity and citizenship",A,Annual,TOTAL,Total,KN,Saint Kitts and Nevis,TOTAL,Total,PER,Person,EU27_2020,European Union - 27 countries (from 2020),2021,,101,,,,,
dataflow,ESTAT:MIGR_RESFIRST(1.0),"First permits by reason, length of validity and citizenship",A,Annual,TOTAL,Total,KN,Saint Kitts and Nevis,TOTAL,Total,PER,Person,EU27_2020,European Union - 27 countries (from 2020),2022,,196,,,,,
dataflow,ESTAT:MIGR_RESFIRST(1.0),"First permits by reason, length of validity and citizenship",A,Annual,TOTAL,Total,KN,Saint Kitts and Nevis,TOTAL,Total,PER,Person,EU27_2020,European Union - 27 countries (from 2020),2023,,219,,,,,
dataflow,ESTAT:MIGR_RESFIRST(1.0),"First permits by reason, length of validity and citizenship",A,Annual,TOTAL,Total,KN,Saint Kitts and Nevis,TOTAL,Total,PER,Person,EU28,European Union - 28 countries (2013-2020),2013,,81,,,,,
dataflow,ESTAT:MIGR_RESFIRST(1.0),"First permits by reason, length of validity and citizenship",A,Annual,TOTAL,Total,KN,Saint Kitts and Nevis,TOTAL,Total,PER,Person,EU28,European Union - 28 countries (2013-2020),2014,,112,,,,,
dataflow,ESTAT:MIGR_RESFIRST(1.0),"First permits by reason, length of validity and citizenship",A,Annual,TOTAL,Total,KN,Saint Kitts and Nevis,TOTAL,Total,PER,Person,EU28,European Union - 28 countries (2013-2020),2015,,142,,,,,
dataflow,ESTAT:MIGR_RESFIRST(1.0),"First permits by reason, length of validity and citizenship",A,Annual,TOTAL,Total,KN,Saint Kitts and Nevis,TOTAL,Total,PER,Person,EU28,European Union - 28 countries (2013-2020),2016,,171,,,,,
dataflow,ESTAT:MIGR_RESFIRST(1.0),"First permits by reason, length of validity and citizenship",A,Annual,TOTAL,Total,KN,Saint Kitts and Nevis,TOTAL,Total,PER,Person,EU28,European Union - 28 countries (2013-2020),2017,,286,,,,,
dataflow,ESTAT:MIGR_RESFIRST(1.0),"First permits by reason, length of validity and citizenship",A,Annual,TOTAL,Total,KN,Saint Kitts and Nevis,TOTAL,Total,PER,Person,EU28,European Union - 28 countries (2013-2020),2018,,170,,,,,
dataflow,ESTAT:MIGR_RESFIRST(1.0),"First permits by reason, length of validity and citizenship",A,Annual,TOTAL,Total,KP,North Korea,TOTAL,Total,PER,Person,EU27_2020,European Union - 27 countries (from 2020),2013,,266,,,,,
dataflow,ESTAT:MIGR_RESFIRST(1.0),"First permits by reason, length of validity and citizenship",A,Annual,TOTAL,Total,KP,North Korea,TOTAL,Total,PER,Person,EU27_2020,European Union - 27 countries (from 2020),2014,,321,,,,,
dataflow,ESTAT:MIGR_RESFIRST(1.0),"First permits by reason, length of validity and citizenship",A,Annual,TOTAL,Total,KP,North Korea,TOTAL,Total,PER,Person,EU27_2020,European Union - 27 countries (from 2020),2015,,341,,,,,
dataflow,ESTAT:MIGR_RESFIRST(1.0),"First permits by reason, length of validity and citizenship",A,Annual,TOTAL,Total,KP,North Korea,TOTAL,Total,PER,Person,EU27_2020,European Union - 27 countries (from 2020),2016,,205,,,,,
dataflow,ESTAT:MIGR_RESFIRST(1.0),"First permits by reason, length of validity and citizenship",A,Annual,TOTAL,Total,KP,North Korea,TOTAL,Total,PER,Person,EU27_2020,European Union - 27 countries (from 2020),2017,,122,,,,,
dataflow,ESTAT:MIGR_RESFIRST(1.0),"First permits by reason, length of validity and citizenship",A,Annual,TOTAL,Total,KP,North Korea,TOTAL,Total,PER,Person,EU27_2020,European Union - 27 countries (from 2020),2018,,90,,,,,
dataflow,ESTAT:MIGR_RESFIRST(1.0),"First permits by reason, length of validity and citizenship",A,Annual,TOTAL,Total,KP,North Korea,TOTAL,Total,PER,Person,EU27_2020,European Union - 27 countries (from 2020),2019,,68,,,,,
dataflow,ESTAT:MIGR_RESFIRST(1.0),"First permits by reason, length of validity and citizenship",A,Annual,TOTAL,Total,KP,North Korea,TOTAL,Total,PER,Person,EU27_2020,European Union - 27 countries (from 2020),2020,,22,,,,,
dataflow,ESTAT:MIGR_RESFIRST(1.0),"First permits by reason, length of validity and citizenship",A,Annual,TOTAL,Total,KP,North Korea,TOTAL,Total,PER,Person,EU27_2020,European Union - 27 countries (from 2020),2021,,56,,,,,
dataflow,ESTAT:MIGR_RESFIRST(1.0),"First permits by reason, length of validity and citizenship",A,Annual,TOTAL,Total,KP,North Korea,TOTAL,Total,PER,Person,EU27_2020,European Union - 27 countries (from 2020),2022,,37,,,,,
dataflow,ESTAT:MIGR_RESFIRST(1.0),"First permits by reason, length of validity and citizenship",A,Annual,TOTAL,Total,KP,North Korea,TOTAL,Total,PER,Person,EU27_2020,European Union - 27 countries (from 2020),2023,,41,,,,,
dataflow,ESTAT:MIGR_RESFIRST(1.0),"First permits by reason, length of validity and citizenship",A,Annual,TOTAL,Total,KP,North Korea,TOTAL,Total,PER,Person,EU28,European Union - 28 countries (2013-2020),2013,,294,,,,,
dataflow,ESTAT:MIGR_RESFIRST(1.0),"First permits by reason, length of validity and citizenship",A,Annual,TOTAL,Total,KP,North Korea,TOTAL,Total,PER,Person,EU28,European Union - 28 countries (2013-2020),2014,,339,,,,,
dataflow,ESTAT:MIGR_RESFIRST(1.0),"First permits by reason, length of validity and citizenship",A,Annual,TOTAL,Total,KP,North Korea,TOTAL,Total,PER,Person,EU28,European Union - 28 countries (2013-2020),2015,,342,,,,,
dataflow,ESTAT:MIGR_RESFIRST(1.0),"First permits by reason, length of validity and citizenship",A,Annual,TOTAL,Total,KP,North Korea,TOTAL,Total,PER,Person,EU28,European Union - 28 countries (2013-2020),2016,,205,,,,,
dataflow,ESTAT:MIGR_RESFIRST(1.0),"First permits by reason, length of validity and citizenship",A,Annual,TOTAL,Total,KP,North Korea,TOTAL,Total,PER,Person,EU28,European Union - 28 countries (2013-2020),2017,,123,,,,,
dataflow,ESTAT:MIGR_RESFIRST(1.0),"First permits by reason, length of validity and citizenship",A,Annual,TOTAL,Total,KP,North Korea,TOTAL,Total,PER,Person,EU28,European Union - 28 countries (2013-2020),2018,,101,,,,,
dataflow,ESTAT:MIGR_RESFIRST(1.0),"First permits by reason, length of validity and citizenship",A,Annual,TOTAL,Total,KR,South Korea,TOTAL,Total,PER,Person,EU27_2020,European Union - 27 countries (from 2020),2013,,15438,,,,,
dataflow,ESTAT:MIGR_RESFIRST(1.0),"First permits by reason, length of validity and citizenship",A,Annual,TOTAL,Total,KR,South Korea,TOTAL,Total,PER,Person,EU27_2020,European Union - 27 countries (from 2020),2014,,16647,,,,,
dataflow,ESTAT:MIGR_RESFIRST(1.0),"First permits by reason, length of validity and citizenship",A,Annual,TOTAL,Total,KR,South Korea,TOTAL,Total,PER,Person,EU27_2020,European Union - 27 countries (from 2020),2015,,16204,,,,,
dataflow,ESTAT:MIGR_RESFIRST(1.0),"First permits by reason, length of validity and citizenship",A,Annual,TOTAL,Total,KR,South Korea,TOTAL,Total,PER,Person,EU27_2020,European Union - 27 countries (from 2020),2016,,18861,,,,,
dataflow,ESTAT:MIGR_RESFIRST(1.0),"First permits by reason, length of validity and citizenship",A,Annual,TOTAL,Total,KR,South Korea,TOTAL,Total,PER,Person,EU27_2020,European Union - 27 countries (from 2020),2017,,18944,,,,,
dataflow,ESTAT:MIGR_RESFIRST(1.0),"First permits by reason, length of validity and citizenship",A,Annual,TOTAL,Total,KR,South Korea,TOTAL,Total,PER,Person,EU27_2020,European Union - 27 countries (from 2020),2018,,20639,,,,,
dataflow,ESTAT:MIGR_RESFIRST(1.0),"First permits by reason, length of validity and citizenship",A,Annual,TOTAL,Total,KR,South Korea,TOTAL,Total,PER,Person,EU27_2020,European Union - 27 countries (from 2020),2019,,21593,,,,,
dataflow,ESTAT:MIGR_RESFIRST(1.0),"First permits by reason, length of validity and citizenship",A,Annual,TOTAL,Total,KR,South Korea,TOTAL,Total,PER,Person,EU27_2020,European Union - 27 countries (from 2020),2020,,12675,,,,,
dataflow,ESTAT:MIGR_RESFIRST(1.0),"First permits by reason, length of validity and citizenship",A,Annual,TOTAL,Total,KR,South Korea,TOTAL,Total,PER,Person,EU27_2020,European Union - 27 countries (from 2020),2021,,13534,,,,,
dataflow,ESTAT:MIGR_RESFIRST(1.0),"First permits by reason, length of validity and citizenship",A,Annual,TOTAL,Total,KR,South Korea,TOTAL,Total,PER,Person,EU27_2020,European Union - 27 countries (from 2020),2022,,18950,,,,,
dataflow,ESTAT:MIGR_RESFIRST(1.0),"First permits by reason, length of validity and citizenship",A,Annual,TOTAL,Total,KR,South Korea,TOTAL,Total,PER,Person,EU27_2020,European Union - 27 countries (from 2020),2023,,20230,,,,,
dataflow,ESTAT:MIGR_RESFIRST(1.0),"First permits by reason, length of validity and citizenship",A,Annual,TOTAL,Total,KR,South Korea,TOTAL,Total,PER,Person,EU28,European Union - 28 countries (2013-2020),2013,,22137,,,,,
dataflow,ESTAT:MIGR_RESFIRST(1.0),"First permits by reason, length of validity and citizenship",A,Annual,TOTAL,Total,KR,South Korea,TOTAL,Total,PER,Person,EU28,European Union - 28 countries (2013-2020),2014,,23083,,,,,
dataflow,ESTAT:MIGR_RESFIRST(1.0),"First permits by reason, length of validity and citizenship",A,Annual,TOTAL,Total,KR,South Korea,TOTAL,Total,PER,Person,EU28,European Union - 28 countries (2013-2020),2015,,23764,,,,,
dataflow,ESTAT:MIGR_RESFIRST(1.0),"First permits by reason, length of validity and citizenship",A,Annual,TOTAL,Total,KR,South Korea,TOTAL,Total,PER,Person,EU28,European Union - 28 countries (2013-2020),2016,,25554,,,,,
dataflow,ESTAT:MIGR_RESFIRST(1.0),"First permits by reason, length of validity and citizenship",A,Annual,TOTAL,Total,KR,South Korea,TOTAL,Total,PER,Person,EU28,European Union - 28 countries (2013-2020),2017,,25897,,,,,
dataflow,ESTAT:MIGR_RESFIRST(1.0),"First permits by reason, length of validity and citizenship",A,Annual,TOTAL,Total,KR,South Korea,TOTAL,Total,PER,Person,EU28,European Union - 28 countries (2013-2020),2018,,26507,,,,,
dataflow,ESTAT:MIGR_RESFIRST(1.0),"First permits by reason, length of validity and citizenship",A,Annual,TOTAL,Total,KW,Kuwait,TOTAL,Total,PER,Person,EU27_2020,European Union - 27 countries (from 2020),2013,,533,,,,,
dataflow,ESTAT:MIGR_RESFIRST(1.0),"First permits by reason, length of validity and citizenship",A,Annual,TOTAL,Total,KW,Kuwait,TOTAL,Total,PER,Person,EU27_2020,European Union - 27 countries (from 2020),2014,,610,,,,,
dataflow,ESTAT:MIGR_RESFIRST(1.0),"First permits by reason, length of validity and citizenship",A,Annual,TOTAL,Total,KW,Kuwait,TOTAL,Total,PER,Person,EU27_2020,European Union - 27 countries (from 2020),2015,,610,,,,,
dataflow,ESTAT:MIGR_RESFIRST(1.0),"First permits by reason, length of validity and citizenship",A,Annual,TOTAL,Total,KW,Kuwait,TOTAL,Total,PER,Person,EU27_2020,European Union - 27 countries (from 2020),2016,,840,,,,,
dataflow,ESTAT:MIGR_RESFIRST(1.0),"First permits by reason, length of validity and citizenship",A,Annual,TOTAL,Total,KW,Kuwait,TOTAL,Total,PER,Person,EU27_2020,European Union - 27 countries (from 2020),2017,,756,,,,,
dataflow,ESTAT:MIGR_RESFIRST(1.0),"First permits by reason, length of validity and citizenship",A,Annual,TOTAL,Total,KW,Kuwait,TOTAL,Total,PER,Person,EU27_2020,European Union - 27 countries (from 2020),2018,,676,,,,,
dataflow,ESTAT:MIGR_RESFIRST(1.0),"First permits by reason, length of validity and citizenship",A,Annual,TOTAL,Total,KW,Kuwait,TOTAL,Total,PER,Person,EU27_2020,European Union - 27 countries (from 2020),2019,,614,,,,,
dataflow,ESTAT:MIGR_RESFIRST(1.0),"First permits by reason, length of validity and citizenship",A,Annual,TOTAL,Total,KW,Kuwait,TOTAL,Total,PER,Person,EU27_2020,European Union - 27 countries (from 2020),2020,,255,,,,,
dataflow,ESTAT:MIGR_RESFIRST(1.0),"First permits by reason, length of validity and citizenship",A,Annual,TOTAL,Total,KW,Kuwait,TOTAL,Total,PER,Person,EU27_2020,European Union - 27 countries (from 2020),2021,,555,,,,,
dataflow,ESTAT:MIGR_RESFIRST(1.0),"First permits by reason, length of validity and citizenship",A,Annual,TOTAL,Total,KW,Kuwait,TOTAL,Total,PER,Person,EU27_2020,European Union - 27 countries (from 2020),2022,,720,,,,,
dataflow,ESTAT:MIGR_RESFIRST(1.0),"First permits by reason, length of validity and citizenship",A,Annual,TOTAL,Total,KW,Kuwait,TOTAL,Total,PER,Person,EU27_2020,European Union - 27 countries (from 2020),2023,,671,,,,,
dataflow,ESTAT:MIGR_RESFIRST(1.0),"First permits by reason, length of validity and citizenship",A,Annual,TOTAL,Total,KW,Kuwait,TOTAL,Total,PER,Person,EU28,European Union - 28 countries (2013-2020),2013,,2860,,,,,
dataflow,ESTAT:MIGR_RESFIRST(1.0),"First permits by reason, length of validity and citizenship",A,Annual,TOTAL,Total,KW,Kuwait,TOTAL,Total,PER,Person,EU28,European Union - 28 countries (2013-2020),2014,,4000,,,,,
dataflow,ESTAT:MIGR_RESFIRST(1.0),"First permits by reason, length of validity and citizenship",A,Annual,TOTAL,Total,KW,Kuwait,TOTAL,Total,PER,Person,EU28,European Union - 28 countries (2013-2020),2015,,4011,,,,,
dataflow,ESTAT:MIGR_RESFIRST(1.0),"First permits by reason, length of validity and citizenship",A,Annual,TOTAL,Total,KW,Kuwait,TOTAL,Total,PER,Person,EU28,European Union - 28 countries (2013-2020),2016,,4788,,,,,
dataflow,ESTAT:MIGR_RESFIRST(1.0),"First permits by reason, length of validity and citizenship",A,Annual,TOTAL,Total,KW,Kuwait,TOTAL,Total,PER,Person,EU28,European Union - 28 countries (2013-2020),2017,,5082,,,,,
dataflow,ESTAT:MIGR_RESFIRST(1.0),"First permits by reason, length of validity and citizenship",A,Annual,TOTAL,Total,KW,Kuwait,TOTAL,Total,PER,Person,EU28,European Union - 28 countries (2013-2020),2018,,5068,,,,,
dataflow,ESTAT:MIGR_RESFIRST(1.0),"First permits by reason, length of validity and citizenship",A,Annual,TOTAL,Total,KZ,Kazakhstan,TOTAL,Total,PER,Person,EU27_2020,European Union - 27 countries (from 2020),2013,,6265,,,,,
dataflow,ESTAT:MIGR_RESFIRST(1.0),"First permits by reason, length of validity and citizenship",A,Annual,TOTAL,Total,KZ,Kazakhstan,TOTAL,Total,PER,Person,EU27_2020,European Union - 27 countries (from 2020),2014,,7006,,,,,
dataflow,ESTAT:MIGR_RESFIRST(1.0),"First permits by reason, length of validity and citizenship",A,Annual,TOTAL,Total,KZ,Kazakhstan,TOTAL,Total,PER,Person,EU27_2020,European Union - 27 countries (from 2020),2015,,8478,,,,,
dataflow,ESTAT:MIGR_RESFIRST(1.0),"First permits by reason, length of validity and citizenship",A,Annual,TOTAL,Total,KZ,Kazakhstan,TOTAL,Total,PER,Person,EU27_2020,European Union - 27 countries (from 2020),2016,,8283,,,,,
dataflow,ESTAT:MIGR_RESFIRST(1.0),"First permits by reason, length of validity and citizenship",A,Annual,TOTAL,Total,KZ,Kazakhstan,TOTAL,Total,PER,Person,EU27_2020,European Union - 27 countries (from 2020),2017,,7773,,,,,
dataflow,ESTAT:MIGR_RESFIRST(1.0),"First permits by reason, length of validity and citizenship",A,Annual,TOTAL,Total,KZ,Kazakhstan,TOTAL,Total,PER,Person,EU27_2020,European Union - 27 countries (from 2020),2018,,9460,,,,,
dataflow,ESTAT:MIGR_RESFIRST(1.0),"First permits by reason, length of validity and citizenship",A,Annual,TOTAL,Total,KZ,Kazakhstan,TOTAL,Total,PER,Person,EU27_2020,European Union - 27 countries (from 2020),2019,,11561,,,,,
dataflow,ESTAT:MIGR_RESFIRST(1.0),"First permits by reason, length of validity and citizenship",A,Annual,TOTAL,Total,KZ,Kazakhstan,TOTAL,Total,PER,Person,EU27_2020,European Union - 27 countries (from 2020),2020,,8755,,,,,
dataflow,ESTAT:MIGR_RESFIRST(1.0),"First permits by reason, length of validity and citizenship",A,Annual,TOTAL,Total,KZ,Kazakhstan,TOTAL,Total,PER,Person,EU27_2020,European Union - 27 countries (from 2020),2021,,13024,,,,,
dataflow,ESTAT:MIGR_RESFIRST(1.0),"First permits by reason, length of validity and citizenship",A,Annual,TOTAL,Total,KZ,Kazakhstan,TOTAL,Total,PER,Person,EU27_2020,European Union - 27 countries (from 2020),2022,,16756,,,,,
dataflow,ESTAT:MIGR_RESFIRST(1.0),"First permits by reason, length of validity and citizenship",A,Annual,TOTAL,Total,KZ,Kazakhstan,TOTAL,Total,PER,Person,EU27_2020,European Union - 27 countries (from 2020),2023,,19099,,,,,
dataflow,ESTAT:MIGR_RESFIRST(1.0),"First permits by reason, length of validity and citizenship",A,Annual,TOTAL,Total,KZ,Kazakhstan,TOTAL,Total,PER,Person,EU28,European Union - 28 countries (2013-2020),2013,,8122,,,,,
dataflow,ESTAT:MIGR_RESFIRST(1.0),"First permits by reason, length of validity and citizenship",A,Annual,TOTAL,Total,KZ,Kazakhstan,TOTAL,Total,PER,Person,EU28,European Union - 28 countries (2013-2020),2014,,9103,,,,,
dataflow,ESTAT:MIGR_RESFIRST(1.0),"First permits by reason, length of validity and citizenship",A,Annual,TOTAL,Total,KZ,Kazakhstan,TOTAL,Total,PER,Person,EU28,European Union - 28 countries (2013-2020),2015,,10423,,,,,
dataflow,ESTAT:MIGR_RESFIRST(1.0),"First permits by reason, length of validity and citizenship",A,Annual,TOTAL,Total,KZ,Kazakhstan,TOTAL,Total,PER,Person,EU28,European Union - 28 countries (2013-2020),2016,,10064,,,,,
dataflow,ESTAT:MIGR_RESFIRST(1.0),"First permits by reason, length of validity and citizenship",A,Annual,TOTAL,Total,KZ,Kazakhstan,TOTAL,Total,PER,Person,EU28,European Union - 28 countries (2013-2020),2017,,9518,,,,,
dataflow,ESTAT:MIGR_RESFIRST(1.0),"First permits by reason, length of validity and citizenship",A,Annual,TOTAL,Total,KZ,Kazakhstan,TOTAL,Total,PER,Person,EU28,European Union - 28 countries (2013-2020),2018,,10994,,,,,
dataflow,ESTAT:MIGR_RESFIRST(1.0),"First permits by reason, length of validity and citizenship",A,Annual,TOTAL,Total,LA,Laos,TOTAL,Total,PER,Person,EU27_2020,European Union - 27 countries (from 2020),2013,,282,,,,,
dataflow,ESTAT:MIGR_RESFIRST(1.0),"First permits by reason, length of validity and citizenship",A,Annual,TOTAL,Total,LA,Laos,TOTAL,Total,PER,Person,EU27_2020,European Union - 27 countries (from 2020),2014,,256,,,,,
dataflow,ESTAT:MIGR_RESFIRST(1.0),"First permits by reason, length of validity and citizenship",A,Annual,TOTAL,Total,LA,Laos,TOTAL,Total,PER,Person,EU27_2020,European Union - 27 countries (from 2020),2015,,283,,,,,
dataflow,ESTAT:MIGR_RESFIRST(1.0),"First permits by reason, length of validity and citizenship",A,Annual,TOTAL,Total,LA,Laos,TOTAL,Total,PER,Person,EU27_2020,European Union - 27 countries (from 2020),2016,,251,,,,,
dataflow,ESTAT:MIGR_RESFIRST(1.0),"First permits by reason, length of validity and citizenship",A,Annual,TOTAL,Total,LA,Laos,TOTAL,Total,PER,Person,EU27_2020,European Union - 27 countries (from 2020),2017,,252,,,,,
dataflow,ESTAT:MIGR_RESFIRST(1.0),"First permits by reason, length of validity and citizenship",A,Annual,TOTAL,Total,LA,Laos,TOTAL,Total,PER,Person,EU27_2020,European Union - 27 countries (from 2020),2018,,327,,,,,
dataflow,ESTAT:MIGR_RESFIRST(1.0),"First permits by reason, length of validity and citizenship",A,Annual,TOTAL,Total,LA,Laos,TOTAL,Total,PER,Person,EU27_2020,European Union - 27 countries (from 2020),2019,,349,,,,,
dataflow,ESTAT:MIGR_RESFIRST(1.0),"First permits by reason, length of validity and citizenship",A,Annual,TOTAL,Total,LA,Laos,TOTAL,Total,PER,Person,EU27_2020,European Union - 27 countries (from 2020),2020,,280,,,,,
dataflow,ESTAT:MIGR_RESFIRST(1.0),"First permits by reason, length of validity and citizenship",A,Annual,TOTAL,Total,LA,Laos,TOTAL,Total,PER,Person,EU27_2020,European Union - 27 countries (from 2020),2021,,334,,,,,
dataflow,ESTAT:MIGR_RESFIRST(1.0),"First permits by reason, length of validity and citizenship",A,Annual,TOTAL,Total,LA,Laos,TOTAL,Total,PER,Person,EU27_2020,European Union - 27 countries (from 2020),2022,,372,,,,,
dataflow,ESTAT:MIGR_RESFIRST(1.0),"First permits by reason, length of validity and citizenship",A,Annual,TOTAL,Total,LA,Laos,TOTAL,Total,PER,Person,EU27_2020,European Union - 27 countries (from 2020),2023,,428,,,,,
dataflow,ESTAT:MIGR_RESFIRST(1.0),"First permits by reason, length of validity and citizenship",A,Annual,TOTAL,Total,LA,Laos,TOTAL,Total,PER,Person,EU28,European Union - 28 countries (2013-2020),2013,,314,,,,,
dataflow,ESTAT:MIGR_RESFIRST(1.0),"First permits by reason, length of validity and citizenship",A,Annual,TOTAL,Total,LA,Laos,TOTAL,Total,PER,Person,EU28,European Union - 28 countries (2013-2020),2014,,310,,,,,
dataflow,ESTAT:MIGR_RESFIRST(1.0),"First permits by reason, length of validity and citizenship",A,Annual,TOTAL,Total,LA,Laos,TOTAL,Total,PER,Person,EU28,European Union - 28 countries (2013-2020),2015,,372,,,,,
dataflow,ESTAT:MIGR_RESFIRST(1.0),"First permits by reason, length of validity and citizenship",A,Annual,TOTAL,Total,LA,Laos,TOTAL,Total,PER,Person,EU28,European Union - 28 countries (2013-2020),2016,,302,,,,,
dataflow,ESTAT:MIGR_RESFIRST(1.0),"First permits by reason, length of validity and citizenship",A,Annual,TOTAL,Total,LA,Laos,TOTAL,Total,PER,Person,EU28,European Union - 28 countries (2013-2020),2017,,436,,,,,
dataflow,ESTAT:MIGR_RESFIRST(1.0),"First permits by reason, length of validity and citizenship",A,Annual,TOTAL,Total,LA,Laos,TOTAL,Total,PER,Person,EU28,European Union - 28 countries (2013-2020),2018,,382,,,,,
dataflow,ESTAT:MIGR_RESFIRST(1.0),"First permits by reason, length of validity and citizenship",A,Annual,TOTAL,Total,LB,Lebanon,TOTAL,Total,PER,Person,EU27_2020,European Union - 27 countries (from 2020),2013,,5906,,,,,
dataflow,ESTAT:MIGR_RESFIRST(1.0),"First permits by reason, length of validity and citizenship",A,Annual,TOTAL,Total,LB,Lebanon,TOTAL,Total,PER,Person,EU27_2020,European Union - 27 countries (from 2020),2014,,6495,,,,,
dataflow,ESTAT:MIGR_RESFIRST(1.0),"First permits by reason, length of validity and citizenship",A,Annual,TOTAL,Total,LB,Lebanon,TOTAL,Total,PER,Person,EU27_2020,European Union - 27 countries (from 2020),2015,,6534,,,,,
dataflow,ESTAT:MIGR_RESFIRST(1.0),"First permits by reason, length of validity and citizenship",A,Annual,TOTAL,Total,LB,Lebanon,TOTAL,Total,PER,Person,EU27_2020,European Union - 27 countries (from 2020),2016,,7100,,,,,
dataflow,ESTAT:MIGR_RESFIRST(1.0),"First permits by reason, length of validity and citizenship",A,Annual,TOTAL,Total,LB,Lebanon,TOTAL,Total,PER,Person,EU27_2020,European Union - 27 countries (from 2020),2017,,7757,,,,,
dataflow,ESTAT:MIGR_RESFIRST(1.0),"First permits by reason, length of validity and citizenship",A,Annual,TOTAL,Total,LB,Lebanon,TOTAL,Total,PER,Person,EU27_2020,European Union - 27 countries (from 2020),2018,,7728,,,,,
dataflow,ESTAT:MIGR_RESFIRST(1.0),"First permits by reason, length of validity and citizenship",A,Annual,TOTAL,Total,LB,Lebanon,TOTAL,Total,PER,Person,EU27_2020,European Union - 27 countries (from 2020),2019,,8420,,,,,
dataflow,ESTAT:MIGR_RESFIRST(1.0),"First permits by reason, length of validity and citizenship",A,Annual,TOTAL,Total,LB,Lebanon,TOTAL,Total,PER,Person,EU27_2020,European Union - 27 countries (from 2020),2020,,9905,,,,,
dataflow,ESTAT:MIGR_RESFIRST(1.0),"First permits by reason, length of validity and citizenship",A,Annual,TOTAL,Total,LB,Lebanon,TOTAL,Total,PER,Person,EU27_2020,European Union - 27 countries (from 2020),2021,,16175,,,,,
dataflow,ESTAT:MIGR_RESFIRST(1.0),"First permits by reason, length of validity and citizenship",A,Annual,TOTAL,Total,LB,Lebanon,TOTAL,Total,PER,Person,EU27_2020,European Union - 27 countries (from 2020),2022,,18801,,,,,
dataflow,ESTAT:MIGR_RESFIRST(1.0),"First permits by reason, length of validity and citizenship",A,Annual,TOTAL,Total,LB,Lebanon,TOTAL,Total,PER,Person,EU27_2020,European Union - 27 countries (from 2020),2023,,15581,,,,,
dataflow,ESTAT:MIGR_RESFIRST(1.0),"First permits by reason, length of validity and citizenship",A,Annual,TOTAL,Total,LB,Lebanon,TOTAL,Total,PER,Person,EU28,European Union - 28 countries (2013-2020),2013,,6876,,,,,
dataflow,ESTAT:MIGR_RESFIRST(1.0),"First permits by reason, length of validity and citizenship",A,Annual,TOTAL,Total,LB,Lebanon,TOTAL,Total,PER,Person,EU28,European Union - 28 countries (2013-2020),2014,,7546,,,,,
dataflow,ESTAT:MIGR_RESFIRST(1.0),"First permits by reason, length of validity and citizenship",A,Annual,TOTAL,Total,LB,Lebanon,TOTAL,Total,PER,Person,EU28,European Union - 28 countries (2013-2020),2015,,7713,,,,,
dataflow,ESTAT:MIGR_RESFIRST(1.0),"First permits by reason, length of validity and citizenship",A,Annual,TOTAL,Total,LB,Lebanon,TOTAL,Total,PER,Person,EU28,European Union - 28 countries (2013-2020),2016,,8288,,,,,
dataflow,ESTAT:MIGR_RESFIRST(1.0),"First permits by reason, length of validity and citizenship",A,Annual,TOTAL,Total,LB,Lebanon,TOTAL,Total,PER,Person,EU28,European Union - 28 countries (2013-2020),2017,,8935,,,,,
dataflow,ESTAT:MIGR_RESFIRST(1.0),"First permits by reason, length of validity and citizenship",A,Annual,TOTAL,Total,LB,Lebanon,TOTAL,Total,PER,Person,EU28,European Union - 28 countries (2013-2020),2018,,8788,,,,,
dataflow,ESTAT:MIGR_RESFIRST(1.0),"First permits by reason, length of validity and citizenship",A,Annual,TOTAL,Total,LC,Saint Lucia,TOTAL,Total,PER,Person,EU27_2020,European Union - 27 countries (from 2020),2013,,165,,,,,
dataflow,ESTAT:MIGR_RESFIRST(1.0),"First permits by reason, length of validity and citizenship",A,Annual,TOTAL,Total,LC,Saint Lucia,TOTAL,Total,PER,Person,EU27_2020,European Union - 27 countries (from 2020),2014,,200,,,,,
dataflow,ESTAT:MIGR_RESFIRST(1.0),"First permits by reason, length of validity and citizenship",A,Annual,TOTAL,Total,LC,Saint Lucia,TOTAL,Total,PER,Person,EU27_2020,European Union - 27 countries (from 2020),2015,,188,,,,,
dataflow,ESTAT:MIGR_RESFIRST(1.0),"First permits by reason, length of validity and citizenship",A,Annual,TOTAL,Total,LC,Saint Lucia,TOTAL,Total,PER,Person,EU27_2020,European Union - 27 countries (from 2020),2016,,162,,,,,
dataflow,ESTAT:MIGR_RESFIRST(1.0),"First permits by reason, length of validity and citizenship",A,Annual,TOTAL,Total,LC,Saint Lucia,TOTAL,Total,PER,Person,EU27_2020,European Union - 27 countries (from 2020),2017,,174,,,,,
dataflow,ESTAT:MIGR_RESFIRST(1.0),"First permits by reason, length of validity and citizenship",A,Annual,TOTAL,Total,LC,Saint Lucia,TOTAL,Total,PER,Person,EU27_2020,European Union - 27 countries (from 2020),2018,,190,,,,,
dataflow,ESTAT:MIGR_RESFIRST(1.0),"First permits by reason, length of validity and citizenship",A,Annual,TOTAL,Total,LC,Saint Lucia,TOTAL,Total,PER,Person,EU27_2020,European Union - 27 countries (from 2020),2019,,130,,,,,
dataflow,ESTAT:MIGR_RESFIRST(1.0),"First permits by reason, length of validity and citizenship",A,Annual,TOTAL,Total,LC,Saint Lucia,TOTAL,Total,PER,Person,EU27_2020,European Union - 27 countries (from 2020),2020,,97,,,,,
dataflow,ESTAT:MIGR_RESFIRST(1.0),"First permits by reason, length of validity and citizenship",A,Annual,TOTAL,Total,LC,Saint Lucia,TOTAL,Total,PER,Person,EU27_2020,European Union - 27 countries (from 2020),2021,,128,,,,,
dataflow,ESTAT:MIGR_RESFIRST(1.0),"First permits by reason, length of validity and citizenship",A,Annual,TOTAL,Total,LC,Saint Lucia,TOTAL,Total,PER,Person,EU27_2020,European Union - 27 countries (from 2020),2022,,158,,,,,
dataflow,ESTAT:MIGR_RESFIRST(1.0),"First permits by reason, length of validity and citizenship",A,Annual,TOTAL,Total,LC,Saint Lucia,TOTAL,Total,PER,Person,EU27_2020,European Union - 27 countries (from 2020),2023,,188,,,,,
dataflow,ESTAT:MIGR_RESFIRST(1.0),"First permits by reason, length of validity and citizenship",A,Annual,TOTAL,Total,LC,Saint Lucia,TOTAL,Total,PER,Person,EU28,European Union - 28 countries (2013-2020),2013,,521,,,,,
dataflow,ESTAT:MIGR_RESFIRST(1.0),"First permits by reason, length of validity and citizenship",A,Annual,TOTAL,Total,LC,Saint Lucia,TOTAL,Total,PER,Person,EU28,European Union - 28 countries (2013-2020),2014,,392,,,,,
dataflow,ESTAT:MIGR_RESFIRST(1.0),"First permits by reason, length of validity and citizenship",A,Annual,TOTAL,Total,LC,Saint Lucia,TOTAL,Total,PER,Person,EU28,European Union - 28 countries (2013-2020),2015,,381,,,,,
dataflow,ESTAT:MIGR_RESFIRST(1.0),"First permits by reason, length of validity and citizenship",A,Annual,TOTAL,Total,LC,Saint Lucia,TOTAL,Total,PER,Person,EU28,European Union - 28 countries (2013-2020),2016,,305,,,,,
dataflow,ESTAT:MIGR_RESFIRST(1.0),"First permits by reason, length of validity and citizenship",A,Annual,TOTAL,Total,LC,Saint Lucia,TOTAL,Total,PER,Person,EU28,European Union - 28 countries (2013-2020),2017,,302,,,,,
dataflow,ESTAT:MIGR_RESFIRST(1.0),"First permits by reason, length of validity and citizenship",A,Annual,TOTAL,Total,LC,Saint Lucia,TOTAL,Total,PER,Person,EU28,European Union - 28 countries (2013-2020),2018,,294,,,,,
dataflow,ESTAT:MIGR_RESFIRST(1.0),"First permits by reason, length of validity and citizenship",A,Annual,TOTAL,Total,LI,Liechtenstein,TOTAL,Total,PER,Person,EU27_2020,European Union - 27 countries (from 2020),2013,,2,,,,,
dataflow,ESTAT:MIGR_RESFIRST(1.0),"First permits by reason, length of validity and citizenship",A,Annual,TOTAL,Total,LI,Liechtenstein,TOTAL,Total,PER,Person,EU27_2020,European Union - 27 countries (from 2020),2014,,16,,,,,
dataflow,ESTAT:MIGR_RESFIRST(1.0),"First permits by reason, length of validity and citizenship",A,Annual,TOTAL,Total,LI,Liechtenstein,TOTAL,Total,PER,Person,EU27_2020,European Union - 27 countries (from 2020),2015,,3,,,,,
dataflow,ESTAT:MIGR_RESFIRST(1.0),"First permits by reason, length of validity and citizenship",A,Annual,TOTAL,Total,LI,Liechtenstein,TOTAL,Total,PER,Person,EU27_2020,European Union - 27 countries (from 2020),2016,,9,,,,,
dataflow,ESTAT:MIGR_RESFIRST(1.0),"First permits by reason, length of validity and citizenship",A,Annual,TOTAL,Total,LI,Liechtenstein,TOTAL,Total,PER,Person,EU27_2020,European Union - 27 countries (from 2020),2017,,10,,,,,
dataflow,ESTAT:MIGR_RESFIRST(1.0),"First permits by reason, length of validity and citizenship",A,Annual,TOTAL,Total,LI,Liechtenstein,TOTAL,Total,PER,Person,EU27_2020,European Union - 27 countries (from 2020),2018,,10,,,,,
dataflow,ESTAT:MIGR_RESFIRST(1.0),"First permits by reason, length of validity and citizenship",A,Annual,TOTAL,Total,LI,Liechtenstein,TOTAL,Total,PER,Person,EU27_2020,European Union - 27 countries (from 2020),2019,,2,,,,,
dataflow,ESTAT:MIGR_RESFIRST(1.0),"First permits by reason, length of validity and citizenship",A,Annual,TOTAL,Total,LI,Liechtenstein,TOTAL,Total,PER,Person,EU27_2020,European Union - 27 countries (from 2020),2020,,7,,,,,
dataflow,ESTAT:MIGR_RESFIRST(1.0),"First permits by reason, length of validity and citizenship",A,Annual,TOTAL,Total,LI,Liechtenstein,TOTAL,Total,PER,Person,EU27_2020,European Union - 27 countries (from 2020),2021,,15,,,,,
dataflow,ESTAT:MIGR_RESFIRST(1.0),"First permits by reason, length of validity and citizenship",A,Annual,TOTAL,Total,LI,Liechtenstein,TOTAL,Total,PER,Person,EU27_2020,European Union - 27 countries (from 2020),2022,,9,,,,,
dataflow,ESTAT:MIGR_RESFIRST(1.0),"First permits by reason, length of validity and citizenship",A,Annual,TOTAL,Total,LI,Liechtenstein,TOTAL,Total,PER,Person,EU27_2020,European Union - 27 countries (from 2020),2023,,11,,,,,
dataflow,ESTAT:MIGR_RESFIRST(1.0),"First permits by reason, length of validity and citizenship",A,Annual,TOTAL,Total,LI,Liechtenstein,TOTAL,Total,PER,Person,EU28,European Union - 28 countries (2013-2020),2013,,2,,,,,
dataflow,ESTAT:MIGR_RESFIRST(1.0),"First permits by reason, length of validity and citizenship",A,Annual,TOTAL,Total,LI,Liechtenstein,TOTAL,Total,PER,Person,EU28,European Union - 28 countries (2013-2020),2014,,16,,,,,
dataflow,ESTAT:MIGR_RESFIRST(1.0),"First permits by reason, length of validity and citizenship",A,Annual,TOTAL,Total,LI,Liechtenstein,TOTAL,Total,PER,Person,EU28,European Union - 28 countries (2013-2020),2015,,3,,,,,
dataflow,ESTAT:MIGR_RESFIRST(1.0),"First permits by reason, length of validity and citizenship",A,Annual,TOTAL,Total,LI,Liechtenstein,TOTAL,Total,PER,Person,EU28,European Union - 28 countries (2013-2020),2016,,9,,,,,
dataflow,ESTAT:MIGR_RESFIRST(1.0),"First permits by reason, length of validity and citizenship",A,Annual,TOTAL,Total,LI,Liechtenstein,TOTAL,Total,PER,Person,EU28,European Union - 28 countries (2013-2020),2017,,10,,,,,
dataflow,ESTAT:MIGR_RESFIRST(1.0),"First permits by reason, length of validity and citizenship",A,Annual,TOTAL,Total,LI,Liechtenstein,TOTAL,Total,PER,Person,EU28,European Union - 28 countries (2013-2020),2018,,10,,,,,
dataflow,ESTAT:MIGR_RESFIRST(1.0),"First permits by reason, length of validity and citizenship",A,Annual,TOTAL,Total,LK,Sri Lanka,TOTAL,Total,PER,Person,EU27_2020,European Union - 27 countries (from 2020),2013,,12086,,,,,
dataflow,ESTAT:MIGR_RESFIRST(1.0),"First permits by reason, length of validity and citizenship",A,Annual,TOTAL,Total,LK,Sri Lanka,TOTAL,Total,PER,Person,EU27_2020,European Union - 27 countries (from 2020),2014,,12295,,,,,
dataflow,ESTAT:MIGR_RESFIRST(1.0),"First permits by reason, length of validity and citizenship",A,Annual,TOTAL,Total,LK,Sri Lanka,TOTAL,Total,PER,Person,EU27_2020,European Union - 27 countries (from 2020),2015,,10567,,,,,
dataflow,ESTAT:MIGR_RESFIRST(1.0),"First permits by reason, length of validity and citizenship",A,Annual,TOTAL,Total,LK,Sri Lanka,TOTAL,Total,PER,Person,EU27_2020,European Union - 27 countries (from 2020),2016,,9378,,,,,
dataflow,ESTAT:MIGR_RESFIRST(1.0),"First permits by reason, length of validity and citizenship",A,Annual,TOTAL,Total,LK,Sri Lanka,TOTAL,Total,PER,Person,EU27_2020,European Union - 27 countries (from 2020),2017,,9947,,,,,
dataflow,ESTAT:MIGR_RESFIRST(1.0),"First permits by reason, length of validity and citizenship",A,Annual,TOTAL,Total,LK,Sri Lanka,TOTAL,Total,PER,Person,EU27_2020,European Union - 27 countries (from 2020),2018,,10668,,,,,
dataflow,ESTAT:MIGR_RESFIRST(1.0),"First permits by reason, length of validity and citizenship",A,Annual,TOTAL,Total,LK,Sri Lanka,TOTAL,Total,PER,Person,EU27_2020,European Union - 27 countries (from 2020),2019,,12440,,,,,
dataflow,ESTAT:MIGR_RESFIRST(1.0),"First permits by reason, length of validity and citizenship",A,Annual,TOTAL,Total,LK,Sri Lanka,TOTAL,Total,PER,Person,EU27_2020,European Union - 27 countries (from 2020),2020,,8071,,,,,
dataflow,ESTAT:MIGR_RESFIRST(1.0),"First permits by reason, length of validity and citizenship",A,Annual,TOTAL,Total,LK,Sri Lanka,TOTAL,Total,PER,Person,EU27_2020,European Union - 27 countries (from 2020),2021,,11252,,,,,
dataflow,ESTAT:MIGR_RESFIRST(1.0),"First permits by reason, length of validity and citizenship",A,Annual,TOTAL,Total,LK,Sri Lanka,TOTAL,Total,PER,Person,EU27_2020,European Union - 27 countries (from 2020),2022,,18896,,,,,
dataflow,ESTAT:MIGR_RESFIRST(1.0),"First permits by reason, length of validity and citizenship",A,Annual,TOTAL,Total,LK,Sri Lanka,TOTAL,Total,PER,Person,EU27_2020,European Union - 27 countries (from 2020),2023,,28888,,,,,
dataflow,ESTAT:MIGR_RESFIRST(1.0),"First permits by reason, length of validity and citizenship",A,Annual,TOTAL,Total,LK,Sri Lanka,TOTAL,Total,PER,Person,EU28,European Union - 28 countries (2013-2020),2013,,16625,,,,,
dataflow,ESTAT:MIGR_RESFIRST(1.0),"First permits by reason, length of validity and citizenship",A,Annual,TOTAL,Total,LK,Sri Lanka,TOTAL,Total,PER,Person,EU28,European Union - 28 countries (2013-2020),2014,,16359,,,,,
dataflow,ESTAT:MIGR_RESFIRST(1.0),"First permits by reason, length of validity and citizenship",A,Annual,TOTAL,Total,LK,Sri Lanka,TOTAL,Total,PER,Person,EU28,European Union - 28 countries (2013-2020),2015,,14709,,,,,
dataflow,ESTAT:MIGR_RESFIRST(1.0),"First permits by reason, length of validity and citizenship",A,Annual,TOTAL,Total,LK,Sri Lanka,TOTAL,Total,PER,Person,EU28,European Union - 28 countries (2013-2020),2016,,13052,,,,,
dataflow,ESTAT:MIGR_RESFIRST(1.0),"First permits by reason, length of validity and citizenship",A,Annual,TOTAL,Total,LK,Sri Lanka,TOTAL,Total,PER,Person,EU28,European Union - 28 countries (2013-2020),2017,,13250,,,,,
dataflow,ESTAT:MIGR_RESFIRST(1.0),"First permits by reason, length of validity and citizenship",A,Annual,TOTAL,Total,LK,Sri Lanka,TOTAL,Total,PER,Person,EU28,European Union - 28 countries (2013-2020),2018,,13442,,,,,
dataflow,ESTAT:MIGR_RESFIRST(1.0),"First permits by reason, length of validity and citizenship",A,Annual,TOTAL,Total,LR,Liberia,TOTAL,Total,PER,Person,EU27_2020,European Union - 27 countries (from 2020),2013,,238,,,,,
dataflow,ESTAT:MIGR_RESFIRST(1.0),"First permits by reason, length of validity and citizenship",A,Annual,TOTAL,Total,LR,Liberia,TOTAL,Total,PER,Person,EU27_2020,European Union - 27 countries (from 2020),2014,,255,,,,,
dataflow,ESTAT:MIGR_RESFIRST(1.0),"First permits by reason, length of validity and citizenship",A,Annual,TOTAL,Total,LR,Liberia,TOTAL,Total,PER,Person,EU27_2020,European Union - 27 countries (from 2020),2015,,213,,,,,
dataflow,ESTAT:MIGR_RESFIRST(1.0),"First permits by reason, length of validity and citizenship",A,Annual,TOTAL,Total,LR,Liberia,TOTAL,Total,PER,Person,EU27_2020,European Union - 27 countries (from 2020),2016,,421,,,,,
dataflow,ESTAT:MIGR_RESFIRST(1.0),"First permits by reason, length of validity and citizenship",A,Annual,TOTAL,Total,LR,Liberia,TOTAL,Total,PER,Person,EU27_2020,European Union - 27 countries (from 2020),2017,,464,,,,,
dataflow,ESTAT:MIGR_RESFIRST(1.0),"First permits by reason, length of validity and citizenship",A,Annual,TOTAL,Total,LR,Liberia,TOTAL,Total,PER,Person,EU27_2020,European Union - 27 countries (from 2020),2018,,372,,,,,
dataflow,ESTAT:MIGR_RESFIRST(1.0),"First permits by reason, length of validity and citizenship",A,Annual,TOTAL,Total,LR,Liberia,TOTAL,Total,PER,Person,EU27_2020,European Union - 27 countries (from 2020),2019,,359,,,,,
dataflow,ESTAT:MIGR_RESFIRST(1.0),"First permits by reason, length of validity and citizenship",A,Annual,TOTAL,Total,LR,Liberia,TOTAL,Total,PER,Person,EU27_2020,European Union - 27 countries (from 2020),2020,,316,,,,,
dataflow,ESTAT:MIGR_RESFIRST(1.0),"First permits by reason, length of validity and citizenship",A,Annual,TOTAL,Total,LR,Liberia,TOTAL,Total,PER,Person,EU27_2020,European Union - 27 countries (from 2020),2021,,434,,,,,
dataflow,ESTAT:MIGR_RESFIRST(1.0),"First permits by reason, length of validity and citizenship",A,Annual,TOTAL,Total,LR,Liberia,TOTAL,Total,PER,Person,EU27_2020,European Union - 27 countries (from 2020),2022,,458,,,,,
dataflow,ESTAT:MIGR_RESFIRST(1.0),"First permits by reason, length of validity and citizenship",A,Annual,TOTAL,Total,LR,Liberia,TOTAL,Total,PER,Person,EU27_2020,European Union - 27 countries (from 2020),2023,,571,,,,,
dataflow,ESTAT:MIGR_RESFIRST(1.0),"First permits by reason, length of validity and citizenship",A,Annual,TOTAL,Total,LR,Liberia,TOTAL,Total,PER,Person,EU28,European Union - 28 countries (2013-2020),2013,,316,,,,,
dataflow,ESTAT:MIGR_RESFIRST(1.0),"First permits by reason, length of validity and citizenship",A,Annual,TOTAL,Total,LR,Liberia,TOTAL,Total,PER,Person,EU28,European Union - 28 countries (2013-2020),2014,,331,,,,,
dataflow,ESTAT:MIGR_RESFIRST(1.0),"First permits by reason, length of validity and citizenship",A,Annual,TOTAL,Total,LR,Liberia,TOTAL,Total,PER,Person,EU28,European Union - 28 countries (2013-2020),2015,,322,,,,,
dataflow,ESTAT:MIGR_RESFIRST(1.0),"First permits by reason, length of validity and citizenship",A,Annual,TOTAL,Total,LR,Liberia,TOTAL,Total,PER,Person,EU28,European Union - 28 countries (2013-2020),2016,,600,,,,,
dataflow,ESTAT:MIGR_RESFIRST(1.0),"First permits by reason, length of validity and citizenship",A,Annual,TOTAL,Total,LR,Liberia,TOTAL,Total,PER,Person,EU28,European Union - 28 countries (2013-2020),2017,,544,,,,,
dataflow,ESTAT:MIGR_RESFIRST(1.0),"First permits by reason, length of validity and citizenship",A,Annual,TOTAL,Total,LR,Liberia,TOTAL,Total,PER,Person,EU28,European Union - 28 countries (2013-2020),2018,,425,,,,,
dataflow,ESTAT:MIGR_RESFIRST(1.0),"First permits by reason, length of validity and citizenship",A,Annual,TOTAL,Total,LS,Lesotho,TOTAL,Total,PER,Person,EU27_2020,European Union - 27 countries (from 2020),2013,,32,,,,,
dataflow,ESTAT:MIGR_RESFIRST(1.0),"First permits by reason, length of validity and citizenship",A,Annual,TOTAL,Total,LS,Lesotho,TOTAL,Total,PER,Person,EU27_2020,European Union - 27 countries (from 2020),2014,,26,,,,,
dataflow,ESTAT:MIGR_RESFIRST(1.0),"First permits by reason, length of validity and citizenship",A,Annual,TOTAL,Total,LS,Lesotho,TOTAL,Total,PER,Person,EU27_2020,European Union - 27 countries (from 2020),2015,,26,,,,,
dataflow,ESTAT:MIGR_RESFIRST(1.0),"First permits by reason, length of validity and citizenship",A,Annual,TOTAL,Total,LS,Lesotho,TOTAL,Total,PER,Person,EU27_2020,European Union - 27 countries (from 2020),2016,,27,,,,,
dataflow,ESTAT:MIGR_RESFIRST(1.0),"First permits by reason, length of validity and citizenship",A,Annual,TOTAL,Total,LS,Lesotho,TOTAL,Total,PER,Person,EU27_2020,European Union - 27 countries (from 2020),2017,,30,,,,,
dataflow,ESTAT:MIGR_RESFIRST(1.0),"First permits by reason, length of validity and citizenship",A,Annual,TOTAL,Total,LS,Lesotho,TOTAL,Total,PER,Person,EU27_2020,European Union - 27 countries (from 2020),2018,,30,,,,,
dataflow,ESTAT:MIGR_RESFIRST(1.0),"First permits by reason, length of validity and citizenship",A,Annual,TOTAL,Total,LS,Lesotho,TOTAL,Total,PER,Person,EU27_2020,European Union - 27 countries (from 2020),2019,,41,,,,,
dataflow,ESTAT:MIGR_RESFIRST(1.0),"First permits by reason, length of validity and citizenship",A,Annual,TOTAL,Total,LS,Lesotho,TOTAL,Total,PER,Person,EU27_2020,European Union - 27 countries (from 2020),2020,,17,,,,,
dataflow,ESTAT:MIGR_RESFIRST(1.0),"First permits by reason, length of validity and citizenship",A,Annual,TOTAL,Total,LS,Lesotho,TOTAL,Total,PER,Person,EU27_2020,European Union - 27 countries (from 2020),2021,,29,,,,,
dataflow,ESTAT:MIGR_RESFIRST(1.0),"First permits by reason, length of validity and citizenship",A,Annual,TOTAL,Total,LS,Lesotho,TOTAL,Total,PER,Person,EU27_2020,European Union - 27 countries (from 2020),2022,,52,,,,,
dataflow,ESTAT:MIGR_RESFIRST(1.0),"First permits by reason, length of validity and citizenship",A,Annual,TOTAL,Total,LS,Lesotho,TOTAL,Total,PER,Person,EU27_2020,European Union - 27 countries (from 2020),2023,,50,,,,,
dataflow,ESTAT:MIGR_RESFIRST(1.0),"First permits by reason, length of validity and citizenship",A,Annual,TOTAL,Total,LS,Lesotho,TOTAL,Total,PER,Person,EU28,European Union - 28 countries (2013-2020),2013,,49,,,,,
dataflow,ESTAT:MIGR_RESFIRST(1.0),"First permits by reason, length of validity and citizenship",A,Annual,TOTAL,Total,LS,Lesotho,TOTAL,Total,PER,Person,EU28,European Union - 28 countries (2013-2020),2014,,78,,,,,
dataflow,ESTAT:MIGR_RESFIRST(1.0),"First permits by reason, length of validity and citizenship",A,Annual,TOTAL,Total,LS,Lesotho,TOTAL,Total,PER,Person,EU28,European Union - 28 countries (2013-2020),2015,,82,,,,,
dataflow,ESTAT:MIGR_RESFIRST(1.0),"First permits by reason, length of validity and citizenship",A,Annual,TOTAL,Total,LS,Lesotho,TOTAL,Total,PER,Person,EU28,European Union - 28 countries (2013-2020),2016,,54,,,,,
dataflow,ESTAT:MIGR_RESFIRST(1.0),"First permits by reason, length of validity and citizenship",A,Annual,TOTAL,Total,LS,Lesotho,TOTAL,Total,PER,Person,EU28,European Union - 28 countries (2013-2020),2017,,44,,,,,
dataflow,ESTAT:MIGR_RESFIRST(1.0),"First permits by reason, length of validity and citizenship",A,Annual,TOTAL,Total,LS,Lesotho,TOTAL,Total,PER,Person,EU28,European Union - 28 countries (2013-2020),2018,,118,,,,,
dataflow,ESTAT:MIGR_RESFIRST(1.0),"First permits by reason, length of validity and citizenship",A,Annual,TOTAL,Total,LY,Libya,TOTAL,Total,PER,Person,EU27_2020,European Union - 27 countries (from 2020),2013,,5064,,,,,
dataflow,ESTAT:MIGR_RESFIRST(1.0),"First permits by reason, length of validity and citizenship",A,Annual,TOTAL,Total,LY,Libya,TOTAL,Total,PER,Person,EU27_2020,European Union - 27 countries (from 2020),2014,,7059,,,,,
dataflow,ESTAT:MIGR_RESFIRST(1.0),"First permits by reason, length of validity and citizenship",A,Annual,TOTAL,Total,LY,Libya,TOTAL,Total,PER,Person,EU27_2020,European Union - 27 countries (from 2020),2015,,4772,,,,,
dataflow,ESTAT:MIGR_RESFIRST(1.0),"First permits by reason, length of validity and citizenship",A,Annual,TOTAL,Total,LY,Libya,TOTAL,Total,PER,Person,EU27_2020,European Union - 27 countries (from 2020),2016,,3838,,,,,
dataflow,ESTAT:MIGR_RESFIRST(1.0),"First permits by reason, length of validity and citizenship",A,Annual,TOTAL,Total,LY,Libya,TOTAL,Total,PER,Person,EU27_2020,European Union - 27 countries (from 2020),2017,,3796,,,,,
dataflow,ESTAT:MIGR_RESFIRST(1.0),"First permits by reason, length of validity and citizenship",A,Annual,TOTAL,Total,LY,Libya,TOTAL,Total,PER,Person,EU27_2020,European Union - 27 countries (from 2020),2018,,3451,,,,,
dataflow,ESTAT:MIGR_RESFIRST(1.0),"First permits by reason, length of validity and citizenship",A,Annual,TOTAL,Total,LY,Libya,TOTAL,Total,PER,Person,EU27_2020,European Union - 27 countries (from 2020),2019,,3872,,,,,
dataflow,ESTAT:MIGR_RESFIRST(1.0),"First permits by reason, length of validity and citizenship",A,Annual,TOTAL,Total,LY,Libya,TOTAL,Total,PER,Person,EU27_2020,European Union - 27 countries (from 2020),2020,,2870,,,,,
dataflow,ESTAT:MIGR_RESFIRST(1.0),"First permits by reason, length of validity and citizenship",A,Annual,TOTAL,Total,LY,Libya,TOTAL,Total,PER,Person,EU27_2020,European Union - 27 countries (from 2020),2021,,2848,,,,,
dataflow,ESTAT:MIGR_RESFIRST(1.0),"First permits by reason, length of validity and citizenship",A,Annual,TOTAL,Total,LY,Libya,TOTAL,Total,PER,Person,EU27_2020,European Union - 27 countries (from 2020),2022,,3440,,,,,
dataflow,ESTAT:MIGR_RESFIRST(1.0),"First permits by reason, length of validity and citizenship",A,Annual,TOTAL,Total,LY,Libya,TOTAL,Total,PER,Person,EU27_2020,European Union - 27 countries (from 2020),2023,,3753,,,,,
dataflow,ESTAT:MIGR_RESFIRST(1.0),"First permits by reason, length of validity and citizenship",A,Annual,TOTAL,Total,LY,Libya,TOTAL,Total,PER,Person,EU28,European Union - 28 countries (2013-2020),2013,,7836,,,,,
dataflow,ESTAT:MIGR_RESFIRST(1.0),"First permits by reason, length of validity and citizenship",A,Annual,TOTAL,Total,LY,Libya,TOTAL,Total,PER,Person,EU28,European Union - 28 countries (2013-2020),2014,,10836,,,,,
dataflow,ESTAT:MIGR_RESFIRST(1.0),"First permits by reason, length of validity and citizenship",A,Annual,TOTAL,Total,LY,Libya,TOTAL,Total,PER,Person,EU28,European Union - 28 countries (2013-2020),2015,,6485,,,,,
dataflow,ESTAT:MIGR_RESFIRST(1.0),"First permits by reason, length of validity and citizenship",A,Annual,TOTAL,Total,LY,Libya,TOTAL,Total,PER,Person,EU28,European Union - 28 countries (2013-2020),2016,,4642,,,,,
dataflow,ESTAT:MIGR_RESFIRST(1.0),"First permits by reason, length of validity and citizenship",A,Annual,TOTAL,Total,LY,Libya,TOTAL,Total,PER,Person,EU28,European Union - 28 countries (2013-2020),2017,,4759,,,,,
dataflow,ESTAT:MIGR_RESFIRST(1.0),"First permits by reason, length of validity and citizenship",A,Annual,TOTAL,Total,LY,Libya,TOTAL,Total,PER,Person,EU28,European Union - 28 countries (2013-2020),2018,,5311,,,,,
dataflow,ESTAT:MIGR_RESFIRST(1.0),"First permits by reason, length of validity and citizenship",A,Annual,TOTAL,Total,MA,Morocco,TOTAL,Total,PER,Person,EU27_2020,European Union - 27 countries (from 2020),2013,,100326,,,,,
dataflow,ESTAT:MIGR_RESFIRST(1.0),"First permits by reason, length of validity and citizenship",A,Annual,TOTAL,Total,MA,Morocco,TOTAL,Total,PER,Person,EU27_2020,European Union - 27 countries (from 2020),2014,,94833,,,,,
dataflow,ESTAT:MIGR_RESFIRST(1.0),"First permits by reason, length of validity and citizenship",A,Annual,TOTAL,Total,MA,Morocco,TOTAL,Total,PER,Person,EU27_2020,European Union - 27 countries (from 2020),2015,,94521,,,,,
dataflow,ESTAT:MIGR_RESFIRST(1.0),"First permits by reason, length of validity and citizenship",A,Annual,TOTAL,Total,MA,Morocco,TOTAL,Total,PER,Person,EU27_2020,European Union - 27 countries (from 2020),2016,,98245,,,,,
dataflow,ESTAT:MIGR_RESFIRST(1.0),"First permits by reason, length of validity and citizenship",A,Annual,TOTAL,Total,MA,Morocco,TOTAL,Total,PER,Person,EU27_2020,European Union - 27 countries (from 2020),2017,,106969,,,,,
dataflow,ESTAT:MIGR_RESFIRST(1.0),"First permits by reason, length of validity and citizenship",A,Annual,TOTAL,Total,MA,Morocco,TOTAL,Total,PER,Person,EU27_2020,European Union - 27 countries (from 2020),2018,,125773,,,,,
dataflow,ESTAT:MIGR_RESFIRST(1.0),"First permits by reason, length of validity and citizenship",A,Annual,TOTAL,Total,MA,Morocco,TOTAL,Total,PER,Person,EU27_2020,European Union - 27 countries (from 2020),2019,,134425,,,,,
dataflow,ESTAT:MIGR_RESFIRST(1.0),"First permits by reason, length of validity and citizenship",A,Annual,TOTAL,Total,MA,Morocco,TOTAL,Total,PER,Person,EU27_2020,European Union - 27 countries (from 2020),2020,,125315,,,,,
dataflow,ESTAT:MIGR_RESFIRST(1.0),"First permits by reason, length of validity and citizenship",A,Annual,TOTAL,Total,MA,Morocco,TOTAL,Total,PER,Person,EU27_2020,European Union - 27 countries (from 2020),2021,,155033,,,,,
dataflow,ESTAT:MIGR_RESFIRST(1.0),"First permits by reason, length of validity and citizenship",A,Annual,TOTAL,Total,MA,Morocco,TOTAL,Total,PER,Person,EU27_2020,European Union - 27 countries (from 2020),2022,,162719,,,,,
dataflow,ESTAT:MIGR_RESFIRST(1.0),"First permits by reason, length of validity and citizenship",A,Annual,TOTAL,Total,MA,Morocco,TOTAL,Total,PER,Person,EU27_2020,European Union - 27 countries (from 2020),2023,,180749,,,,,
dataflow,ESTAT:MIGR_RESFIRST(1.0),"First permits by reason, length of validity and citizenship",A,Annual,TOTAL,Total,MA,Morocco,TOTAL,Total,PER,Person,EU28,European Union - 28 countries (2013-2020),2013,,102049,,,,,
dataflow,ESTAT:MIGR_RESFIRST(1.0),"First permits by reason, length of validity and citizenship",A,Annual,TOTAL,Total,MA,Morocco,TOTAL,Total,PER,Person,EU28,European Union - 28 countries (2013-2020),2014,,96427,,,,,
dataflow,ESTAT:MIGR_RESFIRST(1.0),"First permits by reason, length of validity and citizenship",A,Annual,TOTAL,Total,MA,Morocco,TOTAL,Total,PER,Person,EU28,European Union - 28 countries (2013-2020),2015,,96315,,,,,
dataflow,ESTAT:MIGR_RESFIRST(1.0),"First permits by reason, length of validity and citizenship",A,Annual,TOTAL,Total,MA,Morocco,TOTAL,Total,PER,Person,EU28,European Union - 28 countries (2013-2020),2016,,100132,,,,,
dataflow,ESTAT:MIGR_RESFIRST(1.0),"First permits by reason, length of validity and citizenship",A,Annual,TOTAL,Total,MA,Morocco,TOTAL,Total,PER,Person,EU28,European Union - 28 countries (2013-2020),2017,,109125,,,,,
dataflow,ESTAT:MIGR_RESFIRST(1.0),"First permits by reason, length of validity and citizenship",A,Annual,TOTAL,Total,MA,Morocco,TOTAL,Total,PER,Person,EU28,European Union - 28 countries (2013-2020),2018,,127431,,,,,
dataflow,ESTAT:MIGR_RESFIRST(1.0),"First permits by reason, length of validity and citizenship",A,Annual,TOTAL,Total,MC,Monaco,TOTAL,Total,PER,Person,EU27_2020,European Union - 27 countries (from 2020),2013,,3,,,,,
dataflow,ESTAT:MIGR_RESFIRST(1.0),"First permits by reason, length of validity and citizenship",A,Annual,TOTAL,Total,MC,Monaco,TOTAL,Total,PER,Person,EU27_2020,European Union - 27 countries (from 2020),2014,,0,,,,,
dataflow,ESTAT:MIGR_RESFIRST(1.0),"First permits by reason, length of validity and citizenship",A,Annual,TOTAL,Total,MC,Monaco,TOTAL,Total,PER,Person,EU27_2020,European Union - 27 countries (from 2020),2015,,4,,,,,
dataflow,ESTAT:MIGR_RESFIRST(1.0),"First permits by reason, length of validity and citizenship",A,Annual,TOTAL,Total,MC,Monaco,TOTAL,Total,PER,Person,EU27_2020,European Union - 27 countries (from 2020),2016,,6,,,,,
dataflow,ESTAT:MIGR_RESFIRST(1.0),"First permits by reason, length of validity and citizenship",A,Annual,TOTAL,Total,MC,Monaco,TOTAL,Total,PER,Person,EU27_2020,European Union - 27 countries (from 2020),2017,,4,,,,,
dataflow,ESTAT:MIGR_RESFIRST(1.0),"First permits by reason, length of validity and citizenship",A,Annual,TOTAL,Total,MC,Monaco,TOTAL,Total,PER,Person,EU27_2020,European Union - 27 countries (from 2020),2018,,4,,,,,
dataflow,ESTAT:MIGR_RESFIRST(1.0),"First permits by reason, length of validity and citizenship",A,Annual,TOTAL,Total,MC,Monaco,TOTAL,Total,PER,Person,EU27_2020,European Union - 27 countries (from 2020),2019,,4,,,,,
dataflow,ESTAT:MIGR_RESFIRST(1.0),"First permits by reason, length of validity and citizenship",A,Annual,TOTAL,Total,MC,Monaco,TOTAL,Total,PER,Person,EU27_2020,European Union - 27 countries (from 2020),2020,,3,,,,,
dataflow,ESTAT:MIGR_RESFIRST(1.0),"First permits by reason, length of validity and citizenship",A,Annual,TOTAL,Total,MC,Monaco,TOTAL,Total,PER,Person,EU27_2020,European Union - 27 countries (from 2020),2021,,4,,,,,
dataflow,ESTAT:MIGR_RESFIRST(1.0),"First permits by reason, length of validity and citizenship",A,Annual,TOTAL,Total,MC,Monaco,TOTAL,Total,PER,Person,EU27_2020,European Union - 27 countries (from 2020),2022,,7,,,,,
dataflow,ESTAT:MIGR_RESFIRST(1.0),"First permits by reason, length of validity and citizenship",A,Annual,TOTAL,Total,MC,Monaco,TOTAL,Total,PER,Person,EU27_2020,European Union - 27 countries (from 2020),2023,,5,,,,,
dataflow,ESTAT:MIGR_RESFIRST(1.0),"First permits by reason, length of validity and citizenship",A,Annual,TOTAL,Total,MC,Monaco,TOTAL,Total,PER,Person,EU28,European Union - 28 countries (2013-2020),2013,,45,,,,,
dataflow,ESTAT:MIGR_RESFIRST(1.0),"First permits by reason, length of validity and citizenship",A,Annual,TOTAL,Total,MC,Monaco,TOTAL,Total,PER,Person,EU28,European Union - 28 countries (2013-2020),2014,,22,,,,,
dataflow,ESTAT:MIGR_RESFIRST(1.0),"First permits by reason, length of validity and citizenship",A,Annual,TOTAL,Total,MC,Monaco,TOTAL,Total,PER,Person,EU28,European Union - 28 countries (2013-2020),2015,,23,,,,,
dataflow,ESTAT:MIGR_RESFIRST(1.0),"First permits by reason, length of validity and citizenship",A,Annual,TOTAL,Total,MC,Monaco,TOTAL,Total,PER,Person,EU28,European Union - 28 countries (2013-2020),2016,,48,,,,,
dataflow,ESTAT:MIGR_RESFIRST(1.0),"First permits by reason, length of validity and citizenship",A,Annual,TOTAL,Total,MC,Monaco,TOTAL,Total,PER,Person,EU28,European Union - 28 countries (2013-2020),2017,,33,,,,,
dataflow,ESTAT:MIGR_RESFIRST(1.0),"First permits by reason, length of validity and citizenship",A,Annual,TOTAL,Total,MC,Monaco,TOTAL,Total,PER,Person,EU28,European Union - 28 countries (2013-2020),2018,,10,,,,,
dataflow,ESTAT:MIGR_RESFIRST(1.0),"First permits by reason, length of validity and citizenship",A,Annual,TOTAL,Total,MD,Moldova,TOTAL,Total,PER,Person,EU27_2020,European Union - 27 countries (from 2020),2013,,18968,,,,,
dataflow,ESTAT:MIGR_RESFIRST(1.0),"First permits by reason, length of validity and citizenship",A,Annual,TOTAL,Total,MD,Moldova,TOTAL,Total,PER,Person,EU27_2020,European Union - 27 countries (from 2020),2014,,14967,,,,,
dataflow,ESTAT:MIGR_RESFIRST(1.0),"First permits by reason, length of validity and citizenship",A,Annual,TOTAL,Total,MD,Moldova,TOTAL,Total,PER,Person,EU27_2020,European Union - 27 countries (from 2020),2015,,17389,,,,,
dataflow,ESTAT:MIGR_RESFIRST(1.0),"First permits by reason, length of validity and citizenship",A,Annual,TOTAL,Total,MD,Moldova,TOTAL,Total,PER,Person,EU27_2020,European Union - 27 countries (from 2020),2016,,17060,,,,,
dataflow,ESTAT:MIGR_RESFIRST(1.0),"First permits by reason, length of validity and citizenship",A,Annual,TOTAL,Total,MD,Moldova,TOTAL,Total,PER,Person,EU27_2020,European Union - 27 countries (from 2020),2017,,17576,,,,,
dataflow,ESTAT:MIGR_RESFIRST(1.0),"First permits by reason, length of validity and citizenship",A,Annual,TOTAL,Total,MD,Moldova,TOTAL,Total,PER,Person,EU27_2020,European Union - 27 countries (from 2020),2018,,18723,,,,,
dataflow,ESTAT:MIGR_RESFIRST(1.0),"First permits by reason, length of validity and citizenship",A,Annual,TOTAL,Total,MD,Moldova,TOTAL,Total,PER,Person,EU27_2020,European Union - 27 countries (from 2020),2019,,21497,,,,,
dataflow,ESTAT:MIGR_RESFIRST(1.0),"First permits by reason, length of validity and citizenship",A,Annual,TOTAL,Total,MD,Moldova,TOTAL,Total,PER,Person,EU27_2020,European Union - 27 countries (from 2020),2020,,15290,,,,,
dataflow,ESTAT:MIGR_RESFIRST(1.0),"First permits by reason, length of validity and citizenship",A,Annual,TOTAL,Total,MD,Moldova,TOTAL,Total,PER,Person,EU27_2020,European Union - 27 countries (from 2020),2021,,22413,,,,,
dataflow,ESTAT:MIGR_RESFIRST(1.0),"First permits by reason, length of validity and citizenship",A,Annual,TOTAL,Total,MD,Moldova,TOTAL,Total,PER,Person,EU27_2020,European Union - 27 countries (from 2020),2022,,29473,,,,,
dataflow,ESTAT:MIGR_RESFIRST(1.0),"First permits by reason, length of validity and citizenship",A,Annual,TOTAL,Total,MD,Moldova,TOTAL,Total,PER,Person,EU27_2020,European Union - 27 countries (from 2020),2023,,24468,,,,,
dataflow,ESTAT:MIGR_RESFIRST(1.0),"First permits by reason, length of validity and citizenship",A,Annual,TOTAL,Total,MD,Moldova,TOTAL,Total,PER,Person,EU28,European Union - 28 countries (2013-2020),2013,,19303,,,,,
dataflow,ESTAT:MIGR_RESFIRST(1.0),"First permits by reason, length of validity and citizenship",A,Annual,TOTAL,Total,MD,Moldova,TOTAL,Total,PER,Person,EU28,European Union - 28 countries (2013-2020),2014,,15328,,,,,
dataflow,ESTAT:MIGR_RESFIRST(1.0),"First permits by reason, length of validity and citizenship",A,Annual,TOTAL,Total,MD,Moldova,TOTAL,Total,PER,Person,EU28,European Union - 28 countries (2013-2020),2015,,17543,,,,,
dataflow,ESTAT:MIGR_RESFIRST(1.0),"First permits by reason, length of validity and citizenship",A,Annual,TOTAL,Total,MD,Moldova,TOTAL,Total,PER,Person,EU28,European Union - 28 countries (2013-2020),2016,,17511,,,,,
dataflow,ESTAT:MIGR_RESFIRST(1.0),"First permits by reason, length of validity and citizenship",A,Annual,TOTAL,Total,MD,Moldova,TOTAL,Total,PER,Person,EU28,European Union - 28 countries (2013-2020),2017,,18276,,,,,
dataflow,ESTAT:MIGR_RESFIRST(1.0),"First permits by reason, length of validity and citizenship",A,Annual,TOTAL,Total,MD,Moldova,TOTAL,Total,PER,Person,EU28,European Union - 28 countries (2013-2020),2018,,19640,,,,,
dataflow,ESTAT:MIGR_RESFIRST(1.0),"First permits by reason, length of validity and citizenship",A,Annual,TOTAL,Total,ME,Montenegro,TOTAL,Total,PER,Person,EU27_2020,European Union - 27 countries (from 2020),2013,,1672,,,,,
dataflow,ESTAT:MIGR_RESFIRST(1.0),"First permits by reason, length of validity and citizenship",A,Annual,TOTAL,Total,ME,Montenegro,TOTAL,Total,PER,Person,EU27_2020,European Union - 27 countries (from 2020),2014,,1623,,,,,
dataflow,ESTAT:MIGR_RESFIRST(1.0),"First permits by reason, length of validity and citizenship",A,Annual,TOTAL,Total,ME,Montenegro,TOTAL,Total,PER,Person,EU27_2020,European Union - 27 countries (from 2020),2015,,1816,,,,,
dataflow,ESTAT:MIGR_RESFIRST(1.0),"First permits by reason, length of validity and citizenship",A,Annual,TOTAL,Total,ME,Montenegro,TOTAL,Total,PER,Person,EU27_2020,European Union - 27 countries (from 2020),2016,,2130,,,,,
dataflow,ESTAT:MIGR_RESFIRST(1.0),"First permits by reason, length of validity and citizenship",A,Annual,TOTAL,Total,ME,Montenegro,TOTAL,Total,PER,Person,EU27_2020,European Union - 27 countries (from 2020),2017,,2325,,,,,
dataflow,ESTAT:MIGR_RESFIRST(1.0),"First permits by reason, length of validity and citizenship",A,Annual,TOTAL,Total,ME,Montenegro,TOTAL,Total,PER,Person,EU27_2020,European Union - 27 countries (from 2020),2018,,2979,,,,,
dataflow,ESTAT:MIGR_RESFIRST(1.0),"First permits by reason, length of validity and citizenship",A,Annual,TOTAL,Total,ME,Montenegro,TOTAL,Total,PER,Person,EU27_2020,European Union - 27 countries (from 2020),2019,,3397,,,,,
dataflow,ESTAT:MIGR_RESFIRST(1.0),"First permits by reason, length of validity and citizenship",A,Annual,TOTAL,Total,ME,Montenegro,TOTAL,Total,PER,Person,EU27_2020,European Union - 27 countries (from 2020),2020,,3075,,,,,
dataflow,ESTAT:MIGR_RESFIRST(1.0),"First permits by reason, length of validity and citizenship",A,Annual,TOTAL,Total,ME,Montenegro,TOTAL,Total,PER,Person,EU27_2020,European Union - 27 countries (from 2020),2021,,3043,,,,,
dataflow,ESTAT:MIGR_RESFIRST(1.0),"First permits by reason, length of validity and citizenship",A,Annual,TOTAL,Total,ME,Montenegro,TOTAL,Total,PER,Person,EU27_2020,European Union - 27 countries (from 2020),2022,,4134,,,,,
dataflow,ESTAT:MIGR_RESFIRST(1.0),"First permits by reason, length of validity and citizenship",A,Annual,TOTAL,Total,ME,Montenegro,TOTAL,Total,PER,Person,EU27_2020,European Union - 27 countries (from 2020),2023,,3830,,,,,
dataflow,ESTAT:MIGR_RESFIRST(1.0),"First permits by reason, length of validity and citizenship",A,Annual,TOTAL,Total,ME,Montenegro,TOTAL,Total,PER,Person,EU28,European Union - 28 countries (2013-2020),2013,,2041,,,,,
dataflow,ESTAT:MIGR_RESFIRST(1.0),"First permits by reason, length of validity and citizenship",A,Annual,TOTAL,Total,ME,Montenegro,TOTAL,Total,PER,Person,EU28,European Union - 28 countries (2013-2020),2014,,1694,,,,,
dataflow,ESTAT:MIGR_RESFIRST(1.0),"First permits by reason, length of validity and citizenship",A,Annual,TOTAL,Total,ME,Montenegro,TOTAL,Total,PER,Person,EU28,European Union - 28 countries (2013-2020),2015,,1938,,,,,
dataflow,ESTAT:MIGR_RESFIRST(1.0),"First permits by reason, length of validity and citizenship",A,Annual,TOTAL,Total,ME,Montenegro,TOTAL,Total,PER,Person,EU28,European Union - 28 countries (2013-2020),2016,,2205,,,,,
dataflow,ESTAT:MIGR_RESFIRST(1.0),"First permits by reason, length of validity and citizenship",A,Annual,TOTAL,Total,ME,Montenegro,TOTAL,Total,PER,Person,EU28,European Union - 28 countries (2013-2020),2017,,2458,,,,,
dataflow,ESTAT:MIGR_RESFIRST(1.0),"First permits by reason, length of validity and citizenship",A,Annual,TOTAL,Total,ME,Montenegro,TOTAL,Total,PER,Person,EU28,European Union - 28 countries (2013-2020),2018,,3054,,,,,
dataflow,ESTAT:MIGR_RESFIRST(1.0),"First permits by reason, length of validity and citizenship",A,Annual,TOTAL,Total,MG,Madagascar,TOTAL,Total,PER,Person,EU27_2020,European Union - 27 countries (from 2020),2013,,3135,,,,,
dataflow,ESTAT:MIGR_RESFIRST(1.0),"First permits by reason, length of validity and citizenship",A,Annual,TOTAL,Total,MG,Madagascar,TOTAL,Total,PER,Person,EU27_2020,European Union - 27 countries (from 2020),2014,,3316,,,,,
dataflow,ESTAT:MIGR_RESFIRST(1.0),"First permits by reason, length of validity and citizenship",A,Annual,TOTAL,Total,MG,Madagascar,TOTAL,Total,PER,Person,EU27_2020,European Union - 27 countries (from 2020),2015,,3133,,,,,
dataflow,ESTAT:MIGR_RESFIRST(1.0),"First permits by reason, length of validity and citizenship",A,Annual,TOTAL,Total,MG,Madagascar,TOTAL,Total,PER,Person,EU27_2020,European Union - 27 countries (from 2020),2016,,3195,,,,,
dataflow,ESTAT:MIGR_RESFIRST(1.0),"First permits by reason, length of validity and citizenship",A,Annual,TOTAL,Total,MG,Madagascar,TOTAL,Total,PER,Person,EU27_2020,European Union - 27 countries (from 2020),2017,,3534,,,,,
dataflow,ESTAT:MIGR_RESFIRST(1.0),"First permits by reason, length of validity and citizenship",A,Annual,TOTAL,Total,MG,Madagascar,TOTAL,Total,PER,Person,EU27_2020,European Union - 27 countries (from 2020),2018,,3727,,,,,
dataflow,ESTAT:MIGR_RESFIRST(1.0),"First permits by reason, length of validity and citizenship",A,Annual,TOTAL,Total,MG,Madagascar,TOTAL,Total,PER,Person,EU27_2020,European Union - 27 countries (from 2020),2019,,4118,,,,,
dataflow,ESTAT:MIGR_RESFIRST(1.0),"First permits by reason, length of validity and citizenship",A,Annual,TOTAL,Total,MG,Madagascar,TOTAL,Total,PER,Person,EU27_2020,European Union - 27 countries (from 2020),2020,,3342,,,,,
dataflow,ESTAT:MIGR_RESFIRST(1.0),"First permits by reason, length of validity and citizenship",A,Annual,TOTAL,Total,MG,Madagascar,TOTAL,Total,PER,Person,EU27_2020,European Union - 27 countries (from 2020),2021,,4156,,,,,
dataflow,ESTAT:MIGR_RESFIRST(1.0),"First permits by reason, length of validity and citizenship",A,Annual,TOTAL,Total,MG,Madagascar,TOTAL,Total,PER,Person,EU27_2020,European Union - 27 countries (from 2020),2022,,5100,,,,,
dataflow,ESTAT:MIGR_RESFIRST(1.0),"First permits by reason, length of validity and citizenship",A,Annual,TOTAL,Total,MG,Madagascar,TOTAL,Total,PER,Person,EU27_2020,European Union - 27 countries (from 2020),2023,,5439,,,,,
dataflow,ESTAT:MIGR_RESFIRST(1.0),"First permits by reason, length of validity and citizenship",A,Annual,TOTAL,Total,MG,Madagascar,TOTAL,Total,PER,Person,EU28,European Union - 28 countries (2013-2020),2013,,4029,,,,,
dataflow,ESTAT:MIGR_RESFIRST(1.0),"First permits by reason, length of validity and citizenship",A,Annual,TOTAL,Total,MG,Madagascar,TOTAL,Total,PER,Person,EU28,European Union - 28 countries (2013-2020),2014,,3351,,,,,
dataflow,ESTAT:MIGR_RESFIRST(1.0),"First permits by reason, length of validity and citizenship",A,Annual,TOTAL,Total,MG,Madagascar,TOTAL,Total,PER,Person,EU28,European Union - 28 countries (2013-2020),2015,,3187,,,,,
dataflow,ESTAT:MIGR_RESFIRST(1.0),"First permits by reason, length of validity and citizenship",A,Annual,TOTAL,Total,MG,Madagascar,TOTAL,Total,PER,Person,EU28,European Union - 28 countries (2013-2020),2016,,3238,,,,,
dataflow,ESTAT:MIGR_RESFIRST(1.0),"First permits by reason, length of validity and citizenship",A,Annual,TOTAL,Total,MG,Madagascar,TOTAL,Total,PER,Person,EU28,European Union - 28 countries (2013-2020),2017,,3573,,,,,
dataflow,ESTAT:MIGR_RESFIRST(1.0),"First permits by reason, length of validity and citizenship",A,Annual,TOTAL,Total,MG,Madagascar,TOTAL,Total,PER,Person,EU28,European Union - 28 countries (2013-2020),2018,,3766,,,,,
dataflow,ESTAT:MIGR_RESFIRST(1.0),"First permits by reason, length of validity and citizenship",A,Annual,TOTAL,Total,MH,Marshall Islands,TOTAL,Total,PER,Person,EU27_2020,European Union - 27 countries (from 2020),2013,,3,,,,,
dataflow,ESTAT:MIGR_RESFIRST(1.0),"First permits by reason, length of validity and citizenship",A,Annual,TOTAL,Total,MH,Marshall Islands,TOTAL,Total,PER,Person,EU27_2020,European Union - 27 countries (from 2020),2014,,5,,,,,
dataflow,ESTAT:MIGR_RESFIRST(1.0),"First permits by reason, length of validity and citizenship",A,Annual,TOTAL,Total,MH,Marshall Islands,TOTAL,Total,PER,Person,EU27_2020,European Union - 27 countries (from 2020),2015,,4,,,,,
dataflow,ESTAT:MIGR_RESFIRST(1.0),"First permits by reason, length of validity and citizenship",A,Annual,TOTAL,Total,MH,Marshall Islands,TOTAL,Total,PER,Person,EU27_2020,European Union - 27 countries (from 2020),2016,,2,,,,,
dataflow,ESTAT:MIGR_RESFIRST(1.0),"First permits by reason, length of validity and citizenship",A,Annual,TOTAL,Total,MH,Marshall Islands,TOTAL,Total,PER,Person,EU27_2020,European Union - 27 countries (from 2020),2017,,11,,,,,
dataflow,ESTAT:MIGR_RESFIRST(1.0),"First permits by reason, length of validity and citizenship",A,Annual,TOTAL,Total,MH,Marshall Islands,TOTAL,Total,PER,Person,EU27_2020,European Union - 27 countries (from 2020),2018,,5,,,,,
dataflow,ESTAT:MIGR_RESFIRST(1.0),"First permits by reason, length of validity and citizenship",A,Annual,TOTAL,Total,MH,Marshall Islands,TOTAL,Total,PER,Person,EU27_2020,European Union - 27 countries (from 2020),2019,,3,,,,,
dataflow,ESTAT:MIGR_RESFIRST(1.0),"First permits by reason, length of validity and citizenship",A,Annual,TOTAL,Total,MH,Marshall Islands,TOTAL,Total,PER,Person,EU27_2020,European Union - 27 countries (from 2020),2020,,9,,,,,
dataflow,ESTAT:MIGR_RESFIRST(1.0),"First permits by reason, length of validity and citizenship",A,Annual,TOTAL,Total,MH,Marshall Islands,TOTAL,Total,PER,Person,EU27_2020,European Union - 27 countries (from 2020),2021,,6,,,,,
dataflow,ESTAT:MIGR_RESFIRST(1.0),"First permits by reason, length of validity and citizenship",A,Annual,TOTAL,Total,MH,Marshall Islands,TOTAL,Total,PER,Person,EU27_2020,European Union - 27 countries (from 2020),2022,,11,,,,,
dataflow,ESTAT:MIGR_RESFIRST(1.0),"First permits by reason, length of validity and citizenship",A,Annual,TOTAL,Total,MH,Marshall Islands,TOTAL,Total,PER,Person,EU27_2020,European Union - 27 countries (from 2020),2023,,8,,,,,
dataflow,ESTAT:MIGR_RESFIRST(1.0),"First permits by reason, length of validity and citizenship",A,Annual,TOTAL,Total,MH,Marshall Islands,TOTAL,Total,PER,Person,EU28,European Union - 28 countries (2013-2020),2013,,3,,,,,
dataflow,ESTAT:MIGR_RESFIRST(1.0),"First permits by reason, length of validity and citizenship",A,Annual,TOTAL,Total,MH,Marshall Islands,TOTAL,Total,PER,Person,EU28,European Union - 28 countries (2013-2020),2014,,6,,,,,
dataflow,ESTAT:MIGR_RESFIRST(1.0),"First permits by reason, length of validity and citizenship",A,Annual,TOTAL,Total,MH,Marshall Islands,TOTAL,Total,PER,Person,EU28,European Union - 28 countries (2013-2020),2015,,5,,,,,
dataflow,ESTAT:MIGR_RESFIRST(1.0),"First permits by reason, length of validity and citizenship",A,Annual,TOTAL,Total,MH,Marshall Islands,TOTAL,Total,PER,Person,EU28,European Union - 28 countries (2013-2020),2016,,2,,,,,
dataflow,ESTAT:MIGR_RESFIRST(1.0),"First permits by reason, length of validity and citizenship",A,Annual,TOTAL,Total,MH,Marshall Islands,TOTAL,Total,PER,Person,EU28,European Union - 28 countries (2013-2020),2017,,11,,,,,
dataflow,ESTAT:MIGR_RESFIRST(1.0),"First permits by reason, length of validity and citizenship",A,Annual,TOTAL,Total,MH,Marshall Islands,TOTAL,Total,PER,Person,EU28,European Union - 28 countries (2013-2020),2018,,5,,,,,
dataflow,ESTAT:MIGR_RESFIRST(1.0),"First permits by reason, length of validity and citizenship",A,Annual,TOTAL,Total,MK,North Macedonia,TOTAL,Total,PER,Person,EU27_2020,European Union - 27 countries (from 2020),2013,,9213,,,,,
dataflow,ESTAT:MIGR_RESFIRST(1.0),"First permits by reason, length of validity and citizenship",A,Annual,TOTAL,Total,MK,North Macedonia,TOTAL,Total,PER,Person,EU27_2020,European Union - 27 countries (from 2020),2014,,9853,,,,,
dataflow,ESTAT:MIGR_RESFIRST(1.0),"First permits by reason, length of validity and citizenship",A,Annual,TOTAL,Total,MK,North Macedonia,TOTAL,Total,PER,Person,EU27_2020,European Union - 27 countries (from 2020),2015,,11764,,,,,
dataflow,ESTAT:MIGR_RESFIRST(1.0),"First permits by reason, length of validity and citizenship",A,Annual,TOTAL,Total,MK,North Macedonia,TOTAL,Total,PER,Person,EU27_2020,European Union - 27 countries (from 2020),2016,,13948,,,,,
dataflow,ESTAT:MIGR_RESFIRST(1.0),"First permits by reason, length of validity and citizenship",A,Annual,TOTAL,Total,MK,North Macedonia,TOTAL,Total,PER,Person,EU27_2020,European Union - 27 countries (from 2020),2017,,16416,,,,,
dataflow,ESTAT:MIGR_RESFIRST(1.0),"First permits by reason, length of validity and citizenship",A,Annual,TOTAL,Total,MK,North Macedonia,TOTAL,Total,PER,Person,EU27_2020,European Union - 27 countries (from 2020),2018,,24046,,,,,
dataflow,ESTAT:MIGR_RESFIRST(1.0),"First permits by reason, length of validity and citizenship",A,Annual,TOTAL,Total,MK,North Macedonia,TOTAL,Total,PER,Person,EU27_2020,European Union - 27 countries (from 2020),2019,,25165,,,,,
dataflow,ESTAT:MIGR_RESFIRST(1.0),"First permits by reason, length of validity and citizenship",A,Annual,TOTAL,Total,MK,North Macedonia,TOTAL,Total,PER,Person,EU27_2020,European Union - 27 countries (from 2020),2020,,17326,,,,,
dataflow,ESTAT:MIGR_RESFIRST(1.0),"First permits by reason, length of validity and citizenship",A,Annual,TOTAL,Total,MK,North Macedonia,TOTAL,Total,PER,Person,EU27_2020,European Union - 27 countries (from 2020),2021,,21072,,,,,
dataflow,ESTAT:MIGR_RESFIRST(1.0),"First permits by reason, length of validity and citizenship",A,Annual,TOTAL,Total,MK,North Macedonia,TOTAL,Total,PER,Person,EU27_2020,European Union - 27 countries (from 2020),2022,,29561,,,,,
dataflow,ESTAT:MIGR_RESFIRST(1.0),"First permits by reason, length of validity and citizenship",A,Annual,TOTAL,Total,MK,North Macedonia,TOTAL,Total,PER,Person,EU27_2020,European Union - 27 countries (from 2020),2023,,31875,,,,,
dataflow,ESTAT:MIGR_RESFIRST(1.0),"First permits by reason, length of validity and citizenship",A,Annual,TOTAL,Total,MK,North Macedonia,TOTAL,Total,PER,Person,EU28,European Union - 28 countries (2013-2020),2013,,10349,,,,,
dataflow,ESTAT:MIGR_RESFIRST(1.0),"First permits by reason, length of validity and citizenship",A,Annual,TOTAL,Total,MK,North Macedonia,TOTAL,Total,PER,Person,EU28,European Union - 28 countries (2013-2020),2014,,10174,,,,,
dataflow,ESTAT:MIGR_RESFIRST(1.0),"First permits by reason, length of validity and citizenship",A,Annual,TOTAL,Total,MK,North Macedonia,TOTAL,Total,PER,Person,EU28,European Union - 28 countries (2013-2020),2015,,12129,,,,,
dataflow,ESTAT:MIGR_RESFIRST(1.0),"First permits by reason, length of validity and citizenship",A,Annual,TOTAL,Total,MK,North Macedonia,TOTAL,Total,PER,Person,EU28,European Union - 28 countries (2013-2020),2016,,14336,,,,,
dataflow,ESTAT:MIGR_RESFIRST(1.0),"First permits by reason, length of validity and citizenship",A,Annual,TOTAL,Total,MK,North Macedonia,TOTAL,Total,PER,Person,EU28,European Union - 28 countries (2013-2020),2017,,16921,,,,,
dataflow,ESTAT:MIGR_RESFIRST(1.0),"First permits by reason, length of validity and citizenship",A,Annual,TOTAL,Total,MK,North Macedonia,TOTAL,Total,PER,Person,EU28,European Union - 28 countries (2013-2020),2018,,24383,,,,,
dataflow,ESTAT:MIGR_RESFIRST(1.0),"First permits by reason, length of validity and citizenship",A,Annual,TOTAL,Total,ML,Mali,TOTAL,Total,PER,Person,EU27_2020,European Union - 27 countries (from 2020),2013,,6531,,,,,
dataflow,ESTAT:MIGR_RESFIRST(1.0),"First permits by reason, length of validity and citizenship",A,Annual,TOTAL,Total,ML,Mali,TOTAL,Total,PER,Person,EU27_2020,European Union - 27 countries (from 2020),2014,,7004,,,,,
dataflow,ESTAT:MIGR_RESFIRST(1.0),"First permits by reason, length of validity and citizenship",A,Annual,TOTAL,Total,ML,Mali,TOTAL,Total,PER,Person,EU27_2020,European Union - 27 countries (from 2020),2015,,6108,,,,,
dataflow,ESTAT:MIGR_RESFIRST(1.0),"First permits by reason, length of validity and citizenship",A,Annual,TOTAL,Total,ML,Mali,TOTAL,Total,PER,Person,EU27_2020,European Union - 27 countries (from 2020),2016,,11314,,,,,
dataflow,ESTAT:MIGR_RESFIRST(1.0),"First permits by reason, length of validity and citizenship",A,Annual,TOTAL,Total,ML,Mali,TOTAL,Total,PER,Person,EU27_2020,European Union - 27 countries (from 2020),2017,,12850,,,,,
dataflow,ESTAT:MIGR_RESFIRST(1.0),"First permits by reason, length of validity and citizenship",A,Annual,TOTAL,Total,ML,Mali,TOTAL,Total,PER,Person,EU27_2020,European Union - 27 countries (from 2020),2018,,10279,,,,,
dataflow,ESTAT:MIGR_RESFIRST(1.0),"First permits by reason, length of validity and citizenship",A,Annual,TOTAL,Total,ML,Mali,TOTAL,Total,PER,Person,EU27_2020,European Union - 27 countries (from 2020),2019,,9051,,,,,
dataflow,ESTAT:MIGR_RESFIRST(1.0),"First permits by reason, length of validity and citizenship",A,Annual,TOTAL,Total,ML,Mali,TOTAL,Total,PER,Person,EU27_2020,European Union - 27 countries (from 2020),2020,,8816,,,,,
dataflow,ESTAT:MIGR_RESFIRST(1.0),"First permits by reason, length of validity and citizenship",A,Annual,TOTAL,Total,ML,Mali,TOTAL,Total,PER,Person,EU27_2020,European Union - 27 countries (from 2020),2021,,14454,,,,,
dataflow,ESTAT:MIGR_RESFIRST(1.0),"First permits by reason, length of validity and citizenship",A,Annual,TOTAL,Total,ML,Mali,TOTAL,Total,PER,Person,EU27_2020,European Union - 27 countries (from 2020),2022,,17433,,,,,
dataflow,ESTAT:MIGR_RESFIRST(1.0),"First permits by reason, length of validity and citizenship",A,Annual,TOTAL,Total,ML,Mali,TOTAL,Total,PER,Person,EU27_2020,European Union - 27 countries (from 2020),2023,,14749,,,,,
dataflow,ESTAT:MIGR_RESFIRST(1.0),"First permits by reason, length of validity and citizenship",A,Annual,TOTAL,Total,ML,Mali,TOTAL,Total,PER,Person,EU28,European Union - 28 countries (2013-2020),2013,,6614,,,,,
dataflow,ESTAT:MIGR_RESFIRST(1.0),"First permits by reason, length of validity and citizenship",A,Annual,TOTAL,Total,ML,Mali,TOTAL,Total,PER,Person,EU28,European Union - 28 countries (2013-2020),2014,,7099,,,,,
dataflow,ESTAT:MIGR_RESFIRST(1.0),"First permits by reason, length of validity and citizenship",A,Annual,TOTAL,Total,ML,Mali,TOTAL,Total,PER,Person,EU28,European Union - 28 countries (2013-2020),2015,,6169,,,,,
dataflow,ESTAT:MIGR_RESFIRST(1.0),"First permits by reason, length of validity and citizenship",A,Annual,TOTAL,Total,ML,Mali,TOTAL,Total,PER,Person,EU28,European Union - 28 countries (2013-2020),2016,,11398,,,,,
dataflow,ESTAT:MIGR_RESFIRST(1.0),"First permits by reason, length of validity and citizenship",A,Annual,TOTAL,Total,ML,Mali,TOTAL,Total,PER,Person,EU28,European Union - 28 countries (2013-2020),2017,,12919,,,,,
dataflow,ESTAT:MIGR_RESFIRST(1.0),"First permits by reason, length of validity and citizenship",A,Annual,TOTAL,Total,ML,Mali,TOTAL,Total,PER,Person,EU28,European Union - 28 countries (2013-2020),2018,,10334,,,,,
dataflow,ESTAT:MIGR_RESFIRST(1.0),"First permits by reason, length of validity and citizenship",A,Annual,TOTAL,Total,MM,Myanmar/Burma,TOTAL,Total,PER,Person,EU27_2020,European Union - 27 countries (from 2020),2013,,591,,,,,
dataflow,ESTAT:MIGR_RESFIRST(1.0),"First permits by reason, length of validity and citizenship",A,Annual,TOTAL,Total,MM,Myanmar/Burma,TOTAL,Total,PER,Person,EU27_2020,European Union - 27 countries (from 2020),2014,,400,,,,,
dataflow,ESTAT:MIGR_RESFIRST(1.0),"First permits by reason, length of validity and citizenship",A,Annual,TOTAL,Total,MM,Myanmar/Burma,TOTAL,Total,PER,Person,EU27_2020,European Union - 27 countries (from 2020),2015,,400,,,,,
dataflow,ESTAT:MIGR_RESFIRST(1.0),"First permits by reason, length of validity and citizenship",A,Annual,TOTAL,Total,MM,Myanmar/Burma,TOTAL,Total,PER,Person,EU27_2020,European Union - 27 countries (from 2020),2016,,415,,,,,
dataflow,ESTAT:MIGR_RESFIRST(1.0),"First permits by reason, length of validity and citizenship",A,Annual,TOTAL,Total,MM,Myanmar/Burma,TOTAL,Total,PER,Person,EU27_2020,European Union - 27 countries (from 2020),2017,,538,,,,,
dataflow,ESTAT:MIGR_RESFIRST(1.0),"First permits by reason, length of validity and citizenship",A,Annual,TOTAL,Total,MM,Myanmar/Burma,TOTAL,Total,PER,Person,EU27_2020,European Union - 27 countries (from 2020),2018,,468,,,,,
dataflow,ESTAT:MIGR_RESFIRST(1.0),"First permits by reason, length of validity and citizenship",A,Annual,TOTAL,Total,MM,Myanmar/Burma,TOTAL,Total,PER,Person,EU27_2020,European Union - 27 countries (from 2020),2019,,552,,,,,
dataflow,ESTAT:MIGR_RESFIRST(1.0),"First permits by reason, length of validity and citizenship",A,Annual,TOTAL,Total,MM,Myanmar/Burma,TOTAL,Total,PER,Person,EU27_2020,European Union - 27 countries (from 2020),2020,,372,,,,,
dataflow,ESTAT:MIGR_RESFIRST(1.0),"First permits by reason, length of validity and citizenship",A,Annual,TOTAL,Total,MM,Myanmar/Burma,TOTAL,Total,PER,Person,EU27_2020,European Union - 27 countries (from 2020),2021,,665,,,,,
dataflow,ESTAT:MIGR_RESFIRST(1.0),"First permits by reason, length of validity and citizenship",A,Annual,TOTAL,Total,MM,Myanmar/Burma,TOTAL,Total,PER,Person,EU27_2020,European Union - 27 countries (from 2020),2022,,1370,,,,,
dataflow,ESTAT:MIGR_RESFIRST(1.0),"First permits by reason, length of validity and citizenship",A,Annual,TOTAL,Total,MM,Myanmar/Burma,TOTAL,Total,PER,Person,EU27_2020,European Union - 27 countries (from 2020),2023,,1970,,,,,
dataflow,ESTAT:MIGR_RESFIRST(1.0),"First permits by reason, length of validity and citizenship",A,Annual,TOTAL,Total,MM,Myanmar/Burma,TOTAL,Total,PER,Person,EU28,European Union - 28 countries (2013-2020),2013,,1288,,,,,
dataflow,ESTAT:MIGR_RESFIRST(1.0),"First permits by reason, length of validity and citizenship",A,Annual,TOTAL,Total,MM,Myanmar/Burma,TOTAL,Total,PER,Person,EU28,European Union - 28 countries (2013-2020),2014,,754,,,,,
dataflow,ESTAT:MIGR_RESFIRST(1.0),"First permits by reason, length of validity and citizenship",A,Annual,TOTAL,Total,MM,Myanmar/Burma,TOTAL,Total,PER,Person,EU28,European Union - 28 countries (2013-2020),2015,,796,,,,,
dataflow,ESTAT:MIGR_RESFIRST(1.0),"First permits by reason, length of validity and citizenship",A,Annual,TOTAL,Total,MM,Myanmar/Burma,TOTAL,Total,PER,Person,EU28,European Union - 28 countries (2013-2020),2016,,862,,,,,
dataflow,ESTAT:MIGR_RESFIRST(1.0),"First permits by reason, length of validity and citizenship",A,Annual,TOTAL,Total,MM,Myanmar/Burma,TOTAL,Total,PER,Person,EU28,European Union - 28 countries (2013-2020),2017,,1040,,,,,
dataflow,ESTAT:MIGR_RESFIRST(1.0),"First permits by reason, length of validity and citizenship",A,Annual,TOTAL,Total,MM,Myanmar/Burma,TOTAL,Total,PER,Person,EU28,European Union - 28 countries (2013-2020),2018,,966,,,,,
dataflow,ESTAT:MIGR_RESFIRST(1.0),"First permits by reason, length of validity and citizenship",A,Annual,TOTAL,Total,MN,Mongolia,TOTAL,Total,PER,Person,EU27_2020,European Union - 27 countries (from 2020),2013,,2644,,,,,
dataflow,ESTAT:MIGR_RESFIRST(1.0),"First permits by reason, length of validity and citizenship",A,Annual,TOTAL,Total,MN,Mongolia,TOTAL,Total,PER,Person,EU27_2020,European Union - 27 countries (from 2020),2014,,2223,,,,,
dataflow,ESTAT:MIGR_RESFIRST(1.0),"First permits by reason, length of validity and citizenship",A,Annual,TOTAL,Total,MN,Mongolia,TOTAL,Total,PER,Person,EU27_2020,European Union - 27 countries (from 2020),2015,,3239,,,,,
dataflow,ESTAT:MIGR_RESFIRST(1.0),"First permits by reason, length of validity and citizenship",A,Annual,TOTAL,Total,MN,Mongolia,TOTAL,Total,PER,Person,EU27_2020,European Union - 27 countries (from 2020),2016,,4233,,,,,
dataflow,ESTAT:MIGR_RESFIRST(1.0),"First permits by reason, length of validity and citizenship",A,Annual,TOTAL,Total,MN,Mongolia,TOTAL,Total,PER,Person,EU27_2020,European Union - 27 countries (from 2020),2017,,4684,,,,,
dataflow,ESTAT:MIGR_RESFIRST(1.0),"First permits by reason, length of validity and citizenship",A,Annual,TOTAL,Total,MN,Mongolia,TOTAL,Total,PER,Person,EU27_2020,European Union - 27 countries (from 2020),2018,,6165,,,,,
dataflow,ESTAT:MIGR_RESFIRST(1.0),"First permits by reason, length of validity and citizenship",A,Annual,TOTAL,Total,MN,Mongolia,TOTAL,Total,PER,Person,EU27_2020,European Union - 27 countries (from 2020),2019,,7845,,,,,
dataflow,ESTAT:MIGR_RESFIRST(1.0),"First permits by reason, length of validity and citizenship",A,Annual,TOTAL,Total,MN,Mongolia,TOTAL,Total,PER,Person,EU27_2020,European Union - 27 countries (from 2020),2020,,3740,,,,,
dataflow,ESTAT:MIGR_RESFIRST(1.0),"First permits by reason, length of validity and citizenship",A,Annual,TOTAL,Total,MN,Mongolia,TOTAL,Total,PER,Person,EU27_2020,European Union - 27 countries (from 2020),2021,,3697,,,,,
dataflow,ESTAT:MIGR_RESFIRST(1.0),"First permits by reason, length of validity and citizenship",A,Annual,TOTAL,Total,MN,Mongolia,TOTAL,Total,PER,Person,EU27_2020,European Union - 27 countries (from 2020),2022,,7044,,,,,
dataflow,ESTAT:MIGR_RESFIRST(1.0),"First permits by reason, length of validity and citizenship",A,Annual,TOTAL,Total,MN,Mongolia,TOTAL,Total,PER,Person,EU27_2020,European Union - 27 countries (from 2020),2023,,7884,,,,,
dataflow,ESTAT:MIGR_RESFIRST(1.0),"First permits by reason, length of validity and citizenship",A,Annual,TOTAL,Total,MN,Mongolia,TOTAL,Total,PER,Person,EU28,European Union - 28 countries (2013-2020),2013,,2890,,,,,
dataflow,ESTAT:MIGR_RESFIRST(1.0),"First permits by reason, length of validity and citizenship",A,Annual,TOTAL,Total,MN,Mongolia,TOTAL,Total,PER,Person,EU28,European Union - 28 countries (2013-2020),2014,,2511,,,,,
dataflow,ESTAT:MIGR_RESFIRST(1.0),"First permits by reason, length of validity and citizenship",A,Annual,TOTAL,Total,MN,Mongolia,TOTAL,Total,PER,Person,EU28,European Union - 28 countries (2013-2020),2015,,3559,,,,,
dataflow,ESTAT:MIGR_RESFIRST(1.0),"First permits by reason, length of validity and citizenship",A,Annual,TOTAL,Total,MN,Mongolia,TOTAL,Total,PER,Person,EU28,European Union - 28 countries (2013-2020),2016,,4482,,,,,
dataflow,ESTAT:MIGR_RESFIRST(1.0),"First permits by reason, length of validity and citizenship",A,Annual,TOTAL,Total,MN,Mongolia,TOTAL,Total,PER,Person,EU28,European Union - 28 countries (2013-2020),2017,,5104,,,,,
dataflow,ESTAT:MIGR_RESFIRST(1.0),"First permits by reason, length of validity and citizenship",A,Annual,TOTAL,Total,MN,Mongolia,TOTAL,Total,PER,Person,EU28,European Union - 28 countries (2013-2020),2018,,6554,,,,,
dataflow,ESTAT:MIGR_RESFIRST(1.0),"First permits by reason, length of validity and citizenship",A,Annual,TOTAL,Total,MR,Mauritania,TOTAL,Total,PER,Person,EU27_2020,European Union - 27 countries (from 2020),2013,,1654,,,,,
dataflow,ESTAT:MIGR_RESFIRST(1.0),"First permits by reason, length of validity and citizenship",A,Annual,TOTAL,Total,MR,Mauritania,TOTAL,Total,PER,Person,EU27_2020,European Union - 27 countries (from 2020),2014,,1536,,,,,
dataflow,ESTAT:MIGR_RESFIRST(1.0),"First permits by reason, length of validity and citizenship",A,Annual,TOTAL,Total,MR,Mauritania,TOTAL,Total,PER,Person,EU27_2020,European Union - 27 countries (from 2020),2015,,1367,,,,,
dataflow,ESTAT:MIGR_RESFIRST(1.0),"First permits by reason, length of validity and citizenship",A,Annual,TOTAL,Total,MR,Mauritania,TOTAL,Total,PER,Person,EU27_2020,European Union - 27 countries (from 2020),2016,,1517,,,,,
dataflow,ESTAT:MIGR_RESFIRST(1.0),"First permits by reason, length of validity and citizenship",A,Annual,TOTAL,Total,MR,Mauritania,TOTAL,Total,PER,Person,EU27_2020,European Union - 27 countries (from 2020),2017,,1510,,,,,
dataflow,ESTAT:MIGR_RESFIRST(1.0),"First permits by reason, length of validity and citizenship",A,Annual,TOTAL,Total,MR,Mauritania,TOTAL,Total,PER,Person,EU27_2020,European Union - 27 countries (from 2020),2018,,1459,,,,,
dataflow,ESTAT:MIGR_RESFIRST(1.0),"First permits by reason, length of validity and citizenship",A,Annual,TOTAL,Total,MR,Mauritania,TOTAL,Total,PER,Person,EU27_2020,European Union - 27 countries (from 2020),2019,,1576,,,,,
dataflow,ESTAT:MIGR_RESFIRST(1.0),"First permits by reason, length of validity and citizenship",A,Annual,TOTAL,Total,MR,Mauritania,TOTAL,Total,PER,Person,EU27_2020,European Union - 27 countries (from 2020),2020,,1394,,,,,
dataflow,ESTAT:MIGR_RESFIRST(1.0),"First permits by reason, length of validity and citizenship",A,Annual,TOTAL,Total,MR,Mauritania,TOTAL,Total,PER,Person,EU27_2020,European Union - 27 countries (from 2020),2021,,2018,,,,,
dataflow,ESTAT:MIGR_RESFIRST(1.0),"First permits by reason, length of validity and citizenship",A,Annual,TOTAL,Total,MR,Mauritania,TOTAL,Total,PER,Person,EU27_2020,European Union - 27 countries (from 2020),2022,,2310,,,,,
dataflow,ESTAT:MIGR_RESFIRST(1.0),"First permits by reason, length of validity and citizenship",A,Annual,TOTAL,Total,MR,Mauritania,TOTAL,Total,PER,Person,EU27_2020,European Union - 27 countries (from 2020),2023,,2540,,,,,
dataflow,ESTAT:MIGR_RESFIRST(1.0),"First permits by reason, length of validity and citizenship",A,Annual,TOTAL,Total,MR,Mauritania,TOTAL,Total,PER,Person,EU28,European Union - 28 countries (2013-2020),2013,,1683,,,,,
dataflow,ESTAT:MIGR_RESFIRST(1.0),"First permits by reason, length of validity and citizenship",A,Annual,TOTAL,Total,MR,Mauritania,TOTAL,Total,PER,Person,EU28,European Union - 28 countries (2013-2020),2014,,1564,,,,,
dataflow,ESTAT:MIGR_RESFIRST(1.0),"First permits by reason, length of validity and citizenship",A,Annual,TOTAL,Total,MR,Mauritania,TOTAL,Total,PER,Person,EU28,European Union - 28 countries (2013-2020),2015,,1385,,,,,
dataflow,ESTAT:MIGR_RESFIRST(1.0),"First permits by reason, length of validity and citizenship",A,Annual,TOTAL,Total,MR,Mauritania,TOTAL,Total,PER,Person,EU28,European Union - 28 countries (2013-2020),2016,,1552,,,,,
dataflow,ESTAT:MIGR_RESFIRST(1.0),"First permits by reason, length of validity and citizenship",A,Annual,TOTAL,Total,MR,Mauritania,TOTAL,Total,PER,Person,EU28,European Union - 28 countries (2013-2020),2017,,1556,,,,,
dataflow,ESTAT:MIGR_RESFIRST(1.0),"First permits by reason, length of validity and citizenship",A,Annual,TOTAL,Total,MR,Mauritania,TOTAL,Total,PER,Person,EU28,European Union - 28 countries (2013-2020),2018,,1484,,,,,
dataflow,ESTAT:MIGR_RESFIRST(1.0),"First permits by reason, length of validity and citizenship",A,Annual,TOTAL,Total,MU,Mauritius,TOTAL,Total,PER,Person,EU27_2020,European Union - 27 countries (from 2020),2013,,1912,,,,,
dataflow,ESTAT:MIGR_RESFIRST(1.0),"First permits by reason, length of validity and citizenship",A,Annual,TOTAL,Total,MU,Mauritius,TOTAL,Total,PER,Person,EU27_2020,European Union - 27 countries (from 2020),2014,,1879,,,,,
dataflow,ESTAT:MIGR_RESFIRST(1.0),"First permits by reason, length of validity and citizenship",A,Annual,TOTAL,Total,MU,Mauritius,TOTAL,Total,PER,Person,EU27_2020,European Union - 27 countries (from 2020),2015,,2005,,,,,
dataflow,ESTAT:MIGR_RESFIRST(1.0),"First permits by reason, length of validity and citizenship",A,Annual,TOTAL,Total,MU,Mauritius,TOTAL,Total,PER,Person,EU27_2020,European Union - 27 countries (from 2020),2016,,2057,,,,,
dataflow,ESTAT:MIGR_RESFIRST(1.0),"First permits by reason, length of validity and citizenship",A,Annual,TOTAL,Total,MU,Mauritius,TOTAL,Total,PER,Person,EU27_2020,European Union - 27 countries (from 2020),2017,,1909,,,,,
dataflow,ESTAT:MIGR_RESFIRST(1.0),"First permits by reason, length of validity and citizenship",A,Annual,TOTAL,Total,MU,Mauritius,TOTAL,Total,PER,Person,EU27_2020,European Union - 27 countries (from 2020),2018,,2219,,,,,
dataflow,ESTAT:MIGR_RESFIRST(1.0),"First permits by reason, length of validity and citizenship",A,Annual,TOTAL,Total,MU,Mauritius,TOTAL,Total,PER,Person,EU27_2020,European Union - 27 countries (from 2020),2019,,2729,,,,,
dataflow,ESTAT:MIGR_RESFIRST(1.0),"First permits by reason, length of validity and citizenship",A,Annual,TOTAL,Total,MU,Mauritius,TOTAL,Total,PER,Person,EU27_2020,European Union - 27 countries (from 2020),2020,,1386,,,,,
dataflow,ESTAT:MIGR_RESFIRST(1.0),"First permits by reason, length of validity and citizenship",A,Annual,TOTAL,Total,MU,Mauritius,TOTAL,Total,PER,Person,EU27_2020,European Union - 27 countries (from 2020),2021,,1756,,,,,
dataflow,ESTAT:MIGR_RESFIRST(1.0),"First permits by reason, length of validity and citizenship",A,Annual,TOTAL,Total,MU,Mauritius,TOTAL,Total,PER,Person,EU27_2020,European Union - 27 countries (from 2020),2022,,2485,,,,,
dataflow,ESTAT:MIGR_RESFIRST(1.0),"First permits by reason, length of validity and citizenship",A,Annual,TOTAL,Total,MU,Mauritius,TOTAL,Total,PER,Person,EU27_2020,European Union - 27 countries (from 2020),2023,,2720,,,,,
dataflow,ESTAT:MIGR_RESFIRST(1.0),"First permits by reason, length of validity and citizenship",A,Annual,TOTAL,Total,MU,Mauritius,TOTAL,Total,PER,Person,EU28,European Union - 28 countries (2013-2020),2013,,5897,,,,,
dataflow,ESTAT:MIGR_RESFIRST(1.0),"First permits by reason, length of validity and citizenship",A,Annual,TOTAL,Total,MU,Mauritius,TOTAL,Total,PER,Person,EU28,European Union - 28 countries (2013-2020),2014,,2997,,,,,
dataflow,ESTAT:MIGR_RESFIRST(1.0),"First permits by reason, length of validity and citizenship",A,Annual,TOTAL,Total,MU,Mauritius,TOTAL,Total,PER,Person,EU28,European Union - 28 countries (2013-2020),2015,,2893,,,,,
dataflow,ESTAT:MIGR_RESFIRST(1.0),"First permits by reason, length of validity and citizenship",A,Annual,TOTAL,Total,MU,Mauritius,TOTAL,Total,PER,Person,EU28,European Union - 28 countries (2013-2020),2016,,2909,,,,,
dataflow,ESTAT:MIGR_RESFIRST(1.0),"First permits by reason, length of validity and citizenship",A,Annual,TOTAL,Total,MU,Mauritius,TOTAL,Total,PER,Person,EU28,European Union - 28 countries (2013-2020),2017,,2893,,,,,
dataflow,ESTAT:MIGR_RESFIRST(1.0),"First permits by reason, length of validity and citizenship",A,Annual,TOTAL,Total,MU,Mauritius,TOTAL,Total,PER,Person,EU28,European Union - 28 countries (2013-2020),2018,,2920,,,,,
dataflow,ESTAT:MIGR_RESFIRST(1.0),"First permits by reason, length of validity and citizenship",A,Annual,TOTAL,Total,MV,Maldives,TOTAL,Total,PER,Person,EU27_2020,European Union - 27 countries (from 2020),2013,,28,,,,,
dataflow,ESTAT:MIGR_RESFIRST(1.0),"First permits by reason, length of validity and citizenship",A,Annual,TOTAL,Total,MV,Maldives,TOTAL,Total,PER,Person,EU27_2020,European Union - 27 countries (from 2020),2014,,35,,,,,
dataflow,ESTAT:MIGR_RESFIRST(1.0),"First permits by reason, length of validity and citizenship",A,Annual,TOTAL,Total,MV,Maldives,TOTAL,Total,PER,Person,EU27_2020,European Union - 27 countries (from 2020),2015,,37,,,,,
dataflow,ESTAT:MIGR_RESFIRST(1.0),"First permits by reason, length of validity and citizenship",A,Annual,TOTAL,Total,MV,Maldives,TOTAL,Total,PER,Person,EU27_2020,European Union - 27 countries (from 2020),2016,,50,,,,,
dataflow,ESTAT:MIGR_RESFIRST(1.0),"First permits by reason, length of validity and citizenship",A,Annual,TOTAL,Total,MV,Maldives,TOTAL,Total,PER,Person,EU27_2020,European Union - 27 countries (from 2020),2017,,48,,,,,
dataflow,ESTAT:MIGR_RESFIRST(1.0),"First permits by reason, length of validity and citizenship",A,Annual,TOTAL,Total,MV,Maldives,TOTAL,Total,PER,Person,EU27_2020,European Union - 27 countries (from 2020),2018,,50,,,,,
dataflow,ESTAT:MIGR_RESFIRST(1.0),"First permits by reason, length of validity and citizenship",A,Annual,TOTAL,Total,MV,Maldives,TOTAL,Total,PER,Person,EU27_2020,European Union - 27 countries (from 2020),2019,,83,,,,,
dataflow,ESTAT:MIGR_RESFIRST(1.0),"First permits by reason, length of validity and citizenship",A,Annual,TOTAL,Total,MV,Maldives,TOTAL,Total,PER,Person,EU27_2020,European Union - 27 countries (from 2020),2020,,54,,,,,
dataflow,ESTAT:MIGR_RESFIRST(1.0),"First permits by reason, length of validity and citizenship",A,Annual,TOTAL,Total,MV,Maldives,TOTAL,Total,PER,Person,EU27_2020,European Union - 27 countries (from 2020),2021,,68,,,,,
dataflow,ESTAT:MIGR_RESFIRST(1.0),"First permits by reason, length of validity and citizenship",A,Annual,TOTAL,Total,MV,Maldives,TOTAL,Total,PER,Person,EU27_2020,European Union - 27 countries (from 2020),2022,,127,,,,,
dataflow,ESTAT:MIGR_RESFIRST(1.0),"First permits by reason, length of validity and citizenship",A,Annual,TOTAL,Total,MV,Maldives,TOTAL,Total,PER,Person,EU27_2020,European Union - 27 countries (from 2020),2023,,123,,,,,
dataflow,ESTAT:MIGR_RESFIRST(1.0),"First permits by reason, length of validity and citizenship",A,Annual,TOTAL,Total,MV,Maldives,TOTAL,Total,PER,Person,EU28,European Union - 28 countries (2013-2020),2013,,148,,,,,
dataflow,ESTAT:MIGR_RESFIRST(1.0),"First permits by reason, length of validity and citizenship",A,Annual,TOTAL,Total,MV,Maldives,TOTAL,Total,PER,Person,EU28,European Union - 28 countries (2013-2020),2014,,218,,,,,
dataflow,ESTAT:MIGR_RESFIRST(1.0),"First permits by reason, length of validity and citizenship",A,Annual,TOTAL,Total,MV,Maldives,TOTAL,Total,PER,Person,EU28,European Union - 28 countries (2013-2020),2015,,166,,,,,
dataflow,ESTAT:MIGR_RESFIRST(1.0),"First permits by reason, length of validity and citizenship",A,Annual,TOTAL,Total,MV,Maldives,TOTAL,Total,PER,Person,EU28,European Union - 28 countries (2013-2020),2016,,195,,,,,
dataflow,ESTAT:MIGR_RESFIRST(1.0),"First permits by reason, length of validity and citizenship",A,Annual,TOTAL,Total,MV,Maldives,TOTAL,Total,PER,Person,EU28,European Union - 28 countries (2013-2020),2017,,188,,,,,
dataflow,ESTAT:MIGR_RESFIRST(1.0),"First permits by reason, length of validity and citizenship",A,Annual,TOTAL,Total,MV,Maldives,TOTAL,Total,PER,Person,EU28,European Union - 28 countries (2013-2020),2018,,205,,,,,
dataflow,ESTAT:MIGR_RESFIRST(1.0),"First permits by reason, length of validity and citizenship",A,Annual,TOTAL,Total,MW,Malawi,TOTAL,Total,PER,Person,EU27_2020,European Union - 27 countries (from 2020),2013,,395,,,,,
dataflow,ESTAT:MIGR_RESFIRST(1.0),"First permits by reason, length of validity and citizenship",A,Annual,TOTAL,Total,MW,Malawi,TOTAL,Total,PER,Person,EU27_2020,European Union - 27 countries (from 2020),2014,,334,,,,,
dataflow,ESTAT:MIGR_RESFIRST(1.0),"First permits by reason, length of validity and citizenship",A,Annual,TOTAL,Total,MW,Malawi,TOTAL,Total,PER,Person,EU27_2020,European Union - 27 countries (from 2020),2015,,237,,,,,
dataflow,ESTAT:MIGR_RESFIRST(1.0),"First permits by reason, length of validity and citizenship",A,Annual,TOTAL,Total,MW,Malawi,TOTAL,Total,PER,Person,EU27_2020,European Union - 27 countries (from 2020),2016,,212,,,,,
dataflow,ESTAT:MIGR_RESFIRST(1.0),"First permits by reason, length of validity and citizenship",A,Annual,TOTAL,Total,MW,Malawi,TOTAL,Total,PER,Person,EU27_2020,European Union - 27 countries (from 2020),2017,,176,,,,,
dataflow,ESTAT:MIGR_RESFIRST(1.0),"First permits by reason, length of validity and citizenship",A,Annual,TOTAL,Total,MW,Malawi,TOTAL,Total,PER,Person,EU27_2020,European Union - 27 countries (from 2020),2018,,230,,,,,
dataflow,ESTAT:MIGR_RESFIRST(1.0),"First permits by reason, length of validity and citizenship",A,Annual,TOTAL,Total,MW,Malawi,TOTAL,Total,PER,Person,EU27_2020,European Union - 27 countries (from 2020),2019,,233,,,,,
dataflow,ESTAT:MIGR_RESFIRST(1.0),"First permits by reason, length of validity and citizenship",A,Annual,TOTAL,Total,MW,Malawi,TOTAL,Total,PER,Person,EU27_2020,European Union - 27 countries (from 2020),2020,,153,,,,,
dataflow,ESTAT:MIGR_RESFIRST(1.0),"First permits by reason, length of validity and citizenship",A,Annual,TOTAL,Total,MW,Malawi,TOTAL,Total,PER,Person,EU27_2020,European Union - 27 countries (from 2020),2021,,233,,,,,
dataflow,ESTAT:MIGR_RESFIRST(1.0),"First permits by reason, length of validity and citizenship",A,Annual,TOTAL,Total,MW,Malawi,TOTAL,Total,PER,Person,EU27_2020,European Union - 27 countries (from 2020),2022,,396,,,,,
dataflow,ESTAT:MIGR_RESFIRST(1.0),"First permits by reason, length of validity and citizenship",A,Annual,TOTAL,Total,MW,Malawi,TOTAL,Total,PER,Person,EU27_2020,European Union - 27 countries (from 2020),2023,,362,,,,,
dataflow,ESTAT:MIGR_RESFIRST(1.0),"First permits by reason, length of validity and citizenship",A,Annual,TOTAL,Total,MW,Malawi,TOTAL,Total,PER,Person,EU28,European Union - 28 countries (2013-2020),2013,,833,,,,,
dataflow,ESTAT:MIGR_RESFIRST(1.0),"First permits by reason, length of validity and citizenship",A,Annual,TOTAL,Total,MW,Malawi,TOTAL,Total,PER,Person,EU28,European Union - 28 countries (2013-2020),2014,,643,,,,,
dataflow,ESTAT:MIGR_RESFIRST(1.0),"First permits by reason, length of validity and citizenship",A,Annual,TOTAL,Total,MW,Malawi,TOTAL,Total,PER,Person,EU28,European Union - 28 countries (2013-2020),2015,,578,,,,,
dataflow,ESTAT:MIGR_RESFIRST(1.0),"First permits by reason, length of validity and citizenship",A,Annual,TOTAL,Total,MW,Malawi,TOTAL,Total,PER,Person,EU28,European Union - 28 countries (2013-2020),2016,,498,,,,,
dataflow,ESTAT:MIGR_RESFIRST(1.0),"First permits by reason, length of validity and citizenship",A,Annual,TOTAL,Total,MW,Malawi,TOTAL,Total,PER,Person,EU28,European Union - 28 countries (2013-2020),2017,,572,,,,,
dataflow,ESTAT:MIGR_RESFIRST(1.0),"First permits by reason, length of validity and citizenship",A,Annual,TOTAL,Total,MW,Malawi,TOTAL,Total,PER,Person,EU28,European Union - 28 countries (2013-2020),2018,,459,,,,,
dataflow,ESTAT:MIGR_RESFIRST(1.0),"First permits by reason, length of validity and citizenship",A,Annual,TOTAL,Total,MX,Mexico,TOTAL,Total,PER,Person,EU27_2020,European Union - 27 countries (from 2020),2013,,12807,,,,,
dataflow,ESTAT:MIGR_RESFIRST(1.0),"First permits by reason, length of validity and citizenship",A,Annual,TOTAL,Total,MX,Mexico,TOTAL,Total,PER,Person,EU27_2020,European Union - 27 countries (from 2020),2014,,13932,,,,,
dataflow,ESTAT:MIGR_RESFIRST(1.0),"First permits by reason, length of validity and citizenship",A,Annual,TOTAL,Total,MX,Mexico,TOTAL,Total,PER,Person,EU27_2020,European Union - 27 countries (from 2020),2015,,14198,,,,,
dataflow,ESTAT:MIGR_RESFIRST(1.0),"First permits by reason, length of validity and citizenship",A,Annual,TOTAL,Total,MX,Mexico,TOTAL,Total,PER,Person,EU27_2020,European Union - 27 countries (from 2020),2016,,14489,,,,,
dataflow,ESTAT:MIGR_RESFIRST(1.0),"First permits by reason, length of validity and citizenship",A,Annual,TOTAL,Total,MX,Mexico,TOTAL,Total,PER,Person,EU27_2020,European Union - 27 countries (from 2020),2017,,15544,,,,,
dataflow,ESTAT:MIGR_RESFIRST(1.0),"First permits by reason, length of validity and citizenship",A,Annual,TOTAL,Total,MX,Mexico,TOTAL,Total,PER,Person,EU27_2020,European Union - 27 countries (from 2020),2018,,17131,,,,,
dataflow,ESTAT:MIGR_RESFIRST(1.0),"First permits by reason, length of validity and citizenship",A,Annual,TOTAL,Total,MX,Mexico,TOTAL,Total,PER,Person,EU27_2020,European Union - 27 countries (from 2020),2019,,18211,,,,,
dataflow,ESTAT:MIGR_RESFIRST(1.0),"First permits by reason, length of validity and citizenship",A,Annual,TOTAL,Total,MX,Mexico,TOTAL,Total,PER,Person,EU27_2020,European Union - 27 countries (from 2020),2020,,12197,,,,,
dataflow,ESTAT:MIGR_RESFIRST(1.0),"First permits by reason, length of validity and citizenship",A,Annual,TOTAL,Total,MX,Mexico,TOTAL,Total,PER,Person,EU27_2020,European Union - 27 countries (from 2020),2021,,16429,,,,,
dataflow,ESTAT:MIGR_RESFIRST(1.0),"First permits by reason, length of validity and citizenship",A,Annual,TOTAL,Total,MX,Mexico,TOTAL,Total,PER,Person,EU27_2020,European Union - 27 countries (from 2020),2022,,22643,,,,,
dataflow,ESTAT:MIGR_RESFIRST(1.0),"First permits by reason, length of validity and citizenship",A,Annual,TOTAL,Total,MX,Mexico,TOTAL,Total,PER,Person,EU27_2020,European Union - 27 countries (from 2020),2023,,23693,,,,,
dataflow,ESTAT:MIGR_RESFIRST(1.0),"First permits by reason, length of validity and citizenship",A,Annual,TOTAL,Total,MX,Mexico,TOTAL,Total,PER,Person,EU28,European Union - 28 countries (2013-2020),2013,,16673,,,,,
dataflow,ESTAT:MIGR_RESFIRST(1.0),"First permits by reason, length of validity and citizenship",A,Annual,TOTAL,Total,MX,Mexico,TOTAL,Total,PER,Person,EU28,European Union - 28 countries (2013-2020),2014,,16288,,,,,
dataflow,ESTAT:MIGR_RESFIRST(1.0),"First permits by reason, length of validity and citizenship",A,Annual,TOTAL,Total,MX,Mexico,TOTAL,Total,PER,Person,EU28,European Union - 28 countries (2013-2020),2015,,17494,,,,,
dataflow,ESTAT:MIGR_RESFIRST(1.0),"First permits by reason, length of validity and citizenship",A,Annual,TOTAL,Total,MX,Mexico,TOTAL,Total,PER,Person,EU28,European Union - 28 countries (2013-2020),2016,,17289,,,,,
dataflow,ESTAT:MIGR_RESFIRST(1.0),"First permits by reason, length of validity and citizenship",A,Annual,TOTAL,Total,MX,Mexico,TOTAL,Total,PER,Person,EU28,European Union - 28 countries (2013-2020),2017,,18495,,,,,
dataflow,ESTAT:MIGR_RESFIRST(1.0),"First permits by reason, length of validity and citizenship",A,Annual,TOTAL,Total,MX,Mexico,TOTAL,Total,PER,Person,EU28,European Union - 28 countries (2013-2020),2018,,19610,,,,,
dataflow,ESTAT:MIGR_RESFIRST(1.0),"First permits by reason, length of validity and citizenship",A,Annual,TOTAL,Total,MY,Malaysia,TOTAL,Total,PER,Person,EU27_2020,European Union - 27 countries (from 2020),2013,,2687,,,,,
dataflow,ESTAT:MIGR_RESFIRST(1.0),"First permits by reason, length of validity and citizenship",A,Annual,TOTAL,Total,MY,Malaysia,TOTAL,Total,PER,Person,EU27_2020,European Union - 27 countries (from 2020),2014,,2688,,,,,
dataflow,ESTAT:MIGR_RESFIRST(1.0),"First permits by reason, length of validity and citizenship",A,Annual,TOTAL,Total,MY,Malaysia,TOTAL,Total,PER,Person,EU27_2020,European Union - 27 countries (from 2020),2015,,2507,,,,,
dataflow,ESTAT:MIGR_RESFIRST(1.0),"First permits by reason, length of validity and citizenship",A,Annual,TOTAL,Total,MY,Malaysia,TOTAL,Total,PER,Person,EU27_2020,European Union - 27 countries (from 2020),2016,,2936,,,,,
dataflow,ESTAT:MIGR_RESFIRST(1.0),"First permits by reason, length of validity and citizenship",A,Annual,TOTAL,Total,MY,Malaysia,TOTAL,Total,PER,Person,EU27_2020,European Union - 27 countries (from 2020),2017,,2956,,,,,
dataflow,ESTAT:MIGR_RESFIRST(1.0),"First permits by reason, length of validity and citizenship",A,Annual,TOTAL,Total,MY,Malaysia,TOTAL,Total,PER,Person,EU27_2020,European Union - 27 countries (from 2020),2018,,3097,,,,,
dataflow,ESTAT:MIGR_RESFIRST(1.0),"First permits by reason, length of validity and citizenship",A,Annual,TOTAL,Total,MY,Malaysia,TOTAL,Total,PER,Person,EU27_2020,European Union - 27 countries (from 2020),2019,,3160,,,,,
dataflow,ESTAT:MIGR_RESFIRST(1.0),"First permits by reason, length of validity and citizenship",A,Annual,TOTAL,Total,MY,Malaysia,TOTAL,Total,PER,Person,EU27_2020,European Union - 27 countries (from 2020),2020,,1934,,,,,
dataflow,ESTAT:MIGR_RESFIRST(1.0),"First permits by reason, length of validity and citizenship",A,Annual,TOTAL,Total,MY,Malaysia,TOTAL,Total,PER,Person,EU27_2020,European Union - 27 countries (from 2020),2021,,2475,,,,,
dataflow,ESTAT:MIGR_RESFIRST(1.0),"First permits by reason, length of validity and citizenship",A,Annual,TOTAL,Total,MY,Malaysia,TOTAL,Total,PER,Person,EU27_2020,European Union - 27 countries (from 2020),2022,,4007,,,,,
dataflow,ESTAT:MIGR_RESFIRST(1.0),"First permits by reason, length of validity and citizenship",A,Annual,TOTAL,Total,MY,Malaysia,TOTAL,Total,PER,Person,EU27_2020,European Union - 27 countries (from 2020),2023,,3902,,,,,
dataflow,ESTAT:MIGR_RESFIRST(1.0),"First permits by reason, length of validity and citizenship",A,Annual,TOTAL,Total,MY,Malaysia,TOTAL,Total,PER,Person,EU28,European Union - 28 countries (2013-2020),2013,,13152,,,,,
dataflow,ESTAT:MIGR_RESFIRST(1.0),"First permits by reason, length of validity and citizenship",A,Annual,TOTAL,Total,MY,Malaysia,TOTAL,Total,PER,Person,EU28,European Union - 28 countries (2013-2020),2014,,13763,,,,,
dataflow,ESTAT:MIGR_RESFIRST(1.0),"First permits by reason, length of validity and citizenship",A,Annual,TOTAL,Total,MY,Malaysia,TOTAL,Total,PER,Person,EU28,European Union - 28 countries (2013-2020),2015,,13163,,,,,
dataflow,ESTAT:MIGR_RESFIRST(1.0),"First permits by reason, length of validity and citizenship",A,Annual,TOTAL,Total,MY,Malaysia,TOTAL,Total,PER,Person,EU28,European Union - 28 countries (2013-2020),2016,,12060,,,,,
dataflow,ESTAT:MIGR_RESFIRST(1.0),"First permits by reason, length of validity and citizenship",A,Annual,TOTAL,Total,MY,Malaysia,TOTAL,Total,PER,Person,EU28,European Union - 28 countries (2013-2020),2017,,11958,,,,,
dataflow,ESTAT:MIGR_RESFIRST(1.0),"First permits by reason, length of validity and citizenship",A,Annual,TOTAL,Total,MY,Malaysia,TOTAL,Total,PER,Person,EU28,European Union - 28 countries (2013-2020),2018,,11162,,,,,
dataflow,ESTAT:MIGR_RESFIRST(1.0),"First permits by reason, length of validity and citizenship",A,Annual,TOTAL,Total,MZ,Mozambique,TOTAL,Total,PER,Person,EU27_2020,European Union - 27 countries (from 2020),2013,,510,,,,,
dataflow,ESTAT:MIGR_RESFIRST(1.0),"First permits by reason, length of validity and citizenship",A,Annual,TOTAL,Total,MZ,Mozambique,TOTAL,Total,PER,Person,EU27_2020,European Union - 27 countries (from 2020),2014,,577,,,,,
dataflow,ESTAT:MIGR_RESFIRST(1.0),"First permits by reason, length of validity and citizenship",A,Annual,TOTAL,Total,MZ,Mozambique,TOTAL,Total,PER,Person,EU27_2020,European Union - 27 countries (from 2020),2015,,595,,,,,
dataflow,ESTAT:MIGR_RESFIRST(1.0),"First permits by reason, length of validity and citizenship",A,Annual,TOTAL,Total,MZ,Mozambique,TOTAL,Total,PER,Person,EU27_2020,European Union - 27 countries (from 2020),2016,,590,,,,,
dataflow,ESTAT:MIGR_RESFIRST(1.0),"First permits by reason, length of validity and citizenship",A,Annual,TOTAL,Total,MZ,Mozambique,TOTAL,Total,PER,Person,EU27_2020,European Union - 27 countries (from 2020),2017,,602,,,,,
dataflow,ESTAT:MIGR_RESFIRST(1.0),"First permits by reason, length of validity and citizenship",A,Annual,TOTAL,Total,MZ,Mozambique,TOTAL,Total,PER,Person,EU27_2020,European Union - 27 countries (from 2020),2018,,757,,,,,
dataflow,ESTAT:MIGR_RESFIRST(1.0),"First permits by reason, length of validity and citizenship",A,Annual,TOTAL,Total,MZ,Mozambique,TOTAL,Total,PER,Person,EU27_2020,European Union - 27 countries (from 2020),2019,,935,,,,,
dataflow,ESTAT:MIGR_RESFIRST(1.0),"First permits by reason, length of validity and citizenship",A,Annual,TOTAL,Total,MZ,Mozambique,TOTAL,Total,PER,Person,EU27_2020,European Union - 27 countries (from 2020),2020,,943,,,,,
dataflow,ESTAT:MIGR_RESFIRST(1.0),"First permits by reason, length of validity and citizenship",A,Annual,TOTAL,Total,MZ,Mozambique,TOTAL,Total,PER,Person,EU27_2020,European Union - 27 countries (from 2020),2021,,1186,,,,,
dataflow,ESTAT:MIGR_RESFIRST(1.0),"First permits by reason, length of validity and citizenship",A,Annual,TOTAL,Total,MZ,Mozambique,TOTAL,Total,PER,Person,EU27_2020,European Union - 27 countries (from 2020),2022,,1700,,,,,
dataflow,ESTAT:MIGR_RESFIRST(1.0),"First permits by reason, length of validity and citizenship",A,Annual,TOTAL,Total,MZ,Mozambique,TOTAL,Total,PER,Person,EU27_2020,European Union - 27 countries (from 2020),2023,,1866,,,,,
dataflow,ESTAT:MIGR_RESFIRST(1.0),"First permits by reason, length of validity and citizenship",A,Annual,TOTAL,Total,MZ,Mozambique,TOTAL,Total,PER,Person,EU28,European Union - 28 countries (2013-2020),2013,,638,,,,,
dataflow,ESTAT:MIGR_RESFIRST(1.0),"First permits by reason, length of validity and citizenship",A,Annual,TOTAL,Total,MZ,Mozambique,TOTAL,Total,PER,Person,EU28,European Union - 28 countries (2013-2020),2014,,677,,,,,
dataflow,ESTAT:MIGR_RESFIRST(1.0),"First permits by reason, length of validity and citizenship",A,Annual,TOTAL,Total,MZ,Mozambique,TOTAL,Total,PER,Person,EU28,European Union - 28 countries (2013-2020),2015,,736,,,,,
dataflow,ESTAT:MIGR_RESFIRST(1.0),"First permits by reason, length of validity and citizenship",A,Annual,TOTAL,Total,MZ,Mozambique,TOTAL,Total,PER,Person,EU28,European Union - 28 countries (2013-2020),2016,,720,,,,,
dataflow,ESTAT:MIGR_RESFIRST(1.0),"First permits by reason, length of validity and citizenship",A,Annual,TOTAL,Total,MZ,Mozambique,TOTAL,Total,PER,Person,EU28,European Union - 28 countries (2013-2020),2017,,862,,,,,
dataflow,ESTAT:MIGR_RESFIRST(1.0),"First permits by reason, length of validity and citizenship",A,Annual,TOTAL,Total,MZ,Mozambique,TOTAL,Total,PER,Person,EU28,European Union - 28 countries (2013-2020),2018,,864,,,,,
dataflow,ESTAT:MIGR_RESFIRST(1.0),"First permits by reason, length of validity and citizenship",A,Annual,TOTAL,Total,NA,Namibia,TOTAL,Total,PER,Person,EU27_2020,European Union - 27 countries (from 2020),2013,,179,,,,,
dataflow,ESTAT:MIGR_RESFIRST(1.0),"First permits by reason, length of validity and citizenship",A,Annual,TOTAL,Total,NA,Namibia,TOTAL,Total,PER,Person,EU27_2020,European Union - 27 countries (from 2020),2014,,169,,,,,
dataflow,ESTAT:MIGR_RESFIRST(1.0),"First permits by reason, length of validity and citizenship",A,Annual,TOTAL,Total,NA,Namibia,TOTAL,Total,PER,Person,EU27_2020,European Union - 27 countries (from 2020),2015,,144,,,,,
dataflow,ESTAT:MIGR_RESFIRST(1.0),"First permits by reason, length of validity and citizenship",A,Annual,TOTAL,Total,NA,Namibia,TOTAL,Total,PER,Person,EU27_2020,European Union - 27 countries (from 2020),2016,,225,,,,,
dataflow,ESTAT:MIGR_RESFIRST(1.0),"First permits by reason, length of validity and citizenship",A,Annual,TOTAL,Total,NA,Namibia,TOTAL,Total,PER,Person,EU27_2020,European Union - 27 countries (from 2020),2017,,239,,,,,
dataflow,ESTAT:MIGR_RESFIRST(1.0),"First permits by reason, length of validity and citizenship",A,Annual,TOTAL,Total,NA,Namibia,TOTAL,Total,PER,Person,EU27_2020,European Union - 27 countries (from 2020),2018,,261,,,,,
dataflow,ESTAT:MIGR_RESFIRST(1.0),"First permits by reason, length of validity and citizenship",A,Annual,TOTAL,Total,NA,Namibia,TOTAL,Total,PER,Person,EU27_2020,European Union - 27 countries (from 2020),2019,,296,,,,,
dataflow,ESTAT:MIGR_RESFIRST(1.0),"First permits by reason, length of validity and citizenship",A,Annual,TOTAL,Total,NA,Namibia,TOTAL,Total,PER,Person,EU27_2020,European Union - 27 countries (from 2020),2020,,227,,,,,
dataflow,ESTAT:MIGR_RESFIRST(1.0),"First permits by reason, length of validity and citizenship",A,Annual,TOTAL,Total,NA,Namibia,TOTAL,Total,PER,Person,EU27_2020,European Union - 27 countries (from 2020),2021,,301,,,,,
dataflow,ESTAT:MIGR_RESFIRST(1.0),"First permits by reason, length of validity and citizenship",A,Annual,TOTAL,Total,NA,Namibia,TOTAL,Total,PER,Person,EU27_2020,European Union - 27 countries (from 2020),2022,,437,,,,,
dataflow,ESTAT:MIGR_RESFIRST(1.0),"First permits by reason, length of validity and citizenship",A,Annual,TOTAL,Total,NA,Namibia,TOTAL,Total,PER,Person,EU27_2020,European Union - 27 countries (from 2020),2023,,484,,,,,
dataflow,ESTAT:MIGR_RESFIRST(1.0),"First permits by reason, length of validity and citizenship",A,Annual,TOTAL,Total,NA,Namibia,TOTAL,Total,PER,Person,EU28,European Union - 28 countries (2013-2020),2013,,312,,,,,
dataflow,ESTAT:MIGR_RESFIRST(1.0),"First permits by reason, length of validity and citizenship",A,Annual,TOTAL,Total,NA,Namibia,TOTAL,Total,PER,Person,EU28,European Union - 28 countries (2013-2020),2014,,355,,,,,
dataflow,ESTAT:MIGR_RESFIRST(1.0),"First permits by reason, length of validity and citizenship",A,Annual,TOTAL,Total,NA,Namibia,TOTAL,Total,PER,Person,EU28,European Union - 28 countries (2013-2020),2015,,271,,,,,
dataflow,ESTAT:MIGR_RESFIRST(1.0),"First permits by reason, length of validity and citizenship",A,Annual,TOTAL,Total,NA,Namibia,TOTAL,Total,PER,Person,EU28,European Union - 28 countries (2013-2020),2016,,357,,,,,
dataflow,ESTAT:MIGR_RESFIRST(1.0),"First permits by reason, length of validity and citizenship",A,Annual,TOTAL,Total,NA,Namibia,TOTAL,Total,PER,Person,EU28,European Union - 28 countries (2013-2020),2017,,438,,,,,
dataflow,ESTAT:MIGR_RESFIRST(1.0),"First permits by reason, length of validity and citizenship",A,Annual,TOTAL,Total,NA,Namibia,TOTAL,Total,PER,Person,EU28,European Union - 28 countries (2013-2020),2018,,397,,,,,
dataflow,ESTAT:MIGR_RESFIRST(1.0),"First permits by reason, length of validity and citizenship",A,Annual,TOTAL,Total,NE,Niger,TOTAL,Total,PER,Person,EU27_2020,European Union - 27 countries (from 2020),2013,,651,,,,,
dataflow,ESTAT:MIGR_RESFIRST(1.0),"First permits by reason, length of validity and citizenship",A,Annual,TOTAL,Total,NE,Niger,TOTAL,Total,PER,Person,EU27_2020,European Union - 27 countries (from 2020),2014,,652,,,,,
dataflow,ESTAT:MIGR_RESFIRST(1.0),"First permits by reason, length of validity and citizenship",A,Annual,TOTAL,Total,NE,Niger,TOTAL,Total,PER,Person,EU27_2020,European Union - 27 countries (from 2020),2015,,648,,,,,
dataflow,ESTAT:MIGR_RESFIRST(1.0),"First permits by reason, length of validity and citizenship",A,Annual,TOTAL,Total,NE,Niger,TOTAL,Total,PER,Person,EU27_2020,European Union - 27 countries (from 2020),2016,,864,,,,,
dataflow,ESTAT:MIGR_RESFIRST(1.0),"First permits by reason, length of validity and citizenship",A,Annual,TOTAL,Total,NE,Niger,TOTAL,Total,PER,Person,EU27_2020,European Union - 27 countries (from 2020),2017,,1080,,,,,
dataflow,ESTAT:MIGR_RESFIRST(1.0),"First permits by reason, length of validity and citizenship",A,Annual,TOTAL,Total,NE,Niger,TOTAL,Total,PER,Person,EU27_2020,European Union - 27 countries (from 2020),2018,,955,,,,,
dataflow,ESTAT:MIGR_RESFIRST(1.0),"First permits by reason, length of validity and citizenship",A,Annual,TOTAL,Total,NE,Niger,TOTAL,Total,PER,Person,EU27_2020,European Union - 27 countries (from 2020),2019,,957,,,,,
dataflow,ESTAT:MIGR_RESFIRST(1.0),"First permits by reason, length of validity and citizenship",A,Annual,TOTAL,Total,NE,Niger,TOTAL,Total,PER,Person,EU27_2020,European Union - 27 countries (from 2020),2020,,754,,,,,
dataflow,ESTAT:MIGR_RESFIRST(1.0),"First permits by reason, length of validity and citizenship",A,Annual,TOTAL,Total,NE,Niger,TOTAL,Total,PER,Person,EU27_2020,European Union - 27 countries (from 2020),2021,,1041,,,,,
dataflow,ESTAT:MIGR_RESFIRST(1.0),"First permits by reason, length of validity and citizenship",A,Annual,TOTAL,Total,NE,Niger,TOTAL,Total,PER,Person,EU27_2020,European Union - 27 countries (from 2020),2022,,1187,,,,,
dataflow,ESTAT:MIGR_RESFIRST(1.0),"First permits by reason, length of validity and citizenship",A,Annual,TOTAL,Total,NE,Niger,TOTAL,Total,PER,Person,EU27_2020,European Union - 27 countries (from 2020),2023,,864,,,,,
dataflow,ESTAT:MIGR_RESFIRST(1.0),"First permits by reason, length of validity and citizenship",A,Annual,TOTAL,Total,NE,Niger,TOTAL,Total,PER,Person,EU28,European Union - 28 countries (2013-2020),2013,,682,,,,,
dataflow,ESTAT:MIGR_RESFIRST(1.0),"First permits by reason, length of validity and citizenship",A,Annual,TOTAL,Total,NE,Niger,TOTAL,Total,PER,Person,EU28,European Union - 28 countries (2013-2020),2014,,675,,,,,
dataflow,ESTAT:MIGR_RESFIRST(1.0),"First permits by reason, length of validity and citizenship",A,Annual,TOTAL,Total,NE,Niger,TOTAL,Total,PER,Person,EU28,European Union - 28 countries (2013-2020),2015,,673,,,,,
dataflow,ESTAT:MIGR_RESFIRST(1.0),"First permits by reason, length of validity and citizenship",A,Annual,TOTAL,Total,NE,Niger,TOTAL,Total,PER,Person,EU28,European Union - 28 countries (2013-2020),2016,,871,,,,,
dataflow,ESTAT:MIGR_RESFIRST(1.0),"First permits by reason, length of validity and citizenship",A,Annual,TOTAL,Total,NE,Niger,TOTAL,Total,PER,Person,EU28,European Union - 28 countries (2013-2020),2017,,1106,,,,,
dataflow,ESTAT:MIGR_RESFIRST(1.0),"First permits by reason, length of validity and citizenship",A,Annual,TOTAL,Total,NE,Niger,TOTAL,Total,PER,Person,EU28,European Union - 28 countries (2013-2020),2018,,973,,,,,
dataflow,ESTAT:MIGR_RESFIRST(1.0),"First permits by reason, length of validity and citizenship",A,Annual,TOTAL,Total,NG,Nigeria,TOTAL,Total,PER,Person,EU27_2020,European Union - 27 countries (from 2020),2013,,16302,,,,,
dataflow,ESTAT:MIGR_RESFIRST(1.0),"First permits by reason, length of validity and citizenship",A,Annual,TOTAL,Total,NG,Nigeria,TOTAL,Total,PER,Person,EU27_2020,European Union - 27 countries (from 2020),2014,,15768,,,,,
dataflow,ESTAT:MIGR_RESFIRST(1.0),"First permits by reason, length of validity and citizenship",A,Annual,TOTAL,Total,NG,Nigeria,TOTAL,Total,PER,Person,EU27_2020,European Union - 27 countries (from 2020),2015,,16177,,,,,
dataflow,ESTAT:MIGR_RESFIRST(1.0),"First permits by reason, length of validity and citizenship",A,Annual,TOTAL,Total,NG,Nigeria,TOTAL,Total,PER,Person,EU27_2020,European Union - 27 countries (from 2020),2016,,32169,,,,,
dataflow,ESTAT:MIGR_RESFIRST(1.0),"First permits by reason, length of validity and citizenship",A,Annual,TOTAL,Total,NG,Nigeria,TOTAL,Total,PER,Person,EU27_2020,European Union - 27 countries (from 2020),2017,,40395,,,,,
dataflow,ESTAT:MIGR_RESFIRST(1.0),"First permits by reason, length of validity and citizenship",A,Annual,TOTAL,Total,NG,Nigeria,TOTAL,Total,PER,Person,EU27_2020,European Union - 27 countries (from 2020),2018,,31490,,,,,
dataflow,ESTAT:MIGR_RESFIRST(1.0),"First permits by reason, length of validity and citizenship",A,Annual,TOTAL,Total,NG,Nigeria,TOTAL,Total,PER,Person,EU27_2020,European Union - 27 countries (from 2020),2019,,28851,,,,,
dataflow,ESTAT:MIGR_RESFIRST(1.0),"First permits by reason, length of validity and citizenship",A,Annual,TOTAL,Total,NG,Nigeria,TOTAL,Total,PER,Person,EU27_2020,European Union - 27 countries (from 2020),2020,,23595,,,,,
dataflow,ESTAT:MIGR_RESFIRST(1.0),"First permits by reason, length of validity and citizenship",A,Annual,TOTAL,Total,NG,Nigeria,TOTAL,Total,PER,Person,EU27_2020,European Union - 27 countries (from 2020),2021,,32374,,,,,
dataflow,ESTAT:MIGR_RESFIRST(1.0),"First permits by reason, length of validity and citizenship",A,Annual,TOTAL,Total,NG,Nigeria,TOTAL,Total,PER,Person,EU27_2020,European Union - 27 countries (from 2020),2022,,37099,,,,,
dataflow,ESTAT:MIGR_RESFIRST(1.0),"First permits by reason, length of validity and citizenship",A,Annual,TOTAL,Total,NG,Nigeria,TOTAL,Total,PER,Person,EU27_2020,European Union - 27 countries (from 2020),2023,,36342,,,,,
dataflow,ESTAT:MIGR_RESFIRST(1.0),"First permits by reason, length of validity and citizenship",A,Annual,TOTAL,Total,NG,Nigeria,TOTAL,Total,PER,Person,EU28,European Union - 28 countries (2013-2020),2013,,32463,,,,,
dataflow,ESTAT:MIGR_RESFIRST(1.0),"First permits by reason, length of validity and citizenship",A,Annual,TOTAL,Total,NG,Nigeria,TOTAL,Total,PER,Person,EU28,European Union - 28 countries (2013-2020),2014,,31153,,,,,
dataflow,ESTAT:MIGR_RESFIRST(1.0),"First permits by reason, length of validity and citizenship",A,Annual,TOTAL,Total,NG,Nigeria,TOTAL,Total,PER,Person,EU28,European Union - 28 countries (2013-2020),2015,,29946,,,,,
dataflow,ESTAT:MIGR_RESFIRST(1.0),"First permits by reason, length of validity and citizenship",A,Annual,TOTAL,Total,NG,Nigeria,TOTAL,Total,PER,Person,EU28,European Union - 28 countries (2013-2020),2016,,43762,,,,,
dataflow,ESTAT:MIGR_RESFIRST(1.0),"First permits by reason, length of validity and citizenship",A,Annual,TOTAL,Total,NG,Nigeria,TOTAL,Total,PER,Person,EU28,European Union - 28 countries (2013-2020),2017,,51628,,,,,
dataflow,ESTAT:MIGR_RESFIRST(1.0),"First permits by reason, length of validity and citizenship",A,Annual,TOTAL,Total,NG,Nigeria,TOTAL,Total,PER,Person,EU28,European Union - 28 countries (2013-2020),2018,,43221,,,,,
dataflow,ESTAT:MIGR_RESFIRST(1.0),"First permits by reason, length of validity and citizenship",A,Annual,TOTAL,Total,NI,Nicaragua,TOTAL,Total,PER,Person,EU27_2020,European Union - 27 countries (from 2020),2013,,2815,,,,,
dataflow,ESTAT:MIGR_RESFIRST(1.0),"First permits by reason, length of validity and citizenship",A,Annual,TOTAL,Total,NI,Nicaragua,TOTAL,Total,PER,Person,EU27_2020,European Union - 27 countries (from 2020),2014,,2977,,,,,
dataflow,ESTAT:MIGR_RESFIRST(1.0),"First permits by reason, length of validity and citizenship",A,Annual,TOTAL,Total,NI,Nicaragua,TOTAL,Total,PER,Person,EU27_2020,European Union - 27 countries (from 2020),2015,,3232,,,,,
dataflow,ESTAT:MIGR_RESFIRST(1.0),"First permits by reason, length of validity and citizenship",A,Annual,TOTAL,Total,NI,Nicaragua,TOTAL,Total,PER,Person,EU27_2020,European Union - 27 countries (from 2020),2016,,2823,,,,,
dataflow,ESTAT:MIGR_RESFIRST(1.0),"First permits by reason, length of validity and citizenship",A,Annual,TOTAL,Total,NI,Nicaragua,TOTAL,Total,PER,Person,EU27_2020,European Union - 27 countries (from 2020),2017,,2958,,,,,
dataflow,ESTAT:MIGR_RESFIRST(1.0),"First permits by reason, length of validity and citizenship",A,Annual,TOTAL,Total,NI,Nicaragua,TOTAL,Total,PER,Person,EU27_2020,European Union - 27 countries (from 2020),2018,,3495,,,,,
dataflow,ESTAT:MIGR_RESFIRST(1.0),"First permits by reason, length of validity and citizenship",A,Annual,TOTAL,Total,NI,Nicaragua,TOTAL,Total,PER,Person,EU27_2020,European Union - 27 countries (from 2020),2019,,4439,,,,,
dataflow,ESTAT:MIGR_RESFIRST(1.0),"First permits by reason, length of validity and citizenship",A,Annual,TOTAL,Total,NI,Nicaragua,TOTAL,Total,PER,Person,EU27_2020,European Union - 27 countries (from 2020),2020,,5568,,,,,
dataflow,ESTAT:MIGR_RESFIRST(1.0),"First permits by reason, length of validity and citizenship",A,Annual,TOTAL,Total,NI,Nicaragua,TOTAL,Total,PER,Person,EU27_2020,European Union - 27 countries (from 2020),2021,,6558,,,,,
dataflow,ESTAT:MIGR_RESFIRST(1.0),"First permits by reason, length of validity and citizenship",A,Annual,TOTAL,Total,NI,Nicaragua,TOTAL,Total,PER,Person,EU27_2020,European Union - 27 countries (from 2020),2022,,10329,,,,,
dataflow,ESTAT:MIGR_RESFIRST(1.0),"First permits by reason, length of validity and citizenship",A,Annual,TOTAL,Total,NI,Nicaragua,TOTAL,Total,PER,Person,EU27_2020,European Union - 27 countries (from 2020),2023,,11113,,,,,
dataflow,ESTAT:MIGR_RESFIRST(1.0),"First permits by reason, length of validity and citizenship",A,Annual,TOTAL,Total,NI,Nicaragua,TOTAL,Total,PER,Person,EU28,European Union - 28 countries (2013-2020),2013,,3789,,,,,
dataflow,ESTAT:MIGR_RESFIRST(1.0),"First permits by reason, length of validity and citizenship",A,Annual,TOTAL,Total,NI,Nicaragua,TOTAL,Total,PER,Person,EU28,European Union - 28 countries (2013-2020),2014,,3096,,,,,
dataflow,ESTAT:MIGR_RESFIRST(1.0),"First permits by reason, length of validity and citizenship",A,Annual,TOTAL,Total,NI,Nicaragua,TOTAL,Total,PER,Person,EU28,European Union - 28 countries (2013-2020),2015,,3275,,,,,
dataflow,ESTAT:MIGR_RESFIRST(1.0),"First permits by reason, length of validity and citizenship",A,Annual,TOTAL,Total,NI,Nicaragua,TOTAL,Total,PER,Person,EU28,European Union - 28 countries (2013-2020),2016,,2860,,,,,
dataflow,ESTAT:MIGR_RESFIRST(1.0),"First permits by reason, length of validity and citizenship",A,Annual,TOTAL,Total,NI,Nicaragua,TOTAL,Total,PER,Person,EU28,European Union - 28 countries (2013-2020),2017,,3000,,,,,
dataflow,ESTAT:MIGR_RESFIRST(1.0),"First permits by reason, length of validity and citizenship",A,Annual,TOTAL,Total,NI,Nicaragua,TOTAL,Total,PER,Person,EU28,European Union - 28 countries (2013-2020),2018,,3536,,,,,
dataflow,ESTAT:MIGR_RESFIRST(1.0),"First permits by reason, length of validity and citizenship",A,Annual,TOTAL,Total,NO,Norway,TOTAL,Total,PER,Person,EU27_2020,European Union - 27 countries (from 2020),2013,,1247,,,,,
dataflow,ESTAT:MIGR_RESFIRST(1.0),"First permits by reason, length of validity and citizenship",A,Annual,TOTAL,Total,NO,Norway,TOTAL,Total,PER,Person,EU27_2020,European Union - 27 countries (from 2020),2014,,1804,,,,,
dataflow,ESTAT:MIGR_RESFIRST(1.0),"First permits by reason, length of validity and citizenship",A,Annual,TOTAL,Total,NO,Norway,TOTAL,Total,PER,Person,EU27_2020,European Union - 27 countries (from 2020),2015,,1250,,,,,
dataflow,ESTAT:MIGR_RESFIRST(1.0),"First permits by reason, length of validity and citizenship",A,Annual,TOTAL,Total,NO,Norway,TOTAL,Total,PER,Person,EU27_2020,European Union - 27 countries (from 2020),2016,,1237,,,,,
dataflow,ESTAT:MIGR_RESFIRST(1.0),"First permits by reason, length of validity and citizenship",A,Annual,TOTAL,Total,NO,Norway,TOTAL,Total,PER,Person,EU27_2020,European Union - 27 countries (from 2020),2017,,1337,,,,,
dataflow,ESTAT:MIGR_RESFIRST(1.0),"First permits by reason, length of validity and citizenship",A,Annual,TOTAL,Total,NO,Norway,TOTAL,Total,PER,Person,EU27_2020,European Union - 27 countries (from 2020),2018,,1494,,,,,
dataflow,ESTAT:MIGR_RESFIRST(1.0),"First permits by reason, length of validity and citizenship",A,Annual,TOTAL,Total,NO,Norway,TOTAL,Total,PER,Person,EU27_2020,European Union - 27 countries (from 2020),2019,,1451,,,,,
dataflow,ESTAT:MIGR_RESFIRST(1.0),"First permits by reason, length of validity and citizenship",A,Annual,TOTAL,Total,NO,Norway,TOTAL,Total,PER,Person,EU27_2020,European Union - 27 countries (from 2020),2020,,1187,,,,,
dataflow,ESTAT:MIGR_RESFIRST(1.0),"First permits by reason, length of validity and citizenship",A,Annual,TOTAL,Total,NO,Norway,TOTAL,Total,PER,Person,EU27_2020,European Union - 27 countries (from 2020),2021,,1492,,,,,
dataflow,ESTAT:MIGR_RESFIRST(1.0),"First permits by reason, length of validity and citizenship",A,Annual,TOTAL,Total,NO,Norway,TOTAL,Total,PER,Person,EU27_2020,European Union - 27 countries (from 2020),2022,,1493,,,,,
dataflow,ESTAT:MIGR_RESFIRST(1.0),"First permits by reason, length of validity and citizenship",A,Annual,TOTAL,Total,NO,Norway,TOTAL,Total,PER,Person,EU27_2020,European Union - 27 countries (from 2020),2023,,1637,,,,,
dataflow,ESTAT:MIGR_RESFIRST(1.0),"First permits by reason, length of validity and citizenship",A,Annual,TOTAL,Total,NO,Norway,TOTAL,Total,PER,Person,EU28,European Union - 28 countries (2013-2020),2013,,1248,,,,,
dataflow,ESTAT:MIGR_RESFIRST(1.0),"First permits by reason, length of validity and citizenship",A,Annual,TOTAL,Total,NO,Norway,TOTAL,Total,PER,Person,EU28,European Union - 28 countries (2013-2020),2014,,1804,,,,,
dataflow,ESTAT:MIGR_RESFIRST(1.0),"First permits by reason, length of validity and citizenship",A,Annual,TOTAL,Total,NO,Norway,TOTAL,Total,PER,Person,EU28,European Union - 28 countries (2013-2020),2015,,1250,,,,,
dataflow,ESTAT:MIGR_RESFIRST(1.0),"First permits by reason, length of validity and citizenship",A,Annual,TOTAL,Total,NO,Norway,TOTAL,Total,PER,Person,EU28,European Union - 28 countries (2013-2020),2016,,1237,,,,,
dataflow,ESTAT:MIGR_RESFIRST(1.0),"First permits by reason, length of validity and citizenship",A,Annual,TOTAL,Total,NO,Norway,TOTAL,Total,PER,Person,EU28,European Union - 28 countries (2013-2020),2017,,1339,,,,,
dataflow,ESTAT:MIGR_RESFIRST(1.0),"First permits by reason, length of validity and citizenship",A,Annual,TOTAL,Total,NO,Norway,TOTAL,Total,PER,Person,EU28,European Union - 28 countries (2013-2020),2018,,1494,,,,,
dataflow,ESTAT:MIGR_RESFIRST(1.0),"First permits by reason, length of validity and citizenship",A,Annual,TOTAL,Total,NP,Nepal,TOTAL,Total,PER,Person,EU27_2020,European Union - 27 countries (from 2020),2013,,5046,,,,,
dataflow,ESTAT:MIGR_RESFIRST(1.0),"First permits by reason, length of validity and citizenship",A,Annual,TOTAL,Total,NP,Nepal,TOTAL,Total,PER,Person,EU27_2020,European Union - 27 countries (from 2020),2014,,6535,,,,,
dataflow,ESTAT:MIGR_RESFIRST(1.0),"First permits by reason, length of validity and citizenship",A,Annual,TOTAL,Total,NP,Nepal,TOTAL,Total,PER,Person,EU27_2020,European Union - 27 countries (from 2020),2015,,7001,,,,,
dataflow,ESTAT:MIGR_RESFIRST(1.0),"First permits by reason, length of validity and citizenship",A,Annual,TOTAL,Total,NP,Nepal,TOTAL,Total,PER,Person,EU27_2020,European Union - 27 countries (from 2020),2016,,8225,,,,,
dataflow,ESTAT:MIGR_RESFIRST(1.0),"First permits by reason, length of validity and citizenship",A,Annual,TOTAL,Total,NP,Nepal,TOTAL,Total,PER,Person,EU27_2020,European Union - 27 countries (from 2020),2017,,11284,,,,,
dataflow,ESTAT:MIGR_RESFIRST(1.0),"First permits by reason, length of validity and citizenship",A,Annual,TOTAL,Total,NP,Nepal,TOTAL,Total,PER,Person,EU27_2020,European Union - 27 countries (from 2020),2018,,16821,,,,,
dataflow,ESTAT:MIGR_RESFIRST(1.0),"First permits by reason, length of validity and citizenship",A,Annual,TOTAL,Total,NP,Nepal,TOTAL,Total,PER,Person,EU27_2020,European Union - 27 countries (from 2020),2019,,18694,,,,,
dataflow,ESTAT:MIGR_RESFIRST(1.0),"First permits by reason, length of validity and citizenship",A,Annual,TOTAL,Total,NP,Nepal,TOTAL,Total,PER,Person,EU27_2020,European Union - 27 countries (from 2020),2020,,13386,,,,,
dataflow,ESTAT:MIGR_RESFIRST(1.0),"First permits by reason, length of validity and citizenship",A,Annual,TOTAL,Total,NP,Nepal,TOTAL,Total,PER,Person,EU27_2020,European Union - 27 countries (from 2020),2021,,18098,,,,,
dataflow,ESTAT:MIGR_RESFIRST(1.0),"First permits by reason, length of validity and citizenship",A,Annual,TOTAL,Total,NP,Nepal,TOTAL,Total,PER,Person,EU27_2020,European Union - 27 countries (from 2020),2022,,37603,,,,,
dataflow,ESTAT:MIGR_RESFIRST(1.0),"First permits by reason, length of validity and citizenship",A,Annual,TOTAL,Total,NP,Nepal,TOTAL,Total,PER,Person,EU27_2020,European Union - 27 countries (from 2020),2023,,57530,,,,,
dataflow,ESTAT:MIGR_RESFIRST(1.0),"First permits by reason, length of validity and citizenship",A,Annual,TOTAL,Total,NP,Nepal,TOTAL,Total,PER,Person,EU28,European Union - 28 countries (2013-2020),2013,,10210,,,,,
dataflow,ESTAT:MIGR_RESFIRST(1.0),"First permits by reason, length of validity and citizenship",A,Annual,TOTAL,Total,NP,Nepal,TOTAL,Total,PER,Person,EU28,European Union - 28 countries (2013-2020),2014,,9484,,,,,
dataflow,ESTAT:MIGR_RESFIRST(1.0),"First permits by reason, length of validity and citizenship",A,Annual,TOTAL,Total,NP,Nepal,TOTAL,Total,PER,Person,EU28,European Union - 28 countries (2013-2020),2015,,10451,,,,,
dataflow,ESTAT:MIGR_RESFIRST(1.0),"First permits by reason, length of validity and citizenship",A,Annual,TOTAL,Total,NP,Nepal,TOTAL,Total,PER,Person,EU28,European Union - 28 countries (2013-2020),2016,,11116,,,,,
dataflow,ESTAT:MIGR_RESFIRST(1.0),"First permits by reason, length of validity and citizenship",A,Annual,TOTAL,Total,NP,Nepal,TOTAL,Total,PER,Person,EU28,European Union - 28 countries (2013-2020),2017,,14227,,,,,
dataflow,ESTAT:MIGR_RESFIRST(1.0),"First permits by reason, length of validity and citizenship",A,Annual,TOTAL,Total,NP,Nepal,TOTAL,Total,PER,Person,EU28,European Union - 28 countries (2013-2020),2018,,18792,,,,,
dataflow,ESTAT:MIGR_RESFIRST(1.0),"First permits by reason, length of validity and citizenship",A,Annual,TOTAL,Total,NR,Nauru,TOTAL,Total,PER,Person,EU27_2020,European Union - 27 countries (from 2020),2013,,0,,,,,
dataflow,ESTAT:MIGR_RESFIRST(1.0),"First permits by reason, length of validity and citizenship",A,Annual,TOTAL,Total,NR,Nauru,TOTAL,Total,PER,Person,EU27_2020,European Union - 27 countries (from 2020),2014,,0,,,,,
dataflow,ESTAT:MIGR_RESFIRST(1.0),"First permits by reason, length of validity and citizenship",A,Annual,TOTAL,Total,NR,Nauru,TOTAL,Total,PER,Person,EU27_2020,European Union - 27 countries (from 2020),2015,,231,,,,,
dataflow,ESTAT:MIGR_RESFIRST(1.0),"First permits by reason, length of validity and citizenship",A,Annual,TOTAL,Total,NR,Nauru,TOTAL,Total,PER,Person,EU27_2020,European Union - 27 countries (from 2020),2016,,2,,,,,
dataflow,ESTAT:MIGR_RESFIRST(1.0),"First permits by reason, length of validity and citizenship",A,Annual,TOTAL,Total,NR,Nauru,TOTAL,Total,PER,Person,EU27_2020,European Union - 27 countries (from 2020),2017,,0,,,,,
dataflow,ESTAT:MIGR_RESFIRST(1.0),"First permits by reason, length of validity and citizenship",A,Annual,TOTAL,Total,NR,Nauru,TOTAL,Total,PER,Person,EU27_2020,European Union - 27 countries (from 2020),2018,,0,,,,,
dataflow,ESTAT:MIGR_RESFIRST(1.0),"First permits by reason, length of validity and citizenship",A,Annual,TOTAL,Total,NR,Nauru,TOTAL,Total,PER,Person,EU27_2020,European Union - 27 countries (from 2020),2019,,1,,,,,
dataflow,ESTAT:MIGR_RESFIRST(1.0),"First permits by reason, length of validity and citizenship",A,Annual,TOTAL,Total,NR,Nauru,TOTAL,Total,PER,Person,EU27_2020,European Union - 27 countries (from 2020),2020,,1,,,,,
dataflow,ESTAT:MIGR_RESFIRST(1.0),"First permits by reason, length of validity and citizenship",A,Annual,TOTAL,Total,NR,Nauru,TOTAL,Total,PER,Person,EU27_2020,European Union - 27 countries (from 2020),2021,,1,,,,,
dataflow,ESTAT:MIGR_RESFIRST(1.0),"First permits by reason, length of validity and citizenship",A,Annual,TOTAL,Total,NR,Nauru,TOTAL,Total,PER,Person,EU27_2020,European Union - 27 countries (from 2020),2022,,0,,,,,
dataflow,ESTAT:MIGR_RESFIRST(1.0),"First permits by reason, length of validity and citizenship",A,Annual,TOTAL,Total,NR,Nauru,TOTAL,Total,PER,Person,EU27_2020,European Union - 27 countries (from 2020),2023,,5,,,,,
dataflow,ESTAT:MIGR_RESFIRST(1.0),"First permits by reason, length of validity and citizenship",A,Annual,TOTAL,Total,NR,Nauru,TOTAL,Total,PER,Person,EU28,European Union - 28 countries (2013-2020),2013,,0,,,,,
dataflow,ESTAT:MIGR_RESFIRST(1.0),"First permits by reason, length of validity and citizenship",A,Annual,TOTAL,Total,NR,Nauru,TOTAL,Total,PER,Person,EU28,European Union - 28 countries (2013-2020),2014,,0,,,,,
dataflow,ESTAT:MIGR_RESFIRST(1.0),"First permits by reason, length of validity and citizenship",A,Annual,TOTAL,Total,NR,Nauru,TOTAL,Total,PER,Person,EU28,European Union - 28 countries (2013-2020),2015,,241,,,,,
dataflow,ESTAT:MIGR_RESFIRST(1.0),"First permits by reason, length of validity and citizenship",A,Annual,TOTAL,Total,NR,Nauru,TOTAL,Total,PER,Person,EU28,European Union - 28 countries (2013-2020),2016,,2,,,,,
dataflow,ESTAT:MIGR_RESFIRST(1.0),"First permits by reason, length of validity and citizenship",A,Annual,TOTAL,Total,NR,Nauru,TOTAL,Total,PER,Person,EU28,European Union - 28 countries (2013-2020),2017,,0,,,,,
dataflow,ESTAT:MIGR_RESFIRST(1.0),"First permits by reason, length of validity and citizenship",A,Annual,TOTAL,Total,NR,Nauru,TOTAL,Total,PER,Person,EU28,European Union - 28 countries (2013-2020),2018,,0,,,,,
dataflow,ESTAT:MIGR_RESFIRST(1.0),"First permits by reason, length of validity and citizenship",A,Annual,TOTAL,Total,NZ,New Zealand,TOTAL,Total,PER,Person,EU27_2020,European Union - 27 countries (from 2020),2013,,1825,,,,,
dataflow,ESTAT:MIGR_RESFIRST(1.0),"First permits by reason, length of validity and citizenship",A,Annual,TOTAL,Total,NZ,New Zealand,TOTAL,Total,PER,Person,EU27_2020,European Union - 27 countries (from 2020),2014,,1901,,,,,
dataflow,ESTAT:MIGR_RESFIRST(1.0),"First permits by reason, length of validity and citizenship",A,Annual,TOTAL,Total,NZ,New Zealand,TOTAL,Total,PER,Person,EU27_2020,European Union - 27 countries (from 2020),2015,,1681,,,,,
dataflow,ESTAT:MIGR_RESFIRST(1.0),"First permits by reason, length of validity and citizenship",A,Annual,TOTAL,Total,NZ,New Zealand,TOTAL,Total,PER,Person,EU27_2020,European Union - 27 countries (from 2020),2016,,2136,,,,,
dataflow,ESTAT:MIGR_RESFIRST(1.0),"First permits by reason, length of validity and citizenship",A,Annual,TOTAL,Total,NZ,New Zealand,TOTAL,Total,PER,Person,EU27_2020,European Union - 27 countries (from 2020),2017,,2363,,,,,
dataflow,ESTAT:MIGR_RESFIRST(1.0),"First permits by reason, length of validity and citizenship",A,Annual,TOTAL,Total,NZ,New Zealand,TOTAL,Total,PER,Person,EU27_2020,European Union - 27 countries (from 2020),2018,,2476,,,,,
dataflow,ESTAT:MIGR_RESFIRST(1.0),"First permits by reason, length of validity and citizenship",A,Annual,TOTAL,Total,NZ,New Zealand,TOTAL,Total,PER,Person,EU27_2020,European Union - 27 countries (from 2020),2019,,2370,,,,,
dataflow,ESTAT:MIGR_RESFIRST(1.0),"First permits by reason, length of validity and citizenship",A,Annual,TOTAL,Total,NZ,New Zealand,TOTAL,Total,PER,Person,EU27_2020,European Union - 27 countries (from 2020),2020,,1328,,,,,
dataflow,ESTAT:MIGR_RESFIRST(1.0),"First permits by reason, length of validity and citizenship",A,Annual,TOTAL,Total,NZ,New Zealand,TOTAL,Total,PER,Person,EU27_2020,European Union - 27 countries (from 2020),2021,,1336,,,,,
dataflow,ESTAT:MIGR_RESFIRST(1.0),"First permits by reason, length of validity and citizenship",A,Annual,TOTAL,Total,NZ,New Zealand,TOTAL,Total,PER,Person,EU27_2020,European Union - 27 countries (from 2020),2022,,1971,,,,,
dataflow,ESTAT:MIGR_RESFIRST(1.0),"First permits by reason, length of validity and citizenship",A,Annual,TOTAL,Total,NZ,New Zealand,TOTAL,Total,PER,Person,EU27_2020,European Union - 27 countries (from 2020),2023,,2600,,,,,
dataflow,ESTAT:MIGR_RESFIRST(1.0),"First permits by reason, length of validity and citizenship",A,Annual,TOTAL,Total,NZ,New Zealand,TOTAL,Total,PER,Person,EU28,European Union - 28 countries (2013-2020),2013,,7816,,,,,
dataflow,ESTAT:MIGR_RESFIRST(1.0),"First permits by reason, length of validity and citizenship",A,Annual,TOTAL,Total,NZ,New Zealand,TOTAL,Total,PER,Person,EU28,European Union - 28 countries (2013-2020),2014,,8253,,,,,
dataflow,ESTAT:MIGR_RESFIRST(1.0),"First permits by reason, length of validity and citizenship",A,Annual,TOTAL,Total,NZ,New Zealand,TOTAL,Total,PER,Person,EU28,European Union - 28 countries (2013-2020),2015,,8516,,,,,
dataflow,ESTAT:MIGR_RESFIRST(1.0),"First permits by reason, length of validity and citizenship",A,Annual,TOTAL,Total,NZ,New Zealand,TOTAL,Total,PER,Person,EU28,European Union - 28 countries (2013-2020),2016,,7775,,,,,
dataflow,ESTAT:MIGR_RESFIRST(1.0),"First permits by reason, length of validity and citizenship",A,Annual,TOTAL,Total,NZ,New Zealand,TOTAL,Total,PER,Person,EU28,European Union - 28 countries (2013-2020),2017,,7853,,,,,
dataflow,ESTAT:MIGR_RESFIRST(1.0),"First permits by reason, length of validity and citizenship",A,Annual,TOTAL,Total,NZ,New Zealand,TOTAL,Total,PER,Person,EU28,European Union - 28 countries (2013-2020),2018,,6692,,,,,
dataflow,ESTAT:MIGR_RESFIRST(1.0),"First permits by reason, length of validity and citizenship",A,Annual,TOTAL,Total,OM,Oman,TOTAL,Total,PER,Person,EU27_2020,European Union - 27 countries (from 2020),2013,,659,,,,,
dataflow,ESTAT:MIGR_RESFIRST(1.0),"First permits by reason, length of validity and citizenship",A,Annual,TOTAL,Total,OM,Oman,TOTAL,Total,PER,Person,EU27_2020,European Union - 27 countries (from 2020),2014,,528,,,,,
dataflow,ESTAT:MIGR_RESFIRST(1.0),"First permits by reason, length of validity and citizenship",A,Annual,TOTAL,Total,OM,Oman,TOTAL,Total,PER,Person,EU27_2020,European Union - 27 countries (from 2020),2015,,482,,,,,
dataflow,ESTAT:MIGR_RESFIRST(1.0),"First permits by reason, length of validity and citizenship",A,Annual,TOTAL,Total,OM,Oman,TOTAL,Total,PER,Person,EU27_2020,European Union - 27 countries (from 2020),2016,,456,,,,,
dataflow,ESTAT:MIGR_RESFIRST(1.0),"First permits by reason, length of validity and citizenship",A,Annual,TOTAL,Total,OM,Oman,TOTAL,Total,PER,Person,EU27_2020,European Union - 27 countries (from 2020),2017,,332,,,,,
dataflow,ESTAT:MIGR_RESFIRST(1.0),"First permits by reason, length of validity and citizenship",A,Annual,TOTAL,Total,OM,Oman,TOTAL,Total,PER,Person,EU27_2020,European Union - 27 countries (from 2020),2018,,429,,,,,
dataflow,ESTAT:MIGR_RESFIRST(1.0),"First permits by reason, length of validity and citizenship",A,Annual,TOTAL,Total,OM,Oman,TOTAL,Total,PER,Person,EU27_2020,European Union - 27 countries (from 2020),2019,,474,,,,,
dataflow,ESTAT:MIGR_RESFIRST(1.0),"First permits by reason, length of validity and citizenship",A,Annual,TOTAL,Total,OM,Oman,TOTAL,Total,PER,Person,EU27_2020,European Union - 27 countries (from 2020),2020,,255,,,,,
dataflow,ESTAT:MIGR_RESFIRST(1.0),"First permits by reason, length of validity and citizenship",A,Annual,TOTAL,Total,OM,Oman,TOTAL,Total,PER,Person,EU27_2020,European Union - 27 countries (from 2020),2021,,370,,,,,
dataflow,ESTAT:MIGR_RESFIRST(1.0),"First permits by reason, length of validity and citizenship",A,Annual,TOTAL,Total,OM,Oman,TOTAL,Total,PER,Person,EU27_2020,European Union - 27 countries (from 2020),2022,,438,,,,,
dataflow,ESTAT:MIGR_RESFIRST(1.0),"First permits by reason, length of validity and citizenship",A,Annual,TOTAL,Total,OM,Oman,TOTAL,Total,PER,Person,EU27_2020,European Union - 27 countries (from 2020),2023,,310,,,,,
dataflow,ESTAT:MIGR_RESFIRST(1.0),"First permits by reason, length of validity and citizenship",A,Annual,TOTAL,Total,OM,Oman,TOTAL,Total,PER,Person,EU28,European Union - 28 countries (2013-2020),2013,,3880,,,,,
dataflow,ESTAT:MIGR_RESFIRST(1.0),"First permits by reason, length of validity and citizenship",A,Annual,TOTAL,Total,OM,Oman,TOTAL,Total,PER,Person,EU28,European Union - 28 countries (2013-2020),2014,,3718,,,,,
dataflow,ESTAT:MIGR_RESFIRST(1.0),"First permits by reason, length of validity and citizenship",A,Annual,TOTAL,Total,OM,Oman,TOTAL,Total,PER,Person,EU28,European Union - 28 countries (2013-2020),2015,,3533,,,,,
dataflow,ESTAT:MIGR_RESFIRST(1.0),"First permits by reason, length of validity and citizenship",A,Annual,TOTAL,Total,OM,Oman,TOTAL,Total,PER,Person,EU28,European Union - 28 countries (2013-2020),2016,,2960,,,,,
dataflow,ESTAT:MIGR_RESFIRST(1.0),"First permits by reason, length of validity and citizenship",A,Annual,TOTAL,Total,OM,Oman,TOTAL,Total,PER,Person,EU28,European Union - 28 countries (2013-2020),2017,,2606,,,,,
dataflow,ESTAT:MIGR_RESFIRST(1.0),"First permits by reason, length of validity and citizenship",A,Annual,TOTAL,Total,OM,Oman,TOTAL,Total,PER,Person,EU28,European Union - 28 countries (2013-2020),2018,,2335,,,,,
dataflow,ESTAT:MIGR_RESFIRST(1.0),"First permits by reason, length of validity and citizenship",A,Annual,TOTAL,Total,PA,Panama,TOTAL,Total,PER,Person,EU27_2020,European Union - 27 countries (from 2020),2013,,560,,,,,
dataflow,ESTAT:MIGR_RESFIRST(1.0),"First permits by reason, length of validity and citizenship",A,Annual,TOTAL,Total,PA,Panama,TOTAL,Total,PER,Person,EU27_2020,European Union - 27 countries (from 2020),2014,,594,,,,,
dataflow,ESTAT:MIGR_RESFIRST(1.0),"First permits by reason, length of validity and citizenship",A,Annual,TOTAL,Total,PA,Panama,TOTAL,Total,PER,Person,EU27_2020,European Union - 27 countries (from 2020),2015,,639,,,,,
dataflow,ESTAT:MIGR_RESFIRST(1.0),"First permits by reason, length of validity and citizenship",A,Annual,TOTAL,Total,PA,Panama,TOTAL,Total,PER,Person,EU27_2020,European Union - 27 countries (from 2020),2016,,884,,,,,
dataflow,ESTAT:MIGR_RESFIRST(1.0),"First permits by reason, length of validity and citizenship",A,Annual,TOTAL,Total,PA,Panama,TOTAL,Total,PER,Person,EU27_2020,European Union - 27 countries (from 2020),2017,,1064,,,,,
dataflow,ESTAT:MIGR_RESFIRST(1.0),"First permits by reason, length of validity and citizenship",A,Annual,TOTAL,Total,PA,Panama,TOTAL,Total,PER,Person,EU27_2020,European Union - 27 countries (from 2020),2018,,989,,,,,
dataflow,ESTAT:MIGR_RESFIRST(1.0),"First permits by reason, length of validity and citizenship",A,Annual,TOTAL,Total,PA,Panama,TOTAL,Total,PER,Person,EU27_2020,European Union - 27 countries (from 2020),2019,,1092,,,,,
dataflow,ESTAT:MIGR_RESFIRST(1.0),"First permits by reason, length of validity and citizenship",A,Annual,TOTAL,Total,PA,Panama,TOTAL,Total,PER,Person,EU27_2020,European Union - 27 countries (from 2020),2020,,769,,,,,
dataflow,ESTAT:MIGR_RESFIRST(1.0),"First permits by reason, length of validity and citizenship",A,Annual,TOTAL,Total,PA,Panama,TOTAL,Total,PER,Person,EU27_2020,European Union - 27 countries (from 2020),2021,,1261,,,,,
dataflow,ESTAT:MIGR_RESFIRST(1.0),"First permits by reason, length of validity and citizenship",A,Annual,TOTAL,Total,PA,Panama,TOTAL,Total,PER,Person,EU27_2020,European Union - 27 countries (from 2020),2022,,1467,,,,,
dataflow,ESTAT:MIGR_RESFIRST(1.0),"First permits by reason, length of validity and citizenship",A,Annual,TOTAL,Total,PA,Panama,TOTAL,Total,PER,Person,EU27_2020,European Union - 27 countries (from 2020),2023,,1578,,,,,
dataflow,ESTAT:MIGR_RESFIRST(1.0),"First permits by reason, length of validity and citizenship",A,Annual,TOTAL,Total,PA,Panama,TOTAL,Total,PER,Person,EU28,European Union - 28 countries (2013-2020),2013,,859,,,,,
dataflow,ESTAT:MIGR_RESFIRST(1.0),"First permits by reason, length of validity and citizenship",A,Annual,TOTAL,Total,PA,Panama,TOTAL,Total,PER,Person,EU28,European Union - 28 countries (2013-2020),2014,,694,,,,,
dataflow,ESTAT:MIGR_RESFIRST(1.0),"First permits by reason, length of validity and citizenship",A,Annual,TOTAL,Total,PA,Panama,TOTAL,Total,PER,Person,EU28,European Union - 28 countries (2013-2020),2015,,776,,,,,
dataflow,ESTAT:MIGR_RESFIRST(1.0),"First permits by reason, length of validity and citizenship",A,Annual,TOTAL,Total,PA,Panama,TOTAL,Total,PER,Person,EU28,European Union - 28 countries (2013-2020),2016,,1037,,,,,
dataflow,ESTAT:MIGR_RESFIRST(1.0),"First permits by reason, length of validity and citizenship",A,Annual,TOTAL,Total,PA,Panama,TOTAL,Total,PER,Person,EU28,European Union - 28 countries (2013-2020),2017,,1151,,,,,
dataflow,ESTAT:MIGR_RESFIRST(1.0),"First permits by reason, length of validity and citizenship",A,Annual,TOTAL,Total,PA,Panama,TOTAL,Total,PER,Person,EU28,European Union - 28 countries (2013-2020),2018,,1179,,,,,
dataflow,ESTAT:MIGR_RESFIRST(1.0),"First permits by reason, length of validity and citizenship",A,Annual,TOTAL,Total,PE,Peru,TOTAL,Total,PER,Person,EU27_2020,European Union - 27 countries (from 2020),2013,,11426,,,,,
dataflow,ESTAT:MIGR_RESFIRST(1.0),"First permits by reason, length of validity and citizenship",A,Annual,TOTAL,Total,PE,Peru,TOTAL,Total,PER,Person,EU27_2020,European Union - 27 countries (from 2020),2014,,9836,,,,,
dataflow,ESTAT:MIGR_RESFIRST(1.0),"First permits by reason, length of validity and citizenship",A,Annual,TOTAL,Total,PE,Peru,TOTAL,Total,PER,Person,EU27_2020,European Union - 27 countries (from 2020),2015,,9409,,,,,
dataflow,ESTAT:MIGR_RESFIRST(1.0),"First permits by reason, length of validity and citizenship",A,Annual,TOTAL,Total,PE,Peru,TOTAL,Total,PER,Person,EU27_2020,European Union - 27 countries (from 2020),2016,,10225,,,,,
dataflow,ESTAT:MIGR_RESFIRST(1.0),"First permits by reason, length of validity and citizenship",A,Annual,TOTAL,Total,PE,Peru,TOTAL,Total,PER,Person,EU27_2020,European Union - 27 countries (from 2020),2017,,12935,,,,,
dataflow,ESTAT:MIGR_RESFIRST(1.0),"First permits by reason, length of validity and citizenship",A,Annual,TOTAL,Total,PE,Peru,TOTAL,Total,PER,Person,EU27_2020,European Union - 27 countries (from 2020),2018,,15142,,,,,
dataflow,ESTAT:MIGR_RESFIRST(1.0),"First permits by reason, length of validity and citizenship",A,Annual,TOTAL,Total,PE,Peru,TOTAL,Total,PER,Person,EU27_2020,European Union - 27 countries (from 2020),2019,,20309,,,,,
dataflow,ESTAT:MIGR_RESFIRST(1.0),"First permits by reason, length of validity and citizenship",A,Annual,TOTAL,Total,PE,Peru,TOTAL,Total,PER,Person,EU27_2020,European Union - 27 countries (from 2020),2020,,14086,,,,,
dataflow,ESTAT:MIGR_RESFIRST(1.0),"First permits by reason, length of validity and citizenship",A,Annual,TOTAL,Total,PE,Peru,TOTAL,Total,PER,Person,EU27_2020,European Union - 27 countries (from 2020),2021,,22500,,,,,
dataflow,ESTAT:MIGR_RESFIRST(1.0),"First permits by reason, length of validity and citizenship",A,Annual,TOTAL,Total,PE,Peru,TOTAL,Total,PER,Person,EU27_2020,European Union - 27 countries (from 2020),2022,,37490,,,,,
dataflow,ESTAT:MIGR_RESFIRST(1.0),"First permits by reason, length of validity and citizenship",A,Annual,TOTAL,Total,PE,Peru,TOTAL,Total,PER,Person,EU27_2020,European Union - 27 countries (from 2020),2023,,49132,,,,,
dataflow,ESTAT:MIGR_RESFIRST(1.0),"First permits by reason, length of validity and citizenship",A,Annual,TOTAL,Total,PE,Peru,TOTAL,Total,PER,Person,EU28,European Union - 28 countries (2013-2020),2013,,13346,,,,,
dataflow,ESTAT:MIGR_RESFIRST(1.0),"First permits by reason, length of validity and citizenship",A,Annual,TOTAL,Total,PE,Peru,TOTAL,Total,PER,Person,EU28,European Union - 28 countries (2013-2020),2014,,10368,,,,,
dataflow,ESTAT:MIGR_RESFIRST(1.0),"First permits by reason, length of validity and citizenship",A,Annual,TOTAL,Total,PE,Peru,TOTAL,Total,PER,Person,EU28,European Union - 28 countries (2013-2020),2015,,9969,,,,,
dataflow,ESTAT:MIGR_RESFIRST(1.0),"First permits by reason, length of validity and citizenship",A,Annual,TOTAL,Total,PE,Peru,TOTAL,Total,PER,Person,EU28,European Union - 28 countries (2013-2020),2016,,10909,,,,,
dataflow,ESTAT:MIGR_RESFIRST(1.0),"First permits by reason, length of validity and citizenship",A,Annual,TOTAL,Total,PE,Peru,TOTAL,Total,PER,Person,EU28,European Union - 28 countries (2013-2020),2017,,13604,,,,,
dataflow,ESTAT:MIGR_RESFIRST(1.0),"First permits by reason, length of validity and citizenship",A,Annual,TOTAL,Total,PE,Peru,TOTAL,Total,PER,Person,EU28,European Union - 28 countries (2013-2020),2018,,15637,,,,,
dataflow,ESTAT:MIGR_RESFIRST(1.0),"First permits by reason, length of validity and citizenship",A,Annual,TOTAL,Total,PG,Papua New Guinea,TOTAL,Total,PER,Person,EU27_2020,European Union - 27 countries (from 2020),2013,,20,,,,,
dataflow,ESTAT:MIGR_RESFIRST(1.0),"First permits by reason, length of validity and citizenship",A,Annual,TOTAL,Total,PG,Papua New Guinea,TOTAL,Total,PER,Person,EU27_2020,European Union - 27 countries (from 2020),2014,,19,,,,,
dataflow,ESTAT:MIGR_RESFIRST(1.0),"First permits by reason, length of validity and citizenship",A,Annual,TOTAL,Total,PG,Papua New Guinea,TOTAL,Total,PER,Person,EU27_2020,European Union - 27 countries (from 2020),2015,,21,,,,,
dataflow,ESTAT:MIGR_RESFIRST(1.0),"First permits by reason, length of validity and citizenship",A,Annual,TOTAL,Total,PG,Papua New Guinea,TOTAL,Total,PER,Person,EU27_2020,European Union - 27 countries (from 2020),2016,,35,,,,,
dataflow,ESTAT:MIGR_RESFIRST(1.0),"First permits by reason, length of validity and citizenship",A,Annual,TOTAL,Total,PG,Papua New Guinea,TOTAL,Total,PER,Person,EU27_2020,European Union - 27 countries (from 2020),2017,,25,,,,,
dataflow,ESTAT:MIGR_RESFIRST(1.0),"First permits by reason, length of validity and citizenship",A,Annual,TOTAL,Total,PG,Papua New Guinea,TOTAL,Total,PER,Person,EU27_2020,European Union - 27 countries (from 2020),2018,,30,,,,,
dataflow,ESTAT:MIGR_RESFIRST(1.0),"First permits by reason, length of validity and citizenship",A,Annual,TOTAL,Total,PG,Papua New Guinea,TOTAL,Total,PER,Person,EU27_2020,European Union - 27 countries (from 2020),2019,,31,,,,,
dataflow,ESTAT:MIGR_RESFIRST(1.0),"First permits by reason, length of validity and citizenship",A,Annual,TOTAL,Total,PG,Papua New Guinea,TOTAL,Total,PER,Person,EU27_2020,European Union - 27 countries (from 2020),2020,,13,,,,,
dataflow,ESTAT:MIGR_RESFIRST(1.0),"First permits by reason, length of validity and citizenship",A,Annual,TOTAL,Total,PG,Papua New Guinea,TOTAL,Total,PER,Person,EU27_2020,European Union - 27 countries (from 2020),2021,,14,,,,,
dataflow,ESTAT:MIGR_RESFIRST(1.0),"First permits by reason, length of validity and citizenship",A,Annual,TOTAL,Total,PG,Papua New Guinea,TOTAL,Total,PER,Person,EU27_2020,European Union - 27 countries (from 2020),2022,,36,,,,,
dataflow,ESTAT:MIGR_RESFIRST(1.0),"First permits by reason, length of validity and citizenship",A,Annual,TOTAL,Total,PG,Papua New Guinea,TOTAL,Total,PER,Person,EU27_2020,European Union - 27 countries (from 2020),2023,,18,,,,,
dataflow,ESTAT:MIGR_RESFIRST(1.0),"First permits by reason, length of validity and citizenship",A,Annual,TOTAL,Total,PG,Papua New Guinea,TOTAL,Total,PER,Person,EU28,European Union - 28 countries (2013-2020),2013,,27,,,,,
dataflow,ESTAT:MIGR_RESFIRST(1.0),"First permits by reason, length of validity and citizenship",A,Annual,TOTAL,Total,PG,Papua New Guinea,TOTAL,Total,PER,Person,EU28,European Union - 28 countries (2013-2020),2014,,155,,,,,
dataflow,ESTAT:MIGR_RESFIRST(1.0),"First permits by reason, length of validity and citizenship",A,Annual,TOTAL,Total,PG,Papua New Guinea,TOTAL,Total,PER,Person,EU28,European Union - 28 countries (2013-2020),2015,,41,,,,,
dataflow,ESTAT:MIGR_RESFIRST(1.0),"First permits by reason, length of validity and citizenship",A,Annual,TOTAL,Total,PG,Papua New Guinea,TOTAL,Total,PER,Person,EU28,European Union - 28 countries (2013-2020),2016,,55,,,,,
dataflow,ESTAT:MIGR_RESFIRST(1.0),"First permits by reason, length of validity and citizenship",A,Annual,TOTAL,Total,PG,Papua New Guinea,TOTAL,Total,PER,Person,EU28,European Union - 28 countries (2013-2020),2017,,33,,,,,
dataflow,ESTAT:MIGR_RESFIRST(1.0),"First permits by reason, length of validity and citizenship",A,Annual,TOTAL,Total,PG,Papua New Guinea,TOTAL,Total,PER,Person,EU28,European Union - 28 countries (2013-2020),2018,,41,,,,,
dataflow,ESTAT:MIGR_RESFIRST(1.0),"First permits by reason, length of validity and citizenship",A,Annual,TOTAL,Total,PH,Philippines,TOTAL,Total,PER,Person,EU27_2020,European Union - 27 countries (from 2020),2013,,20700,,,,,
dataflow,ESTAT:MIGR_RESFIRST(1.0),"First permits by reason, length of validity and citizenship",A,Annual,TOTAL,Total,PH,Philippines,TOTAL,Total,PER,Person,EU27_2020,European Union - 27 countries (from 2020),2014,,19559,,,,,
dataflow,ESTAT:MIGR_RESFIRST(1.0),"First permits by reason, length of validity and citizenship",A,Annual,TOTAL,Total,PH,Philippines,TOTAL,Total,PER,Person,EU27_2020,European Union - 27 countries (from 2020),2015,,18272,,,,,
dataflow,ESTAT:MIGR_RESFIRST(1.0),"First permits by reason, length of validity and citizenship",A,Annual,TOTAL,Total,PH,Philippines,TOTAL,Total,PER,Person,EU27_2020,European Union - 27 countries (from 2020),2016,,19261,,,,,
dataflow,ESTAT:MIGR_RESFIRST(1.0),"First permits by reason, length of validity and citizenship",A,Annual,TOTAL,Total,PH,Philippines,TOTAL,Total,PER,Person,EU27_2020,European Union - 27 countries (from 2020),2017,,20897,,,,,
dataflow,ESTAT:MIGR_RESFIRST(1.0),"First permits by reason, length of validity and citizenship",A,Annual,TOTAL,Total,PH,Philippines,TOTAL,Total,PER,Person,EU27_2020,European Union - 27 countries (from 2020),2018,,23723,,,,,
dataflow,ESTAT:MIGR_RESFIRST(1.0),"First permits by reason, length of validity and citizenship",A,Annual,TOTAL,Total,PH,Philippines,TOTAL,Total,PER,Person,EU27_2020,European Union - 27 countries (from 2020),2019,,27258,,,,,
dataflow,ESTAT:MIGR_RESFIRST(1.0),"First permits by reason, length of validity and citizenship",A,Annual,TOTAL,Total,PH,Philippines,TOTAL,Total,PER,Person,EU27_2020,European Union - 27 countries (from 2020),2020,,19062,,,,,
dataflow,ESTAT:MIGR_RESFIRST(1.0),"First permits by reason, length of validity and citizenship",A,Annual,TOTAL,Total,PH,Philippines,TOTAL,Total,PER,Person,EU27_2020,European Union - 27 countries (from 2020),2021,,28465,,,,,
dataflow,ESTAT:MIGR_RESFIRST(1.0),"First permits by reason, length of validity and citizenship",A,Annual,TOTAL,Total,PH,Philippines,TOTAL,Total,PER,Person,EU27_2020,European Union - 27 countries (from 2020),2022,,46517,,,,,
dataflow,ESTAT:MIGR_RESFIRST(1.0),"First permits by reason, length of validity and citizenship",A,Annual,TOTAL,Total,PH,Philippines,TOTAL,Total,PER,Person,EU27_2020,European Union - 27 countries (from 2020),2023,,58876,,,,,
dataflow,ESTAT:MIGR_RESFIRST(1.0),"First permits by reason, length of validity and citizenship",A,Annual,TOTAL,Total,PH,Philippines,TOTAL,Total,PER,Person,EU28,European Union - 28 countries (2013-2020),2013,,107501,,,,,
dataflow,ESTAT:MIGR_RESFIRST(1.0),"First permits by reason, length of validity and citizenship",A,Annual,TOTAL,Total,PH,Philippines,TOTAL,Total,PER,Person,EU28,European Union - 28 countries (2013-2020),2014,,35058,,,,,
dataflow,ESTAT:MIGR_RESFIRST(1.0),"First permits by reason, length of validity and citizenship",A,Annual,TOTAL,Total,PH,Philippines,TOTAL,Total,PER,Person,EU28,European Union - 28 countries (2013-2020),2015,,27071,,,,,
dataflow,ESTAT:MIGR_RESFIRST(1.0),"First permits by reason, length of validity and citizenship",A,Annual,TOTAL,Total,PH,Philippines,TOTAL,Total,PER,Person,EU28,European Union - 28 countries (2013-2020),2016,,29644,,,,,
dataflow,ESTAT:MIGR_RESFIRST(1.0),"First permits by reason, length of validity and citizenship",A,Annual,TOTAL,Total,PH,Philippines,TOTAL,Total,PER,Person,EU28,European Union - 28 countries (2013-2020),2017,,32166,,,,,
dataflow,ESTAT:MIGR_RESFIRST(1.0),"First permits by reason, length of validity and citizenship",A,Annual,TOTAL,Total,PH,Philippines,TOTAL,Total,PER,Person,EU28,European Union - 28 countries (2013-2020),2018,,33842,,,,,
dataflow,ESTAT:MIGR_RESFIRST(1.0),"First permits by reason, length of validity and citizenship",A,Annual,TOTAL,Total,PK,Pakistan,TOTAL,Total,PER,Person,EU27_2020,European Union - 27 countries (from 2020),2013,,26266,,,,,
dataflow,ESTAT:MIGR_RESFIRST(1.0),"First permits by reason, length of validity and citizenship",A,Annual,TOTAL,Total,PK,Pakistan,TOTAL,Total,PER,Person,EU27_2020,European Union - 27 countries (from 2020),2014,,28795,,,,,
dataflow,ESTAT:MIGR_RESFIRST(1.0),"First permits by reason, length of validity and citizenship",A,Annual,TOTAL,Total,PK,Pakistan,TOTAL,Total,PER,Person,EU27_2020,European Union - 27 countries (from 2020),2015,,28120,,,,,
dataflow,ESTAT:MIGR_RESFIRST(1.0),"First permits by reason, length of validity and citizenship",A,Annual,TOTAL,Total,PK,Pakistan,TOTAL,Total,PER,Person,EU27_2020,European Union - 27 countries (from 2020),2016,,38340,,,,,
dataflow,ESTAT:MIGR_RESFIRST(1.0),"First permits by reason, length of validity and citizenship",A,Annual,TOTAL,Total,PK,Pakistan,TOTAL,Total,PER,Person,EU27_2020,European Union - 27 countries (from 2020),2017,,39945,,,,,
dataflow,ESTAT:MIGR_RESFIRST(1.0),"First permits by reason, length of validity and citizenship",A,Annual,TOTAL,Total,PK,Pakistan,TOTAL,Total,PER,Person,EU27_2020,European Union - 27 countries (from 2020),2018,,42959,,,,,
dataflow,ESTAT:MIGR_RESFIRST(1.0),"First permits by reason, length of validity and citizenship",A,Annual,TOTAL,Total,PK,Pakistan,TOTAL,Total,PER,Person,EU27_2020,European Union - 27 countries (from 2020),2019,,54100,,,,,
dataflow,ESTAT:MIGR_RESFIRST(1.0),"First permits by reason, length of validity and citizenship",A,Annual,TOTAL,Total,PK,Pakistan,TOTAL,Total,PER,Person,EU27_2020,European Union - 27 countries (from 2020),2020,,42723,,,,,
dataflow,ESTAT:MIGR_RESFIRST(1.0),"First permits by reason, length of validity and citizenship",A,Annual,TOTAL,Total,PK,Pakistan,TOTAL,Total,PER,Person,EU27_2020,European Union - 27 countries (from 2020),2021,,57086,,,,,
dataflow,ESTAT:MIGR_RESFIRST(1.0),"First permits by reason, length of validity and citizenship",A,Annual,TOTAL,Total,PK,Pakistan,TOTAL,Total,PER,Person,EU27_2020,European Union - 27 countries (from 2020),2022,,72028,,,,,
dataflow,ESTAT:MIGR_RESFIRST(1.0),"First permits by reason, length of validity and citizenship",A,Annual,TOTAL,Total,PK,Pakistan,TOTAL,Total,PER,Person,EU27_2020,European Union - 27 countries (from 2020),2023,,84067,,,,,
dataflow,ESTAT:MIGR_RESFIRST(1.0),"First permits by reason, length of validity and citizenship",A,Annual,TOTAL,Total,PK,Pakistan,TOTAL,Total,PER,Person,EU28,European Union - 28 countries (2013-2020),2013,,45425,,,,,
dataflow,ESTAT:MIGR_RESFIRST(1.0),"First permits by reason, length of validity and citizenship",A,Annual,TOTAL,Total,PK,Pakistan,TOTAL,Total,PER,Person,EU28,European Union - 28 countries (2013-2020),2014,,45803,,,,,
dataflow,ESTAT:MIGR_RESFIRST(1.0),"First permits by reason, length of validity and citizenship",A,Annual,TOTAL,Total,PK,Pakistan,TOTAL,Total,PER,Person,EU28,European Union - 28 countries (2013-2020),2015,,43998,,,,,
dataflow,ESTAT:MIGR_RESFIRST(1.0),"First permits by reason, length of validity and citizenship",A,Annual,TOTAL,Total,PK,Pakistan,TOTAL,Total,PER,Person,EU28,European Union - 28 countries (2013-2020),2016,,56544,,,,,
dataflow,ESTAT:MIGR_RESFIRST(1.0),"First permits by reason, length of validity and citizenship",A,Annual,TOTAL,Total,PK,Pakistan,TOTAL,Total,PER,Person,EU28,European Union - 28 countries (2013-2020),2017,,60181,,,,,
dataflow,ESTAT:MIGR_RESFIRST(1.0),"First permits by reason, length of validity and citizenship",A,Annual,TOTAL,Total,PK,Pakistan,TOTAL,Total,PER,Person,EU28,European Union - 28 countries (2013-2020),2018,,61306,,,,,
dataflow,ESTAT:MIGR_RESFIRST(1.0),"First permits by reason, length of validity and citizenship",A,Annual,TOTAL,Total,PS,Palestine*,TOTAL,Total,PER,Person,EU27_2020,European Union - 27 countries (from 2020),2013,,732,,,,,
dataflow,ESTAT:MIGR_RESFIRST(1.0),"First permits by reason, length of validity and citizenship",A,Annual,TOTAL,Total,PS,Palestine*,TOTAL,Total,PER,Person,EU27_2020,European Union - 27 countries (from 2020),2014,,1021,,,,,
dataflow,ESTAT:MIGR_RESFIRST(1.0),"First permits by reason, length of validity and citizenship",A,Annual,TOTAL,Total,PS,Palestine*,TOTAL,Total,PER,Person,EU27_2020,European Union - 27 countries (from 2020),2015,,1671,,,,,
dataflow,ESTAT:MIGR_RESFIRST(1.0),"First permits by reason, length of validity and citizenship",A,Annual,TOTAL,Total,PS,Palestine*,TOTAL,Total,PER,Person,EU27_2020,European Union - 27 countries (from 2020),2016,,2619,,,,,
dataflow,ESTAT:MIGR_RESFIRST(1.0),"First permits by reason, length of validity and citizenship",A,Annual,TOTAL,Total,PS,Palestine*,TOTAL,Total,PER,Person,EU27_2020,European Union - 27 countries (from 2020),2017,,2503,,,,,
dataflow,ESTAT:MIGR_RESFIRST(1.0),"First permits by reason, length of validity and citizenship",A,Annual,TOTAL,Total,PS,Palestine*,TOTAL,Total,PER,Person,EU27_2020,European Union - 27 countries (from 2020),2018,,2835,,,,,
dataflow,ESTAT:MIGR_RESFIRST(1.0),"First permits by reason, length of validity and citizenship",A,Annual,TOTAL,Total,PS,Palestine*,TOTAL,Total,PER,Person,EU27_2020,European Union - 27 countries (from 2020),2019,,2943,,,,,
dataflow,ESTAT:MIGR_RESFIRST(1.0),"First permits by reason, length of validity and citizenship",A,Annual,TOTAL,Total,PS,Palestine*,TOTAL,Total,PER,Person,EU27_2020,European Union - 27 countries (from 2020),2020,,2414,,,,,
dataflow,ESTAT:MIGR_RESFIRST(1.0),"First permits by reason, length of validity and citizenship",A,Annual,TOTAL,Total,PS,Palestine*,TOTAL,Total,PER,Person,EU27_2020,European Union - 27 countries (from 2020),2021,,5609,,,,,
dataflow,ESTAT:MIGR_RESFIRST(1.0),"First permits by reason, length of validity and citizenship",A,Annual,TOTAL,Total,PS,Palestine*,TOTAL,Total,PER,Person,EU27_2020,European Union - 27 countries (from 2020),2022,,7216,,,,,
dataflow,ESTAT:MIGR_RESFIRST(1.0),"First permits by reason, length of validity and citizenship",A,Annual,TOTAL,Total,PS,Palestine*,TOTAL,Total,PER,Person,EU27_2020,European Union - 27 countries (from 2020),2023,,11430,,,,,
dataflow,ESTAT:MIGR_RESFIRST(1.0),"First permits by reason, length of validity and citizenship",A,Annual,TOTAL,Total,PS,Palestine*,TOTAL,Total,PER,Person,EU28,European Union - 28 countries (2013-2020),2013,,1013,,,,,
dataflow,ESTAT:MIGR_RESFIRST(1.0),"First permits by reason, length of validity and citizenship",A,Annual,TOTAL,Total,PS,Palestine*,TOTAL,Total,PER,Person,EU28,European Union - 28 countries (2013-2020),2014,,1364,,,,,
dataflow,ESTAT:MIGR_RESFIRST(1.0),"First permits by reason, length of validity and citizenship",A,Annual,TOTAL,Total,PS,Palestine*,TOTAL,Total,PER,Person,EU28,European Union - 28 countries (2013-2020),2015,,2074,,,,,
dataflow,ESTAT:MIGR_RESFIRST(1.0),"First permits by reason, length of validity and citizenship",A,Annual,TOTAL,Total,PS,Palestine*,TOTAL,Total,PER,Person,EU28,European Union - 28 countries (2013-2020),2016,,2898,,,,,
dataflow,ESTAT:MIGR_RESFIRST(1.0),"First permits by reason, length of validity and citizenship",A,Annual,TOTAL,Total,PS,Palestine*,TOTAL,Total,PER,Person,EU28,European Union - 28 countries (2013-2020),2017,,2944,,,,,
dataflow,ESTAT:MIGR_RESFIRST(1.0),"First permits by reason, length of validity and citizenship",A,Annual,TOTAL,Total,PS,Palestine*,TOTAL,Total,PER,Person,EU28,European Union - 28 countries (2013-2020),2018,,3340,,,,,
dataflow,ESTAT:MIGR_RESFIRST(1.0),"First permits by reason, length of validity and citizenship",A,Annual,TOTAL,Total,PW,Palau,TOTAL,Total,PER,Person,EU27_2020,European Union - 27 countries (from 2020),2013,,4,,,,,
dataflow,ESTAT:MIGR_RESFIRST(1.0),"First permits by reason, length of validity and citizenship",A,Annual,TOTAL,Total,PW,Palau,TOTAL,Total,PER,Person,EU27_2020,European Union - 27 countries (from 2020),2014,,3,,,,,
dataflow,ESTAT:MIGR_RESFIRST(1.0),"First permits by reason, length of validity and citizenship",A,Annual,TOTAL,Total,PW,Palau,TOTAL,Total,PER,Person,EU27_2020,European Union - 27 countries (from 2020),2015,,4,,,,,
dataflow,ESTAT:MIGR_RESFIRST(1.0),"First permits by reason, length of validity and citizenship",A,Annual,TOTAL,Total,PW,Palau,TOTAL,Total,PER,Person,EU27_2020,European Union - 27 countries (from 2020),2016,,2,,,,,
dataflow,ESTAT:MIGR_RESFIRST(1.0),"First permits by reason, length of validity and citizenship",A,Annual,TOTAL,Total,PW,Palau,TOTAL,Total,PER,Person,EU27_2020,European Union - 27 countries (from 2020),2017,,2,,,,,
dataflow,ESTAT:MIGR_RESFIRST(1.0),"First permits by reason, length of validity and citizenship",A,Annual,TOTAL,Total,PW,Palau,TOTAL,Total,PER,Person,EU27_2020,European Union - 27 countries (from 2020),2018,,4,,,,,
dataflow,ESTAT:MIGR_RESFIRST(1.0),"First permits by reason, length of validity and citizenship",A,Annual,TOTAL,Total,PW,Palau,TOTAL,Total,PER,Person,EU27_2020,European Union - 27 countries (from 2020),2019,,3,,,,,
dataflow,ESTAT:MIGR_RESFIRST(1.0),"First permits by reason, length of validity and citizenship",A,Annual,TOTAL,Total,PW,Palau,TOTAL,Total,PER,Person,EU27_2020,European Union - 27 countries (from 2020),2020,,1,,,,,
dataflow,ESTAT:MIGR_RESFIRST(1.0),"First permits by reason, length of validity and citizenship",A,Annual,TOTAL,Total,PW,Palau,TOTAL,Total,PER,Person,EU27_2020,European Union - 27 countries (from 2020),2021,,3,,,,,
dataflow,ESTAT:MIGR_RESFIRST(1.0),"First permits by reason, length of validity and citizenship",A,Annual,TOTAL,Total,PW,Palau,TOTAL,Total,PER,Person,EU27_2020,European Union - 27 countries (from 2020),2022,,7,,,,,
dataflow,ESTAT:MIGR_RESFIRST(1.0),"First permits by reason, length of validity and citizenship",A,Annual,TOTAL,Total,PW,Palau,TOTAL,Total,PER,Person,EU27_2020,European Union - 27 countries (from 2020),2023,,16,,,,,
dataflow,ESTAT:MIGR_RESFIRST(1.0),"First permits by reason, length of validity and citizenship",A,Annual,TOTAL,Total,PW,Palau,TOTAL,Total,PER,Person,EU28,European Union - 28 countries (2013-2020),2013,,7,,,,,
dataflow,ESTAT:MIGR_RESFIRST(1.0),"First permits by reason, length of validity and citizenship",A,Annual,TOTAL,Total,PW,Palau,TOTAL,Total,PER,Person,EU28,European Union - 28 countries (2013-2020),2014,,4,,,,,
dataflow,ESTAT:MIGR_RESFIRST(1.0),"First permits by reason, length of validity and citizenship",A,Annual,TOTAL,Total,PW,Palau,TOTAL,Total,PER,Person,EU28,European Union - 28 countries (2013-2020),2015,,9,,,,,
dataflow,ESTAT:MIGR_RESFIRST(1.0),"First permits by reason, length of validity and citizenship",A,Annual,TOTAL,Total,PW,Palau,TOTAL,Total,PER,Person,EU28,European Union - 28 countries (2013-2020),2016,,2,,,,,
dataflow,ESTAT:MIGR_RESFIRST(1.0),"First permits by reason, length of validity and citizenship",A,Annual,TOTAL,Total,PW,Palau,TOTAL,Total,PER,Person,EU28,European Union - 28 countries (2013-2020),2017,,3,,,,,
dataflow,ESTAT:MIGR_RESFIRST(1.0),"First permits by reason, length of validity and citizenship",A,Annual,TOTAL,Total,PW,Palau,TOTAL,Total,PER,Person,EU28,European Union - 28 countries (2013-2020),2018,,4,,,,,
dataflow,ESTAT:MIGR_RESFIRST(1.0),"First permits by reason, length of validity and citizenship",A,Annual,TOTAL,Total,PY,Paraguay,TOTAL,Total,PER,Person,EU27_2020,European Union - 27 countries (from 2020),2013,,8573,,,,,
dataflow,ESTAT:MIGR_RESFIRST(1.0),"First permits by reason, length of validity and citizenship",A,Annual,TOTAL,Total,PY,Paraguay,TOTAL,Total,PER,Person,EU27_2020,European Union - 27 countries (from 2020),2014,,6582,,,,,
dataflow,ESTAT:MIGR_RESFIRST(1.0),"First permits by reason, length of validity and citizenship",A,Annual,TOTAL,Total,PY,Paraguay,TOTAL,Total,PER,Person,EU27_2020,European Union - 27 countries (from 2020),2015,,5727,,,,,
dataflow,ESTAT:MIGR_RESFIRST(1.0),"First permits by reason, length of validity and citizenship",A,Annual,TOTAL,Total,PY,Paraguay,TOTAL,Total,PER,Person,EU27_2020,European Union - 27 countries (from 2020),2016,,5299,,,,,
dataflow,ESTAT:MIGR_RESFIRST(1.0),"First permits by reason, length of validity and citizenship",A,Annual,TOTAL,Total,PY,Paraguay,TOTAL,Total,PER,Person,EU27_2020,European Union - 27 countries (from 2020),2017,,4846,,,,,
dataflow,ESTAT:MIGR_RESFIRST(1.0),"First permits by reason, length of validity and citizenship",A,Annual,TOTAL,Total,PY,Paraguay,TOTAL,Total,PER,Person,EU27_2020,European Union - 27 countries (from 2020),2018,,4931,,,,,
dataflow,ESTAT:MIGR_RESFIRST(1.0),"First permits by reason, length of validity and citizenship",A,Annual,TOTAL,Total,PY,Paraguay,TOTAL,Total,PER,Person,EU27_2020,European Union - 27 countries (from 2020),2019,,5013,,,,,
dataflow,ESTAT:MIGR_RESFIRST(1.0),"First permits by reason, length of validity and citizenship",A,Annual,TOTAL,Total,PY,Paraguay,TOTAL,Total,PER,Person,EU27_2020,European Union - 27 countries (from 2020),2020,,6084,,,,,
dataflow,ESTAT:MIGR_RESFIRST(1.0),"First permits by reason, length of validity and citizenship",A,Annual,TOTAL,Total,PY,Paraguay,TOTAL,Total,PER,Person,EU27_2020,European Union - 27 countries (from 2020),2021,,6139,,,,,
dataflow,ESTAT:MIGR_RESFIRST(1.0),"First permits by reason, length of validity and citizenship",A,Annual,TOTAL,Total,PY,Paraguay,TOTAL,Total,PER,Person,EU27_2020,European Union - 27 countries (from 2020),2022,,8748,,,,,
dataflow,ESTAT:MIGR_RESFIRST(1.0),"First permits by reason, length of validity and citizenship",A,Annual,TOTAL,Total,PY,Paraguay,TOTAL,Total,PER,Person,EU27_2020,European Union - 27 countries (from 2020),2023,,10292,,,,,
dataflow,ESTAT:MIGR_RESFIRST(1.0),"First permits by reason, length of validity and citizenship",A,Annual,TOTAL,Total,PY,Paraguay,TOTAL,Total,PER,Person,EU28,European Union - 28 countries (2013-2020),2013,,8833,,,,,
dataflow,ESTAT:MIGR_RESFIRST(1.0),"First permits by reason, length of validity and citizenship",A,Annual,TOTAL,Total,PY,Paraguay,TOTAL,Total,PER,Person,EU28,European Union - 28 countries (2013-2020),2014,,6677,,,,,
dataflow,ESTAT:MIGR_RESFIRST(1.0),"First permits by reason, length of validity and citizenship",A,Annual,TOTAL,Total,PY,Paraguay,TOTAL,Total,PER,Person,EU28,European Union - 28 countries (2013-2020),2015,,5864,,,,,
dataflow,ESTAT:MIGR_RESFIRST(1.0),"First permits by reason, length of validity and citizenship",A,Annual,TOTAL,Total,PY,Paraguay,TOTAL,Total,PER,Person,EU28,European Union - 28 countries (2013-2020),2016,,5396,,,,,
dataflow,ESTAT:MIGR_RESFIRST(1.0),"First permits by reason, length of validity and citizenship",A,Annual,TOTAL,Total,PY,Paraguay,TOTAL,Total,PER,Person,EU28,European Union - 28 countries (2013-2020),2017,,4966,,,,,
dataflow,ESTAT:MIGR_RESFIRST(1.0),"First permits by reason, length of validity and citizenship",A,Annual,TOTAL,Total,PY,Paraguay,TOTAL,Total,PER,Person,EU28,European Union - 28 countries (2013-2020),2018,,5025,,,,,
dataflow,ESTAT:MIGR_RESFIRST(1.0),"First permits by reason, length of validity and citizenship",A,Annual,TOTAL,Total,QA,Qatar,TOTAL,Total,PER,Person,EU27_2020,European Union - 27 countries (from 2020),2013,,141,,,,,
dataflow,ESTAT:MIGR_RESFIRST(1.0),"First permits by reason, length of validity and citizenship",A,Annual,TOTAL,Total,QA,Qatar,TOTAL,Total,PER,Person,EU27_2020,European Union - 27 countries (from 2020),2014,,226,,,,,
dataflow,ESTAT:MIGR_RESFIRST(1.0),"First permits by reason, length of validity and citizenship",A,Annual,TOTAL,Total,QA,Qatar,TOTAL,Total,PER,Person,EU27_2020,European Union - 27 countries (from 2020),2015,,187,,,,,
dataflow,ESTAT:MIGR_RESFIRST(1.0),"First permits by reason, length of validity and citizenship",A,Annual,TOTAL,Total,QA,Qatar,TOTAL,Total,PER,Person,EU27_2020,European Union - 27 countries (from 2020),2016,,374,,,,,
dataflow,ESTAT:MIGR_RESFIRST(1.0),"First permits by reason, length of validity and citizenship",A,Annual,TOTAL,Total,QA,Qatar,TOTAL,Total,PER,Person,EU27_2020,European Union - 27 countries (from 2020),2017,,283,,,,,
dataflow,ESTAT:MIGR_RESFIRST(1.0),"First permits by reason, length of validity and citizenship",A,Annual,TOTAL,Total,QA,Qatar,TOTAL,Total,PER,Person,EU27_2020,European Union - 27 countries (from 2020),2018,,369,,,,,
dataflow,ESTAT:MIGR_RESFIRST(1.0),"First permits by reason, length of validity and citizenship",A,Annual,TOTAL,Total,QA,Qatar,TOTAL,Total,PER,Person,EU27_2020,European Union - 27 countries (from 2020),2019,,450,,,,,
dataflow,ESTAT:MIGR_RESFIRST(1.0),"First permits by reason, length of validity and citizenship",A,Annual,TOTAL,Total,QA,Qatar,TOTAL,Total,PER,Person,EU27_2020,European Union - 27 countries (from 2020),2020,,193,,,,,
dataflow,ESTAT:MIGR_RESFIRST(1.0),"First permits by reason, length of validity and citizenship",A,Annual,TOTAL,Total,QA,Qatar,TOTAL,Total,PER,Person,EU27_2020,European Union - 27 countries (from 2020),2021,,386,,,,,
dataflow,ESTAT:MIGR_RESFIRST(1.0),"First permits by reason, length of validity and citizenship",A,Annual,TOTAL,Total,QA,Qatar,TOTAL,Total,PER,Person,EU27_2020,European Union - 27 countries (from 2020),2022,,468,,,,,
dataflow,ESTAT:MIGR_RESFIRST(1.0),"First permits by reason, length of validity and citizenship",A,Annual,TOTAL,Total,QA,Qatar,TOTAL,Total,PER,Person,EU27_2020,European Union - 27 countries (from 2020),2023,,356,,,,,
dataflow,ESTAT:MIGR_RESFIRST(1.0),"First permits by reason, length of validity and citizenship",A,Annual,TOTAL,Total,QA,Qatar,TOTAL,Total,PER,Person,EU28,European Union - 28 countries (2013-2020),2013,,2344,,,,,
dataflow,ESTAT:MIGR_RESFIRST(1.0),"First permits by reason, length of validity and citizenship",A,Annual,TOTAL,Total,QA,Qatar,TOTAL,Total,PER,Person,EU28,European Union - 28 countries (2013-2020),2014,,2807,,,,,
dataflow,ESTAT:MIGR_RESFIRST(1.0),"First permits by reason, length of validity and citizenship",A,Annual,TOTAL,Total,QA,Qatar,TOTAL,Total,PER,Person,EU28,European Union - 28 countries (2013-2020),2015,,2856,,,,,
dataflow,ESTAT:MIGR_RESFIRST(1.0),"First permits by reason, length of validity and citizenship",A,Annual,TOTAL,Total,QA,Qatar,TOTAL,Total,PER,Person,EU28,European Union - 28 countries (2013-2020),2016,,3083,,,,,
dataflow,ESTAT:MIGR_RESFIRST(1.0),"First permits by reason, length of validity and citizenship",A,Annual,TOTAL,Total,QA,Qatar,TOTAL,Total,PER,Person,EU28,European Union - 28 countries (2013-2020),2017,,3073,,,,,
dataflow,ESTAT:MIGR_RESFIRST(1.0),"First permits by reason, length of validity and citizenship",A,Annual,TOTAL,Total,QA,Qatar,TOTAL,Total,PER,Person,EU28,European Union - 28 countries (2013-2020),2018,,2403,,,,,
dataflow,ESTAT:MIGR_RESFIRST(1.0),"First permits by reason, length of validity and citizenship",A,Annual,TOTAL,Total,RNC,Recognised non-citizens,TOTAL,Total,PER,Person,EU27_2020,European Union - 27 countries (from 2020),2013,,746,,,,,
dataflow,ESTAT:MIGR_RESFIRST(1.0),"First permits by reason, length of validity and citizenship",A,Annual,TOTAL,Total,RNC,Recognised non-citizens,TOTAL,Total,PER,Person,EU27_2020,European Union - 27 countries (from 2020),2014,,319,,,,,
dataflow,ESTAT:MIGR_RESFIRST(1.0),"First permits by reason, length of validity and citizenship",A,Annual,TOTAL,Total,RNC,Recognised non-citizens,TOTAL,Total,PER,Person,EU27_2020,European Union - 27 countries (from 2020),2015,,297,,,,,
dataflow,ESTAT:MIGR_RESFIRST(1.0),"First permits by reason, length of validity and citizenship",A,Annual,TOTAL,Total,RNC,Recognised non-citizens,TOTAL,Total,PER,Person,EU27_2020,European Union - 27 countries (from 2020),2016,,277,,,,,
dataflow,ESTAT:MIGR_RESFIRST(1.0),"First permits by reason, length of validity and citizenship",A,Annual,TOTAL,Total,RNC,Recognised non-citizens,TOTAL,Total,PER,Person,EU27_2020,European Union - 27 countries (from 2020),2017,,202,,,,,
dataflow,ESTAT:MIGR_RESFIRST(1.0),"First permits by reason, length of validity and citizenship",A,Annual,TOTAL,Total,RNC,Recognised non-citizens,TOTAL,Total,PER,Person,EU27_2020,European Union - 27 countries (from 2020),2018,,265,,,,,
dataflow,ESTAT:MIGR_RESFIRST(1.0),"First permits by reason, length of validity and citizenship",A,Annual,TOTAL,Total,RNC,Recognised non-citizens,TOTAL,Total,PER,Person,EU27_2020,European Union - 27 countries (from 2020),2019,,214,,,,,
dataflow,ESTAT:MIGR_RESFIRST(1.0),"First permits by reason, length of validity and citizenship",A,Annual,TOTAL,Total,RNC,Recognised non-citizens,TOTAL,Total,PER,Person,EU27_2020,European Union - 27 countries (from 2020),2020,,157,,,,,
dataflow,ESTAT:MIGR_RESFIRST(1.0),"First permits by reason, length of validity and citizenship",A,Annual,TOTAL,Total,RNC,Recognised non-citizens,TOTAL,Total,PER,Person,EU27_2020,European Union - 27 countries (from 2020),2021,,183,,,,,
dataflow,ESTAT:MIGR_RESFIRST(1.0),"First permits by reason, length of validity and citizenship",A,Annual,TOTAL,Total,RNC,Recognised non-citizens,TOTAL,Total,PER,Person,EU27_2020,European Union - 27 countries (from 2020),2022,,369,,,,,
dataflow,ESTAT:MIGR_RESFIRST(1.0),"First permits by reason, length of validity and citizenship",A,Annual,TOTAL,Total,RNC,Recognised non-citizens,TOTAL,Total,PER,Person,EU27_2020,European Union - 27 countries (from 2020),2023,,468,,,,,
dataflow,ESTAT:MIGR_RESFIRST(1.0),"First permits by reason, length of validity and citizenship",A,Annual,TOTAL,Total,RNC,Recognised non-citizens,TOTAL,Total,PER,Person,EU28,European Union - 28 countries (2013-2020),2013,,746,,,,,
dataflow,ESTAT:MIGR_RESFIRST(1.0),"First permits by reason, length of validity and citizenship",A,Annual,TOTAL,Total,RNC,Recognised non-citizens,TOTAL,Total,PER,Person,EU28,European Union - 28 countries (2013-2020),2014,,319,,,,,
dataflow,ESTAT:MIGR_RESFIRST(1.0),"First permits by reason, length of validity and citizenship",A,Annual,TOTAL,Total,RNC,Recognised non-citizens,TOTAL,Total,PER,Person,EU28,European Union - 28 countries (2013-2020),2015,,297,,,,,
dataflow,ESTAT:MIGR_RESFIRST(1.0),"First permits by reason, length of validity and citizenship",A,Annual,TOTAL,Total,RNC,Recognised non-citizens,TOTAL,Total,PER,Person,EU28,European Union - 28 countries (2013-2020),2016,,277,,,,,
dataflow,ESTAT:MIGR_RESFIRST(1.0),"First permits by reason, length of validity and citizenship",A,Annual,TOTAL,Total,RNC,Recognised non-citizens,TOTAL,Total,PER,Person,EU28,European Union - 28 countries (2013-2020),2017,,202,,,,,
dataflow,ESTAT:MIGR_RESFIRST(1.0),"First permits by reason, length of validity and citizenship",A,Annual,TOTAL,Total,RNC,Recognised non-citizens,TOTAL,Total,PER,Person,EU28,European Union - 28 countries (2013-2020),2018,,265,,,,,
dataflow,ESTAT:MIGR_RESFIRST(1.0),"First permits by reason, length of validity and citizenship",A,Annual,TOTAL,Total,RS,Serbia,TOTAL,Total,PER,Person,EU27_2020,European Union - 27 countries (from 2020),2013,,23770,,,,,
dataflow,ESTAT:MIGR_RESFIRST(1.0),"First permits by reason, length of validity and citizenship",A,Annual,TOTAL,Total,RS,Serbia,TOTAL,Total,PER,Person,EU27_2020,European Union - 27 countries (from 2020),2014,,24367,,,,,
dataflow,ESTAT:MIGR_RESFIRST(1.0),"First permits by reason, length of validity and citizenship",A,Annual,TOTAL,Total,RS,Serbia,TOTAL,Total,PER,Person,EU27_2020,European Union - 27 countries (from 2020),2015,,26603,,,,,
dataflow,ESTAT:MIGR_RESFIRST(1.0),"First permits by reason, length of validity and citizenship",A,Annual,TOTAL,Total,RS,Serbia,TOTAL,Total,PER,Person,EU27_2020,European Union - 27 countries (from 2020),2016,,30572,,,,,
dataflow,ESTAT:MIGR_RESFIRST(1.0),"First permits by reason, length of validity and citizenship",A,Annual,TOTAL,Total,RS,Serbia,TOTAL,Total,PER,Person,EU27_2020,European Union - 27 countries (from 2020),2017,,39654,,,,,
dataflow,ESTAT:MIGR_RESFIRST(1.0),"First permits by reason, length of validity and citizenship",A,Annual,TOTAL,Total,RS,Serbia,TOTAL,Total,PER,Person,EU27_2020,European Union - 27 countries (from 2020),2018,,51022,,,,,
dataflow,ESTAT:MIGR_RESFIRST(1.0),"First permits by reason, length of validity and citizenship",A,Annual,TOTAL,Total,RS,Serbia,TOTAL,Total,PER,Person,EU27_2020,European Union - 27 countries (from 2020),2019,,55779,,,,,
dataflow,ESTAT:MIGR_RESFIRST(1.0),"First permits by reason, length of validity and citizenship",A,Annual,TOTAL,Total,RS,Serbia,TOTAL,Total,PER,Person,EU27_2020,European Union - 27 countries (from 2020),2020,,39233,,,,,
dataflow,ESTAT:MIGR_RESFIRST(1.0),"First permits by reason, length of validity and citizenship",A,Annual,TOTAL,Total,RS,Serbia,TOTAL,Total,PER,Person,EU27_2020,European Union - 27 countries (from 2020),2021,,44367,,,,,
dataflow,ESTAT:MIGR_RESFIRST(1.0),"First permits by reason, length of validity and citizenship",A,Annual,TOTAL,Total,RS,Serbia,TOTAL,Total,PER,Person,EU27_2020,European Union - 27 countries (from 2020),2022,,52805,,,,,
dataflow,ESTAT:MIGR_RESFIRST(1.0),"First permits by reason, length of validity and citizenship",A,Annual,TOTAL,Total,RS,Serbia,TOTAL,Total,PER,Person,EU27_2020,European Union - 27 countries (from 2020),2023,,53373,,,,,
dataflow,ESTAT:MIGR_RESFIRST(1.0),"First permits by reason, length of validity and citizenship",A,Annual,TOTAL,Total,RS,Serbia,TOTAL,Total,PER,Person,EU28,European Union - 28 countries (2013-2020),2013,,27059,,,,,
dataflow,ESTAT:MIGR_RESFIRST(1.0),"First permits by reason, length of validity and citizenship",A,Annual,TOTAL,Total,RS,Serbia,TOTAL,Total,PER,Person,EU28,European Union - 28 countries (2013-2020),2014,,25041,,,,,
dataflow,ESTAT:MIGR_RESFIRST(1.0),"First permits by reason, length of validity and citizenship",A,Annual,TOTAL,Total,RS,Serbia,TOTAL,Total,PER,Person,EU28,European Union - 28 countries (2013-2020),2015,,27195,,,,,
dataflow,ESTAT:MIGR_RESFIRST(1.0),"First permits by reason, length of validity and citizenship",A,Annual,TOTAL,Total,RS,Serbia,TOTAL,Total,PER,Person,EU28,European Union - 28 countries (2013-2020),2016,,31287,,,,,
dataflow,ESTAT:MIGR_RESFIRST(1.0),"First permits by reason, length of validity and citizenship",A,Annual,TOTAL,Total,RS,Serbia,TOTAL,Total,PER,Person,EU28,European Union - 28 countries (2013-2020),2017,,40384,,,,,
dataflow,ESTAT:MIGR_RESFIRST(1.0),"First permits by reason, length of validity and citizenship",A,Annual,TOTAL,Total,RS,Serbia,TOTAL,Total,PER,Person,EU28,European Union - 28 countries (2013-2020),2018,,51564,,,,,
dataflow,ESTAT:MIGR_RESFIRST(1.0),"First permits by reason, length of validity and citizenship",A,Annual,TOTAL,Total,RU,Russia,TOTAL,Total,PER,Person,EU27_2020,European Union - 27 countries (from 2020),2013,,62757,,,,,
dataflow,ESTAT:MIGR_RESFIRST(1.0),"First permits by reason, length of validity and citizenship",A,Annual,TOTAL,Total,RU,Russia,TOTAL,Total,PER,Person,EU27_2020,European Union - 27 countries (from 2020),2014,,65922,,,,,
dataflow,ESTAT:MIGR_RESFIRST(1.0),"First permits by reason, length of validity and citizenship",A,Annual,TOTAL,Total,RU,Russia,TOTAL,Total,PER,Person,EU27_2020,European Union - 27 countries (from 2020),2015,,64775,,,,,
dataflow,ESTAT:MIGR_RESFIRST(1.0),"First permits by reason, length of validity and citizenship",A,Annual,TOTAL,Total,RU,Russia,TOTAL,Total,PER,Person,EU27_2020,European Union - 27 countries (from 2020),2016,,63273,,,,,
dataflow,ESTAT:MIGR_RESFIRST(1.0),"First permits by reason, length of validity and citizenship",A,Annual,TOTAL,Total,RU,Russia,TOTAL,Total,PER,Person,EU27_2020,European Union - 27 countries (from 2020),2017,,58608,,,,,
dataflow,ESTAT:MIGR_RESFIRST(1.0),"First permits by reason, length of validity and citizenship",A,Annual,TOTAL,Total,RU,Russia,TOTAL,Total,PER,Person,EU27_2020,European Union - 27 countries (from 2020),2018,,66865,,,,,
dataflow,ESTAT:MIGR_RESFIRST(1.0),"First permits by reason, length of validity and citizenship",A,Annual,TOTAL,Total,RU,Russia,TOTAL,Total,PER,Person,EU27_2020,European Union - 27 countries (from 2020),2019,,75507,,,,,
dataflow,ESTAT:MIGR_RESFIRST(1.0),"First permits by reason, length of validity and citizenship",A,Annual,TOTAL,Total,RU,Russia,TOTAL,Total,PER,Person,EU27_2020,European Union - 27 countries (from 2020),2020,,62027,,,,,
dataflow,ESTAT:MIGR_RESFIRST(1.0),"First permits by reason, length of validity and citizenship",A,Annual,TOTAL,Total,RU,Russia,TOTAL,Total,PER,Person,EU27_2020,European Union - 27 countries (from 2020),2021,,89819,,,,,
dataflow,ESTAT:MIGR_RESFIRST(1.0),"First permits by reason, length of validity and citizenship",A,Annual,TOTAL,Total,RU,Russia,TOTAL,Total,PER,Person,EU27_2020,European Union - 27 countries (from 2020),2022,,116528,,,,,
dataflow,ESTAT:MIGR_RESFIRST(1.0),"First permits by reason, length of validity and citizenship",A,Annual,TOTAL,Total,RU,Russia,TOTAL,Total,PER,Person,EU27_2020,European Union - 27 countries (from 2020),2023,,117632,,,,,
dataflow,ESTAT:MIGR_RESFIRST(1.0),"First permits by reason, length of validity and citizenship",A,Annual,TOTAL,Total,RU,Russia,TOTAL,Total,PER,Person,EU28,European Union - 28 countries (2013-2020),2013,,72837,,,,,
dataflow,ESTAT:MIGR_RESFIRST(1.0),"First permits by reason, length of validity and citizenship",A,Annual,TOTAL,Total,RU,Russia,TOTAL,Total,PER,Person,EU28,European Union - 28 countries (2013-2020),2014,,75598,,,,,
dataflow,ESTAT:MIGR_RESFIRST(1.0),"First permits by reason, length of validity and citizenship",A,Annual,TOTAL,Total,RU,Russia,TOTAL,Total,PER,Person,EU28,European Union - 28 countries (2013-2020),2015,,73777,,,,,
dataflow,ESTAT:MIGR_RESFIRST(1.0),"First permits by reason, length of validity and citizenship",A,Annual,TOTAL,Total,RU,Russia,TOTAL,Total,PER,Person,EU28,European Union - 28 countries (2013-2020),2016,,71012,,,,,
dataflow,ESTAT:MIGR_RESFIRST(1.0),"First permits by reason, length of validity and citizenship",A,Annual,TOTAL,Total,RU,Russia,TOTAL,Total,PER,Person,EU28,European Union - 28 countries (2013-2020),2017,,66839,,,,,
dataflow,ESTAT:MIGR_RESFIRST(1.0),"First permits by reason, length of validity and citizenship",A,Annual,TOTAL,Total,RU,Russia,TOTAL,Total,PER,Person,EU28,European Union - 28 countries (2013-2020),2018,,72991,,,,,
dataflow,ESTAT:MIGR_RESFIRST(1.0),"First permits by reason, length of validity and citizenship",A,Annual,TOTAL,Total,RW,Rwanda,TOTAL,Total,PER,Person,EU27_2020,European Union - 27 countries (from 2020),2013,,955,,,,,
dataflow,ESTAT:MIGR_RESFIRST(1.0),"First permits by reason, length of validity and citizenship",A,Annual,TOTAL,Total,RW,Rwanda,TOTAL,Total,PER,Person,EU27_2020,European Union - 27 countries (from 2020),2014,,1015,,,,,
dataflow,ESTAT:MIGR_RESFIRST(1.0),"First permits by reason, length of validity and citizenship",A,Annual,TOTAL,Total,RW,Rwanda,TOTAL,Total,PER,Person,EU27_2020,European Union - 27 countries (from 2020),2015,,923,,,,,
dataflow,ESTAT:MIGR_RESFIRST(1.0),"First permits by reason, length of validity and citizenship",A,Annual,TOTAL,Total,RW,Rwanda,TOTAL,Total,PER,Person,EU27_2020,European Union - 27 countries (from 2020),2016,,960,,,,,
dataflow,ESTAT:MIGR_RESFIRST(1.0),"First permits by reason, length of validity and citizenship",A,Annual,TOTAL,Total,RW,Rwanda,TOTAL,Total,PER,Person,EU27_2020,European Union - 27 countries (from 2020),2017,,1145,,,,,
dataflow,ESTAT:MIGR_RESFIRST(1.0),"First permits by reason, length of validity and citizenship",A,Annual,TOTAL,Total,RW,Rwanda,TOTAL,Total,PER,Person,EU27_2020,European Union - 27 countries (from 2020),2018,,1225,,,,,
dataflow,ESTAT:MIGR_RESFIRST(1.0),"First permits by reason, length of validity and citizenship",A,Annual,TOTAL,Total,RW,Rwanda,TOTAL,Total,PER,Person,EU27_2020,European Union - 27 countries (from 2020),2019,,1307,,,,,
dataflow,ESTAT:MIGR_RESFIRST(1.0),"First permits by reason, length of validity and citizenship",A,Annual,TOTAL,Total,RW,Rwanda,TOTAL,Total,PER,Person,EU27_2020,European Union - 27 countries (from 2020),2020,,1590,,,,,
dataflow,ESTAT:MIGR_RESFIRST(1.0),"First permits by reason, length of validity and citizenship",A,Annual,TOTAL,Total,RW,Rwanda,TOTAL,Total,PER,Person,EU27_2020,European Union - 27 countries (from 2020),2021,,2057,,,,,
dataflow,ESTAT:MIGR_RESFIRST(1.0),"First permits by reason, length of validity and citizenship",A,Annual,TOTAL,Total,RW,Rwanda,TOTAL,Total,PER,Person,EU27_2020,European Union - 27 countries (from 2020),2022,,2504,,,,,
dataflow,ESTAT:MIGR_RESFIRST(1.0),"First permits by reason, length of validity and citizenship",A,Annual,TOTAL,Total,RW,Rwanda,TOTAL,Total,PER,Person,EU27_2020,European Union - 27 countries (from 2020),2023,,2525,,,,,
dataflow,ESTAT:MIGR_RESFIRST(1.0),"First permits by reason, length of validity and citizenship",A,Annual,TOTAL,Total,RW,Rwanda,TOTAL,Total,PER,Person,EU28,European Union - 28 countries (2013-2020),2013,,1092,,,,,
dataflow,ESTAT:MIGR_RESFIRST(1.0),"First permits by reason, length of validity and citizenship",A,Annual,TOTAL,Total,RW,Rwanda,TOTAL,Total,PER,Person,EU28,European Union - 28 countries (2013-2020),2014,,1152,,,,,
dataflow,ESTAT:MIGR_RESFIRST(1.0),"First permits by reason, length of validity and citizenship",A,Annual,TOTAL,Total,RW,Rwanda,TOTAL,Total,PER,Person,EU28,European Union - 28 countries (2013-2020),2015,,1039,,,,,
dataflow,ESTAT:MIGR_RESFIRST(1.0),"First permits by reason, length of validity and citizenship",A,Annual,TOTAL,Total,RW,Rwanda,TOTAL,Total,PER,Person,EU28,European Union - 28 countries (2013-2020),2016,,1061,,,,,
dataflow,ESTAT:MIGR_RESFIRST(1.0),"First permits by reason, length of validity and citizenship",A,Annual,TOTAL,Total,RW,Rwanda,TOTAL,Total,PER,Person,EU28,European Union - 28 countries (2013-2020),2017,,1290,,,,,
dataflow,ESTAT:MIGR_RESFIRST(1.0),"First permits by reason, length of validity and citizenship",A,Annual,TOTAL,Total,RW,Rwanda,TOTAL,Total,PER,Person,EU28,European Union - 28 countries (2013-2020),2018,,1367,,,,,
dataflow,ESTAT:MIGR_RESFIRST(1.0),"First permits by reason, length of validity and citizenship",A,Annual,TOTAL,Total,SA,Saudi Arabia,TOTAL,Total,PER,Person,EU27_2020,European Union - 27 countries (from 2020),2013,,3867,,,,,
dataflow,ESTAT:MIGR_RESFIRST(1.0),"First permits by reason, length of validity and citizenship",A,Annual,TOTAL,Total,SA,Saudi Arabia,TOTAL,Total,PER,Person,EU27_2020,European Union - 27 countries (from 2020),2014,,3768,,,,,
dataflow,ESTAT:MIGR_RESFIRST(1.0),"First permits by reason, length of validity and citizenship",A,Annual,TOTAL,Total,SA,Saudi Arabia,TOTAL,Total,PER,Person,EU27_2020,European Union - 27 countries (from 2020),2015,,3774,,,,,
dataflow,ESTAT:MIGR_RESFIRST(1.0),"First permits by reason, length of validity and citizenship",A,Annual,TOTAL,Total,SA,Saudi Arabia,TOTAL,Total,PER,Person,EU27_2020,European Union - 27 countries (from 2020),2016,,3371,,,,,
dataflow,ESTAT:MIGR_RESFIRST(1.0),"First permits by reason, length of validity and citizenship",A,Annual,TOTAL,Total,SA,Saudi Arabia,TOTAL,Total,PER,Person,EU27_2020,European Union - 27 countries (from 2020),2017,,3284,,,,,
dataflow,ESTAT:MIGR_RESFIRST(1.0),"First permits by reason, length of validity and citizenship",A,Annual,TOTAL,Total,SA,Saudi Arabia,TOTAL,Total,PER,Person,EU27_2020,European Union - 27 countries (from 2020),2018,,2804,,,,,
dataflow,ESTAT:MIGR_RESFIRST(1.0),"First permits by reason, length of validity and citizenship",A,Annual,TOTAL,Total,SA,Saudi Arabia,TOTAL,Total,PER,Person,EU27_2020,European Union - 27 countries (from 2020),2019,,2365,,,,,
dataflow,ESTAT:MIGR_RESFIRST(1.0),"First permits by reason, length of validity and citizenship",A,Annual,TOTAL,Total,SA,Saudi Arabia,TOTAL,Total,PER,Person,EU27_2020,European Union - 27 countries (from 2020),2020,,1331,,,,,
dataflow,ESTAT:MIGR_RESFIRST(1.0),"First permits by reason, length of validity and citizenship",A,Annual,TOTAL,Total,SA,Saudi Arabia,TOTAL,Total,PER,Person,EU27_2020,European Union - 27 countries (from 2020),2021,,2975,,,,,
dataflow,ESTAT:MIGR_RESFIRST(1.0),"First permits by reason, length of validity and citizenship",A,Annual,TOTAL,Total,SA,Saudi Arabia,TOTAL,Total,PER,Person,EU27_2020,European Union - 27 countries (from 2020),2022,,2431,,,,,
dataflow,ESTAT:MIGR_RESFIRST(1.0),"First permits by reason, length of validity and citizenship",A,Annual,TOTAL,Total,SA,Saudi Arabia,TOTAL,Total,PER,Person,EU27_2020,European Union - 27 countries (from 2020),2023,,1642,,,,,
dataflow,ESTAT:MIGR_RESFIRST(1.0),"First permits by reason, length of validity and citizenship",A,Annual,TOTAL,Total,SA,Saudi Arabia,TOTAL,Total,PER,Person,EU28,European Union - 28 countries (2013-2020),2013,,13941,,,,,
dataflow,ESTAT:MIGR_RESFIRST(1.0),"First permits by reason, length of validity and citizenship",A,Annual,TOTAL,Total,SA,Saudi Arabia,TOTAL,Total,PER,Person,EU28,European Union - 28 countries (2013-2020),2014,,15374,,,,,
dataflow,ESTAT:MIGR_RESFIRST(1.0),"First permits by reason, length of validity and citizenship",A,Annual,TOTAL,Total,SA,Saudi Arabia,TOTAL,Total,PER,Person,EU28,European Union - 28 countries (2013-2020),2015,,13919,,,,,
dataflow,ESTAT:MIGR_RESFIRST(1.0),"First permits by reason, length of validity and citizenship",A,Annual,TOTAL,Total,SA,Saudi Arabia,TOTAL,Total,PER,Person,EU28,European Union - 28 countries (2013-2020),2016,,14227,,,,,
dataflow,ESTAT:MIGR_RESFIRST(1.0),"First permits by reason, length of validity and citizenship",A,Annual,TOTAL,Total,SA,Saudi Arabia,TOTAL,Total,PER,Person,EU28,European Union - 28 countries (2013-2020),2017,,13568,,,,,
dataflow,ESTAT:MIGR_RESFIRST(1.0),"First permits by reason, length of validity and citizenship",A,Annual,TOTAL,Total,SA,Saudi Arabia,TOTAL,Total,PER,Person,EU28,European Union - 28 countries (2013-2020),2018,,12065,,,,,
dataflow,ESTAT:MIGR_RESFIRST(1.0),"First permits by reason, length of validity and citizenship",A,Annual,TOTAL,Total,SB,Solomon Islands,TOTAL,Total,PER,Person,EU27_2020,European Union - 27 countries (from 2020),2013,,5,,,,,
dataflow,ESTAT:MIGR_RESFIRST(1.0),"First permits by reason, length of validity and citizenship",A,Annual,TOTAL,Total,SB,Solomon Islands,TOTAL,Total,PER,Person,EU27_2020,European Union - 27 countries (from 2020),2014,,2,,,,,
dataflow,ESTAT:MIGR_RESFIRST(1.0),"First permits by reason, length of validity and citizenship",A,Annual,TOTAL,Total,SB,Solomon Islands,TOTAL,Total,PER,Person,EU27_2020,European Union - 27 countries (from 2020),2015,,2,,,,,
dataflow,ESTAT:MIGR_RESFIRST(1.0),"First permits by reason, length of validity and citizenship",A,Annual,TOTAL,Total,SB,Solomon Islands,TOTAL,Total,PER,Person,EU27_2020,European Union - 27 countries (from 2020),2016,,5,,,,,
dataflow,ESTAT:MIGR_RESFIRST(1.0),"First permits by reason, length of validity and citizenship",A,Annual,TOTAL,Total,SB,Solomon Islands,TOTAL,Total,PER,Person,EU27_2020,European Union - 27 countries (from 2020),2017,,7,,,,,
dataflow,ESTAT:MIGR_RESFIRST(1.0),"First permits by reason, length of validity and citizenship",A,Annual,TOTAL,Total,SB,Solomon Islands,TOTAL,Total,PER,Person,EU27_2020,European Union - 27 countries (from 2020),2018,,8,,,,,
dataflow,ESTAT:MIGR_RESFIRST(1.0),"First permits by reason, length of validity and citizenship",A,Annual,TOTAL,Total,SB,Solomon Islands,TOTAL,Total,PER,Person,EU27_2020,European Union - 27 countries (from 2020),2019,,5,,,,,
dataflow,ESTAT:MIGR_RESFIRST(1.0),"First permits by reason, length of validity and citizenship",A,Annual,TOTAL,Total,SB,Solomon Islands,TOTAL,Total,PER,Person,EU27_2020,European Union - 27 countries (from 2020),2020,,4,,,,,
dataflow,ESTAT:MIGR_RESFIRST(1.0),"First permits by reason, length of validity and citizenship",A,Annual,TOTAL,Total,SB,Solomon Islands,TOTAL,Total,PER,Person,EU27_2020,European Union - 27 countries (from 2020),2021,,0,,,,,
dataflow,ESTAT:MIGR_RESFIRST(1.0),"First permits by reason, length of validity and citizenship",A,Annual,TOTAL,Total,SB,Solomon Islands,TOTAL,Total,PER,Person,EU27_2020,European Union - 27 countries (from 2020),2022,,6,,,,,
dataflow,ESTAT:MIGR_RESFIRST(1.0),"First permits by reason, length of validity and citizenship",A,Annual,TOTAL,Total,SB,Solomon Islands,TOTAL,Total,PER,Person,EU27_2020,European Union - 27 countries (from 2020),2023,,8,,,,,
dataflow,ESTAT:MIGR_RESFIRST(1.0),"First permits by reason, length of validity and citizenship",A,Annual,TOTAL,Total,SB,Solomon Islands,TOTAL,Total,PER,Person,EU28,European Union - 28 countries (2013-2020),2013,,6,,,,,
dataflow,ESTAT:MIGR_RESFIRST(1.0),"First permits by reason, length of validity and citizenship",A,Annual,TOTAL,Total,SB,Solomon Islands,TOTAL,Total,PER,Person,EU28,European Union - 28 countries (2013-2020),2014,,13,,,,,
dataflow,ESTAT:MIGR_RESFIRST(1.0),"First permits by reason, length of validity and citizenship",A,Annual,TOTAL,Total,SB,Solomon Islands,TOTAL,Total,PER,Person,EU28,European Union - 28 countries (2013-2020),2015,,4,,,,,
dataflow,ESTAT:MIGR_RESFIRST(1.0),"First permits by reason, length of validity and citizenship",A,Annual,TOTAL,Total,SB,Solomon Islands,TOTAL,Total,PER,Person,EU28,European Union - 28 countries (2013-2020),2016,,19,,,,,
dataflow,ESTAT:MIGR_RESFIRST(1.0),"First permits by reason, length of validity and citizenship",A,Annual,TOTAL,Total,SB,Solomon Islands,TOTAL,Total,PER,Person,EU28,European Union - 28 countries (2013-2020),2017,,13,,,,,
dataflow,ESTAT:MIGR_RESFIRST(1.0),"First permits by reason, length of validity and citizenship",A,Annual,TOTAL,Total,SB,Solomon Islands,TOTAL,Total,PER,Person,EU28,European Union - 28 countries (2013-2020),2018,,48,,,,,
dataflow,ESTAT:MIGR_RESFIRST(1.0),"First permits by reason, length of validity and citizenship",A,Annual,TOTAL,Total,SC,Seychelles,TOTAL,Total,PER,Person,EU27_2020,European Union - 27 countries (from 2020),2013,,92,,,,,
dataflow,ESTAT:MIGR_RESFIRST(1.0),"First permits by reason, length of validity and citizenship",A,Annual,TOTAL,Total,SC,Seychelles,TOTAL,Total,PER,Person,EU27_2020,European Union - 27 countries (from 2020),2014,,81,,,,,
dataflow,ESTAT:MIGR_RESFIRST(1.0),"First permits by reason, length of validity and citizenship",A,Annual,TOTAL,Total,SC,Seychelles,TOTAL,Total,PER,Person,EU27_2020,European Union - 27 countries (from 2020),2015,,71,,,,,
dataflow,ESTAT:MIGR_RESFIRST(1.0),"First permits by reason, length of validity and citizenship",A,Annual,TOTAL,Total,SC,Seychelles,TOTAL,Total,PER,Person,EU27_2020,European Union - 27 countries (from 2020),2016,,81,,,,,
dataflow,ESTAT:MIGR_RESFIRST(1.0),"First permits by reason, length of validity and citizenship",A,Annual,TOTAL,Total,SC,Seychelles,TOTAL,Total,PER,Person,EU27_2020,European Union - 27 countries (from 2020),2017,,86,,,,,
dataflow,ESTAT:MIGR_RESFIRST(1.0),"First permits by reason, length of validity and citizenship",A,Annual,TOTAL,Total,SC,Seychelles,TOTAL,Total,PER,Person,EU27_2020,European Union - 27 countries (from 2020),2018,,73,,,,,
dataflow,ESTAT:MIGR_RESFIRST(1.0),"First permits by reason, length of validity and citizenship",A,Annual,TOTAL,Total,SC,Seychelles,TOTAL,Total,PER,Person,EU27_2020,European Union - 27 countries (from 2020),2019,,61,,,,,
dataflow,ESTAT:MIGR_RESFIRST(1.0),"First permits by reason, length of validity and citizenship",A,Annual,TOTAL,Total,SC,Seychelles,TOTAL,Total,PER,Person,EU27_2020,European Union - 27 countries (from 2020),2020,,39,,,,,
dataflow,ESTAT:MIGR_RESFIRST(1.0),"First permits by reason, length of validity and citizenship",A,Annual,TOTAL,Total,SC,Seychelles,TOTAL,Total,PER,Person,EU27_2020,European Union - 27 countries (from 2020),2021,,91,,,,,
dataflow,ESTAT:MIGR_RESFIRST(1.0),"First permits by reason, length of validity and citizenship",A,Annual,TOTAL,Total,SC,Seychelles,TOTAL,Total,PER,Person,EU27_2020,European Union - 27 countries (from 2020),2022,,106,,,,,
dataflow,ESTAT:MIGR_RESFIRST(1.0),"First permits by reason, length of validity and citizenship",A,Annual,TOTAL,Total,SC,Seychelles,TOTAL,Total,PER,Person,EU27_2020,European Union - 27 countries (from 2020),2023,,121,,,,,
dataflow,ESTAT:MIGR_RESFIRST(1.0),"First permits by reason, length of validity and citizenship",A,Annual,TOTAL,Total,SC,Seychelles,TOTAL,Total,PER,Person,EU28,European Union - 28 countries (2013-2020),2013,,201,,,,,
dataflow,ESTAT:MIGR_RESFIRST(1.0),"First permits by reason, length of validity and citizenship",A,Annual,TOTAL,Total,SC,Seychelles,TOTAL,Total,PER,Person,EU28,European Union - 28 countries (2013-2020),2014,,210,,,,,
dataflow,ESTAT:MIGR_RESFIRST(1.0),"First permits by reason, length of validity and citizenship",A,Annual,TOTAL,Total,SC,Seychelles,TOTAL,Total,PER,Person,EU28,European Union - 28 countries (2013-2020),2015,,219,,,,,
dataflow,ESTAT:MIGR_RESFIRST(1.0),"First permits by reason, length of validity and citizenship",A,Annual,TOTAL,Total,SC,Seychelles,TOTAL,Total,PER,Person,EU28,European Union - 28 countries (2013-2020),2016,,957,,,,,
dataflow,ESTAT:MIGR_RESFIRST(1.0),"First permits by reason, length of validity and citizenship",A,Annual,TOTAL,Total,SC,Seychelles,TOTAL,Total,PER,Person,EU28,European Union - 28 countries (2013-2020),2017,,198,,,,,
dataflow,ESTAT:MIGR_RESFIRST(1.0),"First permits by reason, length of validity and citizenship",A,Annual,TOTAL,Total,SC,Seychelles,TOTAL,Total,PER,Person,EU28,European Union - 28 countries (2013-2020),2018,,181,,,,,
dataflow,ESTAT:MIGR_RESFIRST(1.0),"First permits by reason, length of validity and citizenship",A,Annual,TOTAL,Total,SD,Sudan,TOTAL,Total,PER,Person,EU27_2020,European Union - 27 countries (from 2020),2013,,1478,,,,,
dataflow,ESTAT:MIGR_RESFIRST(1.0),"First permits by reason, length of validity and citizenship",A,Annual,TOTAL,Total,SD,Sudan,TOTAL,Total,PER,Person,EU27_2020,European Union - 27 countries (from 2020),2014,,1605,,,,,
dataflow,ESTAT:MIGR_RESFIRST(1.0),"First permits by reason, length of validity and citizenship",A,Annual,TOTAL,Total,SD,Sudan,TOTAL,Total,PER,Person,EU27_2020,European Union - 27 countries (from 2020),2015,,2318,,,,,
dataflow,ESTAT:MIGR_RESFIRST(1.0),"First permits by reason, length of validity and citizenship",A,Annual,TOTAL,Total,SD,Sudan,TOTAL,Total,PER,Person,EU27_2020,European Union - 27 countries (from 2020),2016,,3845,,,,,
dataflow,ESTAT:MIGR_RESFIRST(1.0),"First permits by reason, length of validity and citizenship",A,Annual,TOTAL,Total,SD,Sudan,TOTAL,Total,PER,Person,EU27_2020,European Union - 27 countries (from 2020),2017,,6975,,,,,
dataflow,ESTAT:MIGR_RESFIRST(1.0),"First permits by reason, length of validity and citizenship",A,Annual,TOTAL,Total,SD,Sudan,TOTAL,Total,PER,Person,EU27_2020,European Union - 27 countries (from 2020),2018,,6476,,,,,
dataflow,ESTAT:MIGR_RESFIRST(1.0),"First permits by reason, length of validity and citizenship",A,Annual,TOTAL,Total,SD,Sudan,TOTAL,Total,PER,Person,EU27_2020,European Union - 27 countries (from 2020),2019,,6525,,,,,
dataflow,ESTAT:MIGR_RESFIRST(1.0),"First permits by reason, length of validity and citizenship",A,Annual,TOTAL,Total,SD,Sudan,TOTAL,Total,PER,Person,EU27_2020,European Union - 27 countries (from 2020),2020,,5441,,,,,
dataflow,ESTAT:MIGR_RESFIRST(1.0),"First permits by reason, length of validity and citizenship",A,Annual,TOTAL,Total,SD,Sudan,TOTAL,Total,PER,Person,EU27_2020,European Union - 27 countries (from 2020),2021,,5756,,,,,
dataflow,ESTAT:MIGR_RESFIRST(1.0),"First permits by reason, length of validity and citizenship",A,Annual,TOTAL,Total,SD,Sudan,TOTAL,Total,PER,Person,EU27_2020,European Union - 27 countries (from 2020),2022,,6157,,,,,
dataflow,ESTAT:MIGR_RESFIRST(1.0),"First permits by reason, length of validity and citizenship",A,Annual,TOTAL,Total,SD,Sudan,TOTAL,Total,PER,Person,EU27_2020,European Union - 27 countries (from 2020),2023,,6531,,,,,
dataflow,ESTAT:MIGR_RESFIRST(1.0),"First permits by reason, length of validity and citizenship",A,Annual,TOTAL,Total,SD,Sudan,TOTAL,Total,PER,Person,EU28,European Union - 28 countries (2013-2020),2013,,3149,,,,,
dataflow,ESTAT:MIGR_RESFIRST(1.0),"First permits by reason, length of validity and citizenship",A,Annual,TOTAL,Total,SD,Sudan,TOTAL,Total,PER,Person,EU28,European Union - 28 countries (2013-2020),2014,,3461,,,,,
dataflow,ESTAT:MIGR_RESFIRST(1.0),"First permits by reason, length of validity and citizenship",A,Annual,TOTAL,Total,SD,Sudan,TOTAL,Total,PER,Person,EU28,European Union - 28 countries (2013-2020),2015,,6002,,,,,
dataflow,ESTAT:MIGR_RESFIRST(1.0),"First permits by reason, length of validity and citizenship",A,Annual,TOTAL,Total,SD,Sudan,TOTAL,Total,PER,Person,EU28,European Union - 28 countries (2013-2020),2016,,6721,,,,,
dataflow,ESTAT:MIGR_RESFIRST(1.0),"First permits by reason, length of validity and citizenship",A,Annual,TOTAL,Total,SD,Sudan,TOTAL,Total,PER,Person,EU28,European Union - 28 countries (2013-2020),2017,,9413,,,,,
dataflow,ESTAT:MIGR_RESFIRST(1.0),"First permits by reason, length of validity and citizenship",A,Annual,TOTAL,Total,SD,Sudan,TOTAL,Total,PER,Person,EU28,European Union - 28 countries (2013-2020),2018,,8414,,,,,
dataflow,ESTAT:MIGR_RESFIRST(1.0),"First permits by reason, length of validity and citizenship",A,Annual,TOTAL,Total,SG,Singapore,TOTAL,Total,PER,Person,EU27_2020,European Union - 27 countries (from 2020),2013,,1933,,,,,
dataflow,ESTAT:MIGR_RESFIRST(1.0),"First permits by reason, length of validity and citizenship",A,Annual,TOTAL,Total,SG,Singapore,TOTAL,Total,PER,Person,EU27_2020,European Union - 27 countries (from 2020),2014,,1954,,,,,
dataflow,ESTAT:MIGR_RESFIRST(1.0),"First permits by reason, length of validity and citizenship",A,Annual,TOTAL,Total,SG,Singapore,TOTAL,Total,PER,Person,EU27_2020,European Union - 27 countries (from 2020),2015,,2112,,,,,
dataflow,ESTAT:MIGR_RESFIRST(1.0),"First permits by reason, length of validity and citizenship",A,Annual,TOTAL,Total,SG,Singapore,TOTAL,Total,PER,Person,EU27_2020,European Union - 27 countries (from 2020),2016,,2198,,,,,
dataflow,ESTAT:MIGR_RESFIRST(1.0),"First permits by reason, length of validity and citizenship",A,Annual,TOTAL,Total,SG,Singapore,TOTAL,Total,PER,Person,EU27_2020,European Union - 27 countries (from 2020),2017,,2396,,,,,
dataflow,ESTAT:MIGR_RESFIRST(1.0),"First permits by reason, length of validity and citizenship",A,Annual,TOTAL,Total,SG,Singapore,TOTAL,Total,PER,Person,EU27_2020,European Union - 27 countries (from 2020),2018,,2597,,,,,
dataflow,ESTAT:MIGR_RESFIRST(1.0),"First permits by reason, length of validity and citizenship",A,Annual,TOTAL,Total,SG,Singapore,TOTAL,Total,PER,Person,EU27_2020,European Union - 27 countries (from 2020),2019,,2602,,,,,
dataflow,ESTAT:MIGR_RESFIRST(1.0),"First permits by reason, length of validity and citizenship",A,Annual,TOTAL,Total,SG,Singapore,TOTAL,Total,PER,Person,EU27_2020,European Union - 27 countries (from 2020),2020,,918,,,,,
dataflow,ESTAT:MIGR_RESFIRST(1.0),"First permits by reason, length of validity and citizenship",A,Annual,TOTAL,Total,SG,Singapore,TOTAL,Total,PER,Person,EU27_2020,European Union - 27 countries (from 2020),2021,,1435,,,,,
dataflow,ESTAT:MIGR_RESFIRST(1.0),"First permits by reason, length of validity and citizenship",A,Annual,TOTAL,Total,SG,Singapore,TOTAL,Total,PER,Person,EU27_2020,European Union - 27 countries (from 2020),2022,,2474,,,,,
dataflow,ESTAT:MIGR_RESFIRST(1.0),"First permits by reason, length of validity and citizenship",A,Annual,TOTAL,Total,SG,Singapore,TOTAL,Total,PER,Person,EU27_2020,European Union - 27 countries (from 2020),2023,,2590,,,,,
dataflow,ESTAT:MIGR_RESFIRST(1.0),"First permits by reason, length of validity and citizenship",A,Annual,TOTAL,Total,SG,Singapore,TOTAL,Total,PER,Person,EU28,European Union - 28 countries (2013-2020),2013,,5817,,,,,
dataflow,ESTAT:MIGR_RESFIRST(1.0),"First permits by reason, length of validity and citizenship",A,Annual,TOTAL,Total,SG,Singapore,TOTAL,Total,PER,Person,EU28,European Union - 28 countries (2013-2020),2014,,5705,,,,,
dataflow,ESTAT:MIGR_RESFIRST(1.0),"First permits by reason, length of validity and citizenship",A,Annual,TOTAL,Total,SG,Singapore,TOTAL,Total,PER,Person,EU28,European Union - 28 countries (2013-2020),2015,,5900,,,,,
dataflow,ESTAT:MIGR_RESFIRST(1.0),"First permits by reason, length of validity and citizenship",A,Annual,TOTAL,Total,SG,Singapore,TOTAL,Total,PER,Person,EU28,European Union - 28 countries (2013-2020),2016,,5528,,,,,
dataflow,ESTAT:MIGR_RESFIRST(1.0),"First permits by reason, length of validity and citizenship",A,Annual,TOTAL,Total,SG,Singapore,TOTAL,Total,PER,Person,EU28,European Union - 28 countries (2013-2020),2017,,5440,,,,,
dataflow,ESTAT:MIGR_RESFIRST(1.0),"First permits by reason, length of validity and citizenship",A,Annual,TOTAL,Total,SG,Singapore,TOTAL,Total,PER,Person,EU28,European Union - 28 countries (2013-2020),2018,,5338,,,,,
dataflow,ESTAT:MIGR_RESFIRST(1.0),"First permits by reason, length of validity and citizenship",A,Annual,TOTAL,Total,SL,Sierra Leone,TOTAL,Total,PER,Person,EU27_2020,European Union - 27 countries (from 2020),2013,,783,,,,,
dataflow,ESTAT:MIGR_RESFIRST(1.0),"First permits by reason, length of validity and citizenship",A,Annual,TOTAL,Total,SL,Sierra Leone,TOTAL,Total,PER,Person,EU27_2020,European Union - 27 countries (from 2020),2014,,738,,,,,
dataflow,ESTAT:MIGR_RESFIRST(1.0),"First permits by reason, length of validity and citizenship",A,Annual,TOTAL,Total,SL,Sierra Leone,TOTAL,Total,PER,Person,EU27_2020,European Union - 27 countries (from 2020),2015,,726,,,,,
dataflow,ESTAT:MIGR_RESFIRST(1.0),"First permits by reason, length of validity and citizenship",A,Annual,TOTAL,Total,SL,Sierra Leone,TOTAL,Total,PER,Person,EU27_2020,European Union - 27 countries (from 2020),2016,,1020,,,,,
dataflow,ESTAT:MIGR_RESFIRST(1.0),"First permits by reason, length of validity and citizenship",A,Annual,TOTAL,Total,SL,Sierra Leone,TOTAL,Total,PER,Person,EU27_2020,European Union - 27 countries (from 2020),2017,,1626,,,,,
dataflow,ESTAT:MIGR_RESFIRST(1.0),"First permits by reason, length of validity and citizenship",A,Annual,TOTAL,Total,SL,Sierra Leone,TOTAL,Total,PER,Person,EU27_2020,European Union - 27 countries (from 2020),2018,,1141,,,,,
dataflow,ESTAT:MIGR_RESFIRST(1.0),"First permits by reason, length of validity and citizenship",A,Annual,TOTAL,Total,SL,Sierra Leone,TOTAL,Total,PER,Person,EU27_2020,European Union - 27 countries (from 2020),2019,,1027,,,,,
dataflow,ESTAT:MIGR_RESFIRST(1.0),"First permits by reason, length of validity and citizenship",A,Annual,TOTAL,Total,SL,Sierra Leone,TOTAL,Total,PER,Person,EU27_2020,European Union - 27 countries (from 2020),2020,,923,,,,,
dataflow,ESTAT:MIGR_RESFIRST(1.0),"First permits by reason, length of validity and citizenship",A,Annual,TOTAL,Total,SL,Sierra Leone,TOTAL,Total,PER,Person,EU27_2020,European Union - 27 countries (from 2020),2021,,1356,,,,,
dataflow,ESTAT:MIGR_RESFIRST(1.0),"First permits by reason, length of validity and citizenship",A,Annual,TOTAL,Total,SL,Sierra Leone,TOTAL,Total,PER,Person,EU27_2020,European Union - 27 countries (from 2020),2022,,1644,,,,,
dataflow,ESTAT:MIGR_RESFIRST(1.0),"First permits by reason, length of validity and citizenship",A,Annual,TOTAL,Total,SL,Sierra Leone,TOTAL,Total,PER,Person,EU27_2020,European Union - 27 countries (from 2020),2023,,1951,,,,,
dataflow,ESTAT:MIGR_RESFIRST(1.0),"First permits by reason, length of validity and citizenship",A,Annual,TOTAL,Total,SL,Sierra Leone,TOTAL,Total,PER,Person,EU28,European Union - 28 countries (2013-2020),2013,,1263,,,,,
dataflow,ESTAT:MIGR_RESFIRST(1.0),"First permits by reason, length of validity and citizenship",A,Annual,TOTAL,Total,SL,Sierra Leone,TOTAL,Total,PER,Person,EU28,European Union - 28 countries (2013-2020),2014,,1138,,,,,
dataflow,ESTAT:MIGR_RESFIRST(1.0),"First permits by reason, length of validity and citizenship",A,Annual,TOTAL,Total,SL,Sierra Leone,TOTAL,Total,PER,Person,EU28,European Union - 28 countries (2013-2020),2015,,1074,,,,,
dataflow,ESTAT:MIGR_RESFIRST(1.0),"First permits by reason, length of validity and citizenship",A,Annual,TOTAL,Total,SL,Sierra Leone,TOTAL,Total,PER,Person,EU28,European Union - 28 countries (2013-2020),2016,,1358,,,,,
dataflow,ESTAT:MIGR_RESFIRST(1.0),"First permits by reason, length of validity and citizenship",A,Annual,TOTAL,Total,SL,Sierra Leone,TOTAL,Total,PER,Person,EU28,European Union - 28 countries (2013-2020),2017,,2002,,,,,
dataflow,ESTAT:MIGR_RESFIRST(1.0),"First permits by reason, length of validity and citizenship",A,Annual,TOTAL,Total,SL,Sierra Leone,TOTAL,Total,PER,Person,EU28,European Union - 28 countries (2013-2020),2018,,1473,,,,,
dataflow,ESTAT:MIGR_RESFIRST(1.0),"First permits by reason, length of validity and citizenship",A,Annual,TOTAL,Total,SM,San Marino,TOTAL,Total,PER,Person,EU27_2020,European Union - 27 countries (from 2020),2013,,5,,,,,
dataflow,ESTAT:MIGR_RESFIRST(1.0),"First permits by reason, length of validity and citizenship",A,Annual,TOTAL,Total,SM,San Marino,TOTAL,Total,PER,Person,EU27_2020,European Union - 27 countries (from 2020),2014,,7,,,,,
dataflow,ESTAT:MIGR_RESFIRST(1.0),"First permits by reason, length of validity and citizenship",A,Annual,TOTAL,Total,SM,San Marino,TOTAL,Total,PER,Person,EU27_2020,European Union - 27 countries (from 2020),2015,,7,,,,,
dataflow,ESTAT:MIGR_RESFIRST(1.0),"First permits by reason, length of validity and citizenship",A,Annual,TOTAL,Total,SM,San Marino,TOTAL,Total,PER,Person,EU27_2020,European Union - 27 countries (from 2020),2016,,12,,,,,
dataflow,ESTAT:MIGR_RESFIRST(1.0),"First permits by reason, length of validity and citizenship",A,Annual,TOTAL,Total,SM,San Marino,TOTAL,Total,PER,Person,EU27_2020,European Union - 27 countries (from 2020),2017,,9,,,,,
dataflow,ESTAT:MIGR_RESFIRST(1.0),"First permits by reason, length of validity and citizenship",A,Annual,TOTAL,Total,SM,San Marino,TOTAL,Total,PER,Person,EU27_2020,European Union - 27 countries (from 2020),2018,,9,,,,,
dataflow,ESTAT:MIGR_RESFIRST(1.0),"First permits by reason, length of validity and citizenship",A,Annual,TOTAL,Total,SM,San Marino,TOTAL,Total,PER,Person,EU27_2020,European Union - 27 countries (from 2020),2019,,6,,,,,
dataflow,ESTAT:MIGR_RESFIRST(1.0),"First permits by reason, length of validity and citizenship",A,Annual,TOTAL,Total,SM,San Marino,TOTAL,Total,PER,Person,EU27_2020,European Union - 27 countries (from 2020),2020,,2,,,,,
dataflow,ESTAT:MIGR_RESFIRST(1.0),"First permits by reason, length of validity and citizenship",A,Annual,TOTAL,Total,SM,San Marino,TOTAL,Total,PER,Person,EU27_2020,European Union - 27 countries (from 2020),2021,,9,,,,,
dataflow,ESTAT:MIGR_RESFIRST(1.0),"First permits by reason, length of validity and citizenship",A,Annual,TOTAL,Total,SM,San Marino,TOTAL,Total,PER,Person,EU27_2020,European Union - 27 countries (from 2020),2022,,15,,,,,
dataflow,ESTAT:MIGR_RESFIRST(1.0),"First permits by reason, length of validity and citizenship",A,Annual,TOTAL,Total,SM,San Marino,TOTAL,Total,PER,Person,EU27_2020,European Union - 27 countries (from 2020),2023,,9,,,,,
dataflow,ESTAT:MIGR_RESFIRST(1.0),"First permits by reason, length of validity and citizenship",A,Annual,TOTAL,Total,SM,San Marino,TOTAL,Total,PER,Person,EU28,European Union - 28 countries (2013-2020),2013,,7,,,,,
dataflow,ESTAT:MIGR_RESFIRST(1.0),"First permits by reason, length of validity and citizenship",A,Annual,TOTAL,Total,SM,San Marino,TOTAL,Total,PER,Person,EU28,European Union - 28 countries (2013-2020),2014,,10,,,,,
dataflow,ESTAT:MIGR_RESFIRST(1.0),"First permits by reason, length of validity and citizenship",A,Annual,TOTAL,Total,SM,San Marino,TOTAL,Total,PER,Person,EU28,European Union - 28 countries (2013-2020),2015,,15,,,,,
dataflow,ESTAT:MIGR_RESFIRST(1.0),"First permits by reason, length of validity and citizenship",A,Annual,TOTAL,Total,SM,San Marino,TOTAL,Total,PER,Person,EU28,European Union - 28 countries (2013-2020),2016,,13,,,,,
dataflow,ESTAT:MIGR_RESFIRST(1.0),"First permits by reason, length of validity and citizenship",A,Annual,TOTAL,Total,SM,San Marino,TOTAL,Total,PER,Person,EU28,European Union - 28 countries (2013-2020),2017,,11,,,,,
dataflow,ESTAT:MIGR_RESFIRST(1.0),"First permits by reason, length of validity and citizenship",A,Annual,TOTAL,Total,SM,San Marino,TOTAL,Total,PER,Person,EU28,European Union - 28 countries (2013-2020),2018,,11,,,,,
dataflow,ESTAT:MIGR_RESFIRST(1.0),"First permits by reason, length of validity and citizenship",A,Annual,TOTAL,Total,SN,Senegal,TOTAL,Total,PER,Person,EU27_2020,European Union - 27 countries (from 2020),2013,,17568,,,,,
dataflow,ESTAT:MIGR_RESFIRST(1.0),"First permits by reason, length of validity and citizenship",A,Annual,TOTAL,Total,SN,Senegal,TOTAL,Total,PER,Person,EU27_2020,European Union - 27 countries (from 2020),2014,,15934,,,,,
dataflow,ESTAT:MIGR_RESFIRST(1.0),"First permits by reason, length of validity and citizenship",A,Annual,TOTAL,Total,SN,Senegal,TOTAL,Total,PER,Person,EU27_2020,European Union - 27 countries (from 2020),2015,,15481,,,,,
dataflow,ESTAT:MIGR_RESFIRST(1.0),"First permits by reason, length of validity and citizenship",A,Annual,TOTAL,Total,SN,Senegal,TOTAL,Total,PER,Person,EU27_2020,European Union - 27 countries (from 2020),2016,,20053,,,,,
dataflow,ESTAT:MIGR_RESFIRST(1.0),"First permits by reason, length of validity and citizenship",A,Annual,TOTAL,Total,SN,Senegal,TOTAL,Total,PER,Person,EU27_2020,European Union - 27 countries (from 2020),2017,,23977,,,,,
dataflow,ESTAT:MIGR_RESFIRST(1.0),"First permits by reason, length of validity and citizenship",A,Annual,TOTAL,Total,SN,Senegal,TOTAL,Total,PER,Person,EU27_2020,European Union - 27 countries (from 2020),2018,,20995,,,,,
dataflow,ESTAT:MIGR_RESFIRST(1.0),"First permits by reason, length of validity and citizenship",A,Annual,TOTAL,Total,SN,Senegal,TOTAL,Total,PER,Person,EU27_2020,European Union - 27 countries (from 2020),2019,,20836,,,,,
dataflow,ESTAT:MIGR_RESFIRST(1.0),"First permits by reason, length of validity and citizenship",A,Annual,TOTAL,Total,SN,Senegal,TOTAL,Total,PER,Person,EU27_2020,European Union - 27 countries (from 2020),2020,,17007,,,,,
dataflow,ESTAT:MIGR_RESFIRST(1.0),"First permits by reason, length of validity and citizenship",A,Annual,TOTAL,Total,SN,Senegal,TOTAL,Total,PER,Person,EU27_2020,European Union - 27 countries (from 2020),2021,,24151,,,,,
dataflow,ESTAT:MIGR_RESFIRST(1.0),"First permits by reason, length of validity and citizenship",A,Annual,TOTAL,Total,SN,Senegal,TOTAL,Total,PER,Person,EU27_2020,European Union - 27 countries (from 2020),2022,,27358,,,,,
dataflow,ESTAT:MIGR_RESFIRST(1.0),"First permits by reason, length of validity and citizenship",A,Annual,TOTAL,Total,SN,Senegal,TOTAL,Total,PER,Person,EU27_2020,European Union - 27 countries (from 2020),2023,,30073,,,,,
dataflow,ESTAT:MIGR_RESFIRST(1.0),"First permits by reason, length of validity and citizenship",A,Annual,TOTAL,Total,SN,Senegal,TOTAL,Total,PER,Person,EU28,European Union - 28 countries (2013-2020),2013,,17816,,,,,
dataflow,ESTAT:MIGR_RESFIRST(1.0),"First permits by reason, length of validity and citizenship",A,Annual,TOTAL,Total,SN,Senegal,TOTAL,Total,PER,Person,EU28,European Union - 28 countries (2013-2020),2014,,16214,,,,,
dataflow,ESTAT:MIGR_RESFIRST(1.0),"First permits by reason, length of validity and citizenship",A,Annual,TOTAL,Total,SN,Senegal,TOTAL,Total,PER,Person,EU28,European Union - 28 countries (2013-2020),2015,,15750,,,,,
dataflow,ESTAT:MIGR_RESFIRST(1.0),"First permits by reason, length of validity and citizenship",A,Annual,TOTAL,Total,SN,Senegal,TOTAL,Total,PER,Person,EU28,European Union - 28 countries (2013-2020),2016,,20294,,,,,
dataflow,ESTAT:MIGR_RESFIRST(1.0),"First permits by reason, length of validity and citizenship",A,Annual,TOTAL,Total,SN,Senegal,TOTAL,Total,PER,Person,EU28,European Union - 28 countries (2013-2020),2017,,24266,,,,,
dataflow,ESTAT:MIGR_RESFIRST(1.0),"First permits by reason, length of validity and citizenship",A,Annual,TOTAL,Total,SN,Senegal,TOTAL,Total,PER,Person,EU28,European Union - 28 countries (2013-2020),2018,,21288,,,,,
dataflow,ESTAT:MIGR_RESFIRST(1.0),"First permits by reason, length of validity and citizenship",A,Annual,TOTAL,Total,SO,Somalia,TOTAL,Total,PER,Person,EU27_2020,European Union - 27 countries (from 2020),2013,,18367,,,,,
dataflow,ESTAT:MIGR_RESFIRST(1.0),"First permits by reason, length of validity and citizenship",A,Annual,TOTAL,Total,SO,Somalia,TOTAL,Total,PER,Person,EU27_2020,European Union - 27 countries (from 2020),2014,,11818,,,,,
dataflow,ESTAT:MIGR_RESFIRST(1.0),"First permits by reason, length of validity and citizenship",A,Annual,TOTAL,Total,SO,Somalia,TOTAL,Total,PER,Person,EU27_2020,European Union - 27 countries (from 2020),2015,,9423,,,,,
dataflow,ESTAT:MIGR_RESFIRST(1.0),"First permits by reason, length of validity and citizenship",A,Annual,TOTAL,Total,SO,Somalia,TOTAL,Total,PER,Person,EU27_2020,European Union - 27 countries (from 2020),2016,,13290,,,,,
dataflow,ESTAT:MIGR_RESFIRST(1.0),"First permits by reason, length of validity and citizenship",A,Annual,TOTAL,Total,SO,Somalia,TOTAL,Total,PER,Person,EU27_2020,European Union - 27 countries (from 2020),2017,,20385,,,,,
dataflow,ESTAT:MIGR_RESFIRST(1.0),"First permits by reason, length of validity and citizenship",A,Annual,TOTAL,Total,SO,Somalia,TOTAL,Total,PER,Person,EU27_2020,European Union - 27 countries (from 2020),2018,,15951,,,,,
dataflow,ESTAT:MIGR_RESFIRST(1.0),"First permits by reason, length of validity and citizenship",A,Annual,TOTAL,Total,SO,Somalia,TOTAL,Total,PER,Person,EU27_2020,European Union - 27 countries (from 2020),2019,,11373,,,,,
dataflow,ESTAT:MIGR_RESFIRST(1.0),"First permits by reason, length of validity and citizenship",A,Annual,TOTAL,Total,SO,Somalia,TOTAL,Total,PER,Person,EU27_2020,European Union - 27 countries (from 2020),2020,,9818,,,,,
dataflow,ESTAT:MIGR_RESFIRST(1.0),"First permits by reason, length of validity and citizenship",A,Annual,TOTAL,Total,SO,Somalia,TOTAL,Total,PER,Person,EU27_2020,European Union - 27 countries (from 2020),2021,,13787,,,,,
dataflow,ESTAT:MIGR_RESFIRST(1.0),"First permits by reason, length of validity and citizenship",A,Annual,TOTAL,Total,SO,Somalia,TOTAL,Total,PER,Person,EU27_2020,European Union - 27 countries (from 2020),2022,,14951,,,,,
dataflow,ESTAT:MIGR_RESFIRST(1.0),"First permits by reason, length of validity and citizenship",A,Annual,TOTAL,Total,SO,Somalia,TOTAL,Total,PER,Person,EU27_2020,European Union - 27 countries (from 2020),2023,,16195,,,,,
dataflow,ESTAT:MIGR_RESFIRST(1.0),"First permits by reason, length of validity and citizenship",A,Annual,TOTAL,Total,SO,Somalia,TOTAL,Total,PER,Person,EU28,European Union - 28 countries (2013-2020),2013,,19960,,,,,
dataflow,ESTAT:MIGR_RESFIRST(1.0),"First permits by reason, length of validity and citizenship",A,Annual,TOTAL,Total,SO,Somalia,TOTAL,Total,PER,Person,EU28,European Union - 28 countries (2013-2020),2014,,12816,,,,,
dataflow,ESTAT:MIGR_RESFIRST(1.0),"First permits by reason, length of validity and citizenship",A,Annual,TOTAL,Total,SO,Somalia,TOTAL,Total,PER,Person,EU28,European Union - 28 countries (2013-2020),2015,,10207,,,,,
dataflow,ESTAT:MIGR_RESFIRST(1.0),"First permits by reason, length of validity and citizenship",A,Annual,TOTAL,Total,SO,Somalia,TOTAL,Total,PER,Person,EU28,European Union - 28 countries (2013-2020),2016,,14088,,,,,
dataflow,ESTAT:MIGR_RESFIRST(1.0),"First permits by reason, length of validity and citizenship",A,Annual,TOTAL,Total,SO,Somalia,TOTAL,Total,PER,Person,EU28,European Union - 28 countries (2013-2020),2017,,21321,,,,,
dataflow,ESTAT:MIGR_RESFIRST(1.0),"First permits by reason, length of validity and citizenship",A,Annual,TOTAL,Total,SO,Somalia,TOTAL,Total,PER,Person,EU28,European Union - 28 countries (2013-2020),2018,,16958,,,,,
dataflow,ESTAT:MIGR_RESFIRST(1.0),"First permits by reason, length of validity and citizenship",A,Annual,TOTAL,Total,SR,Suriname,TOTAL,Total,PER,Person,EU27_2020,European Union - 27 countries (from 2020),2013,,1774,,,,,
dataflow,ESTAT:MIGR_RESFIRST(1.0),"First permits by reason, length of validity and citizenship",A,Annual,TOTAL,Total,SR,Suriname,TOTAL,Total,PER,Person,EU27_2020,European Union - 27 countries (from 2020),2014,,1697,,,,,
dataflow,ESTAT:MIGR_RESFIRST(1.0),"First permits by reason, length of validity and citizenship",A,Annual,TOTAL,Total,SR,Suriname,TOTAL,Total,PER,Person,EU27_2020,European Union - 27 countries (from 2020),2015,,1598,,,,,
dataflow,ESTAT:MIGR_RESFIRST(1.0),"First permits by reason, length of validity and citizenship",A,Annual,TOTAL,Total,SR,Suriname,TOTAL,Total,PER,Person,EU27_2020,European Union - 27 countries (from 2020),2016,,1391,,,,,
dataflow,ESTAT:MIGR_RESFIRST(1.0),"First permits by reason, length of validity and citizenship",A,Annual,TOTAL,Total,SR,Suriname,TOTAL,Total,PER,Person,EU27_2020,European Union - 27 countries (from 2020),2017,,1818,,,,,
dataflow,ESTAT:MIGR_RESFIRST(1.0),"First permits by reason, length of validity and citizenship",A,Annual,TOTAL,Total,SR,Suriname,TOTAL,Total,PER,Person,EU27_2020,European Union - 27 countries (from 2020),2018,,2318,,,,,
dataflow,ESTAT:MIGR_RESFIRST(1.0),"First permits by reason, length of validity and citizenship",A,Annual,TOTAL,Total,SR,Suriname,TOTAL,Total,PER,Person,EU27_2020,European Union - 27 countries (from 2020),2019,,2505,,,,,
dataflow,ESTAT:MIGR_RESFIRST(1.0),"First permits by reason, length of validity and citizenship",A,Annual,TOTAL,Total,SR,Suriname,TOTAL,Total,PER,Person,EU27_2020,European Union - 27 countries (from 2020),2020,,1746,,,,,
dataflow,ESTAT:MIGR_RESFIRST(1.0),"First permits by reason, length of validity and citizenship",A,Annual,TOTAL,Total,SR,Suriname,TOTAL,Total,PER,Person,EU27_2020,European Union - 27 countries (from 2020),2021,,1909,,,,,
dataflow,ESTAT:MIGR_RESFIRST(1.0),"First permits by reason, length of validity and citizenship",A,Annual,TOTAL,Total,SR,Suriname,TOTAL,Total,PER,Person,EU27_2020,European Union - 27 countries (from 2020),2022,,2376,,,,,
dataflow,ESTAT:MIGR_RESFIRST(1.0),"First permits by reason, length of validity and citizenship",A,Annual,TOTAL,Total,SR,Suriname,TOTAL,Total,PER,Person,EU27_2020,European Union - 27 countries (from 2020),2023,,3210,,,,,
dataflow,ESTAT:MIGR_RESFIRST(1.0),"First permits by reason, length of validity and citizenship",A,Annual,TOTAL,Total,SR,Suriname,TOTAL,Total,PER,Person,EU28,European Union - 28 countries (2013-2020),2013,,1783,,,,,
dataflow,ESTAT:MIGR_RESFIRST(1.0),"First permits by reason, length of validity and citizenship",A,Annual,TOTAL,Total,SR,Suriname,TOTAL,Total,PER,Person,EU28,European Union - 28 countries (2013-2020),2014,,1724,,,,,
dataflow,ESTAT:MIGR_RESFIRST(1.0),"First permits by reason, length of validity and citizenship",A,Annual,TOTAL,Total,SR,Suriname,TOTAL,Total,PER,Person,EU28,European Union - 28 countries (2013-2020),2015,,1620,,,,,
dataflow,ESTAT:MIGR_RESFIRST(1.0),"First permits by reason, length of validity and citizenship",A,Annual,TOTAL,Total,SR,Suriname,TOTAL,Total,PER,Person,EU28,European Union - 28 countries (2013-2020),2016,,1399,,,,,
dataflow,ESTAT:MIGR_RESFIRST(1.0),"First permits by reason, length of validity and citizenship",A,Annual,TOTAL,Total,SR,Suriname,TOTAL,Total,PER,Person,EU28,European Union - 28 countries (2013-2020),2017,,1827,,,,,
dataflow,ESTAT:MIGR_RESFIRST(1.0),"First permits by reason, length of validity and citizenship",A,Annual,TOTAL,Total,SR,Suriname,TOTAL,Total,PER,Person,EU28,European Union - 28 countries (2013-2020),2018,,2323,,,,,
dataflow,ESTAT:MIGR_RESFIRST(1.0),"First permits by reason, length of validity and citizenship",A,Annual,TOTAL,Total,SS,South Sudan,TOTAL,Total,PER,Person,EU27_2020,European Union - 27 countries (from 2020),2013,,32,,,,,
dataflow,ESTAT:MIGR_RESFIRST(1.0),"First permits by reason, length of validity and citizenship",A,Annual,TOTAL,Total,SS,South Sudan,TOTAL,Total,PER,Person,EU27_2020,European Union - 27 countries (from 2020),2014,,35,,,,,
dataflow,ESTAT:MIGR_RESFIRST(1.0),"First permits by reason, length of validity and citizenship",A,Annual,TOTAL,Total,SS,South Sudan,TOTAL,Total,PER,Person,EU27_2020,European Union - 27 countries (from 2020),2015,,39,,,,,
dataflow,ESTAT:MIGR_RESFIRST(1.0),"First permits by reason, length of validity and citizenship",A,Annual,TOTAL,Total,SS,South Sudan,TOTAL,Total,PER,Person,EU27_2020,European Union - 27 countries (from 2020),2016,,43,,,,,
dataflow,ESTAT:MIGR_RESFIRST(1.0),"First permits by reason, length of validity and citizenship",A,Annual,TOTAL,Total,SS,South Sudan,TOTAL,Total,PER,Person,EU27_2020,European Union - 27 countries (from 2020),2017,,111,,,,,
dataflow,ESTAT:MIGR_RESFIRST(1.0),"First permits by reason, length of validity and citizenship",A,Annual,TOTAL,Total,SS,South Sudan,TOTAL,Total,PER,Person,EU27_2020,European Union - 27 countries (from 2020),2018,,281,,,,,
dataflow,ESTAT:MIGR_RESFIRST(1.0),"First permits by reason, length of validity and citizenship",A,Annual,TOTAL,Total,SS,South Sudan,TOTAL,Total,PER,Person,EU27_2020,European Union - 27 countries (from 2020),2019,,387,,,,,
dataflow,ESTAT:MIGR_RESFIRST(1.0),"First permits by reason, length of validity and citizenship",A,Annual,TOTAL,Total,SS,South Sudan,TOTAL,Total,PER,Person,EU27_2020,European Union - 27 countries (from 2020),2020,,438,,,,,
dataflow,ESTAT:MIGR_RESFIRST(1.0),"First permits by reason, length of validity and citizenship",A,Annual,TOTAL,Total,SS,South Sudan,TOTAL,Total,PER,Person,EU27_2020,European Union - 27 countries (from 2020),2021,,354,,,,,
dataflow,ESTAT:MIGR_RESFIRST(1.0),"First permits by reason, length of validity and citizenship",A,Annual,TOTAL,Total,SS,South Sudan,TOTAL,Total,PER,Person,EU27_2020,European Union - 27 countries (from 2020),2022,,578,,,,,
dataflow,ESTAT:MIGR_RESFIRST(1.0),"First permits by reason, length of validity and citizenship",A,Annual,TOTAL,Total,SS,South Sudan,TOTAL,Total,PER,Person,EU27_2020,European Union - 27 countries (from 2020),2023,,578,,,,,
dataflow,ESTAT:MIGR_RESFIRST(1.0),"First permits by reason, length of validity and citizenship",A,Annual,TOTAL,Total,SS,South Sudan,TOTAL,Total,PER,Person,EU28,European Union - 28 countries (2013-2020),2013,,47,,,,,
dataflow,ESTAT:MIGR_RESFIRST(1.0),"First permits by reason, length of validity and citizenship",A,Annual,TOTAL,Total,SS,South Sudan,TOTAL,Total,PER,Person,EU28,European Union - 28 countries (2013-2020),2014,,60,,,,,
dataflow,ESTAT:MIGR_RESFIRST(1.0),"First permits by reason, length of validity and citizenship",A,Annual,TOTAL,Total,SS,South Sudan,TOTAL,Total,PER,Person,EU28,European Union - 28 countries (2013-2020),2015,,70,,,,,
dataflow,ESTAT:MIGR_RESFIRST(1.0),"First permits by reason, length of validity and citizenship",A,Annual,TOTAL,Total,SS,South Sudan,TOTAL,Total,PER,Person,EU28,European Union - 28 countries (2013-2020),2016,,87,,,,,
dataflow,ESTAT:MIGR_RESFIRST(1.0),"First permits by reason, length of validity and citizenship",A,Annual,TOTAL,Total,SS,South Sudan,TOTAL,Total,PER,Person,EU28,European Union - 28 countries (2013-2020),2017,,126,,,,,
dataflow,ESTAT:MIGR_RESFIRST(1.0),"First permits by reason, length of validity and citizenship",A,Annual,TOTAL,Total,SS,South Sudan,TOTAL,Total,PER,Person,EU28,European Union - 28 countries (2013-2020),2018,,334,,,,,
dataflow,ESTAT:MIGR_RESFIRST(1.0),"First permits by reason, length of validity and citizenship",A,Annual,TOTAL,Total,ST,São Tomé and Príncipe,TOTAL,Total,PER,Person,EU27_2020,European Union - 27 countries (from 2020),2013,,991,,,,,
dataflow,ESTAT:MIGR_RESFIRST(1.0),"First permits by reason, length of validity and citizenship",A,Annual,TOTAL,Total,ST,São Tomé and Príncipe,TOTAL,Total,PER,Person,EU27_2020,European Union - 27 countries (from 2020),2014,,780,,,,,
dataflow,ESTAT:MIGR_RESFIRST(1.0),"First permits by reason, length of validity and citizenship",A,Annual,TOTAL,Total,ST,São Tomé and Príncipe,TOTAL,Total,PER,Person,EU27_2020,European Union - 27 countries (from 2020),2015,,696,,,,,
dataflow,ESTAT:MIGR_RESFIRST(1.0),"First permits by reason, length of validity and citizenship",A,Annual,TOTAL,Total,ST,São Tomé and Príncipe,TOTAL,Total,PER,Person,EU27_2020,European Union - 27 countries (from 2020),2016,,649,,,,,
dataflow,ESTAT:MIGR_RESFIRST(1.0),"First permits by reason, length of validity and citizenship",A,Annual,TOTAL,Total,ST,São Tomé and Príncipe,TOTAL,Total,PER,Person,EU27_2020,European Union - 27 countries (from 2020),2017,,807,,,,,
dataflow,ESTAT:MIGR_RESFIRST(1.0),"First permits by reason, length of validity and citizenship",A,Annual,TOTAL,Total,ST,São Tomé and Príncipe,TOTAL,Total,PER,Person,EU27_2020,European Union - 27 countries (from 2020),2018,,1199,,,,,
dataflow,ESTAT:MIGR_RESFIRST(1.0),"First permits by reason, length of validity and citizenship",A,Annual,TOTAL,Total,ST,São Tomé and Príncipe,TOTAL,Total,PER,Person,EU27_2020,European Union - 27 countries (from 2020),2019,,1555,,,,,
dataflow,ESTAT:MIGR_RESFIRST(1.0),"First permits by reason, length of validity and citizenship",A,Annual,TOTAL,Total,ST,São Tomé and Príncipe,TOTAL,Total,PER,Person,EU27_2020,European Union - 27 countries (from 2020),2020,,1631,,,,,
dataflow,ESTAT:MIGR_RESFIRST(1.0),"First permits by reason, length of validity and citizenship",A,Annual,TOTAL,Total,ST,São Tomé and Príncipe,TOTAL,Total,PER,Person,EU27_2020,European Union - 27 countries (from 2020),2021,,2036,,,,,
dataflow,ESTAT:MIGR_RESFIRST(1.0),"First permits by reason, length of validity and citizenship",A,Annual,TOTAL,Total,ST,São Tomé and Príncipe,TOTAL,Total,PER,Person,EU27_2020,European Union - 27 countries (from 2020),2022,,2761,,,,,
dataflow,ESTAT:MIGR_RESFIRST(1.0),"First permits by reason, length of validity and citizenship",A,Annual,TOTAL,Total,ST,São Tomé and Príncipe,TOTAL,Total,PER,Person,EU27_2020,European Union - 27 countries (from 2020),2023,,3610,,,,,
dataflow,ESTAT:MIGR_RESFIRST(1.0),"First permits by reason, length of validity and citizenship",A,Annual,TOTAL,Total,ST,São Tomé and Príncipe,TOTAL,Total,PER,Person,EU28,European Union - 28 countries (2013-2020),2013,,1031,,,,,
dataflow,ESTAT:MIGR_RESFIRST(1.0),"First permits by reason, length of validity and citizenship",A,Annual,TOTAL,Total,ST,São Tomé and Príncipe,TOTAL,Total,PER,Person,EU28,European Union - 28 countries (2013-2020),2014,,829,,,,,
dataflow,ESTAT:MIGR_RESFIRST(1.0),"First permits by reason, length of validity and citizenship",A,Annual,TOTAL,Total,ST,São Tomé and Príncipe,TOTAL,Total,PER,Person,EU28,European Union - 28 countries (2013-2020),2015,,728,,,,,
dataflow,ESTAT:MIGR_RESFIRST(1.0),"First permits by reason, length of validity and citizenship",A,Annual,TOTAL,Total,ST,São Tomé and Príncipe,TOTAL,Total,PER,Person,EU28,European Union - 28 countries (2013-2020),2016,,711,,,,,
dataflow,ESTAT:MIGR_RESFIRST(1.0),"First permits by reason, length of validity and citizenship",A,Annual,TOTAL,Total,ST,São Tomé and Príncipe,TOTAL,Total,PER,Person,EU28,European Union - 28 countries (2013-2020),2017,,870,,,,,
dataflow,ESTAT:MIGR_RESFIRST(1.0),"First permits by reason, length of validity and citizenship",A,Annual,TOTAL,Total,ST,São Tomé and Príncipe,TOTAL,Total,PER,Person,EU28,European Union - 28 countries (2013-2020),2018,,1232,,,,,
dataflow,ESTAT:MIGR_RESFIRST(1.0),"First permits by reason, length of validity and citizenship",A,Annual,TOTAL,Total,STLS,Stateless,TOTAL,Total,PER,Person,EU27_2020,European Union - 27 countries (from 2020),2013,,7929,,,,,
dataflow,ESTAT:MIGR_RESFIRST(1.0),"First permits by reason, length of validity and citizenship",A,Annual,TOTAL,Total,STLS,Stateless,TOTAL,Total,PER,Person,EU27_2020,European Union - 27 countries (from 2020),2014,,12640,,,,,
dataflow,ESTAT:MIGR_RESFIRST(1.0),"First permits by reason, length of validity and citizenship",A,Annual,TOTAL,Total,STLS,Stateless,TOTAL,Total,PER,Person,EU27_2020,European Union - 27 countries (from 2020),2015,,17621,,,,,
dataflow,ESTAT:MIGR_RESFIRST(1.0),"First permits by reason, length of validity and citizenship",A,Annual,TOTAL,Total,STLS,Stateless,TOTAL,Total,PER,Person,EU27_2020,European Union - 27 countries (from 2020),2016,,18626,,,,,
dataflow,ESTAT:MIGR_RESFIRST(1.0),"First permits by reason, length of validity and citizenship",A,Annual,TOTAL,Total,STLS,Stateless,TOTAL,Total,PER,Person,EU27_2020,European Union - 27 countries (from 2020),2017,,13454,,,,,
dataflow,ESTAT:MIGR_RESFIRST(1.0),"First permits by reason, length of validity and citizenship",A,Annual,TOTAL,Total,STLS,Stateless,TOTAL,Total,PER,Person,EU27_2020,European Union - 27 countries (from 2020),2018,,8642,,,,,
dataflow,ESTAT:MIGR_RESFIRST(1.0),"First permits by reason, length of validity and citizenship",A,Annual,TOTAL,Total,STLS,Stateless,TOTAL,Total,PER,Person,EU27_2020,European Union - 27 countries (from 2020),2019,,6636,,,,,
dataflow,ESTAT:MIGR_RESFIRST(1.0),"First permits by reason, length of validity and citizenship",A,Annual,TOTAL,Total,STLS,Stateless,TOTAL,Total,PER,Person,EU27_2020,European Union - 27 countries (from 2020),2020,,5353,,,,,
dataflow,ESTAT:MIGR_RESFIRST(1.0),"First permits by reason, length of validity and citizenship",A,Annual,TOTAL,Total,STLS,Stateless,TOTAL,Total,PER,Person,EU27_2020,European Union - 27 countries (from 2020),2021,,4730,,,,,
dataflow,ESTAT:MIGR_RESFIRST(1.0),"First permits by reason, length of validity and citizenship",A,Annual,TOTAL,Total,STLS,Stateless,TOTAL,Total,PER,Person,EU27_2020,European Union - 27 countries (from 2020),2022,,4708,,,,,
dataflow,ESTAT:MIGR_RESFIRST(1.0),"First permits by reason, length of validity and citizenship",A,Annual,TOTAL,Total,STLS,Stateless,TOTAL,Total,PER,Person,EU27_2020,European Union - 27 countries (from 2020),2023,,4673,,,,,
dataflow,ESTAT:MIGR_RESFIRST(1.0),"First permits by reason, length of validity and citizenship",A,Annual,TOTAL,Total,STLS,Stateless,TOTAL,Total,PER,Person,EU28,European Union - 28 countries (2013-2020),2013,,8951,,,,,
dataflow,ESTAT:MIGR_RESFIRST(1.0),"First permits by reason, length of validity and citizenship",A,Annual,TOTAL,Total,STLS,Stateless,TOTAL,Total,PER,Person,EU28,European Union - 28 countries (2013-2020),2014,,14106,,,,,
dataflow,ESTAT:MIGR_RESFIRST(1.0),"First permits by reason, length of validity and citizenship",A,Annual,TOTAL,Total,STLS,Stateless,TOTAL,Total,PER,Person,EU28,European Union - 28 countries (2013-2020),2015,,18704,,,,,
dataflow,ESTAT:MIGR_RESFIRST(1.0),"First permits by reason, length of validity and citizenship",A,Annual,TOTAL,Total,STLS,Stateless,TOTAL,Total,PER,Person,EU28,European Union - 28 countries (2013-2020),2016,,19766,,,,,
dataflow,ESTAT:MIGR_RESFIRST(1.0),"First permits by reason, length of validity and citizenship",A,Annual,TOTAL,Total,STLS,Stateless,TOTAL,Total,PER,Person,EU28,European Union - 28 countries (2013-2020),2017,,14593,,,,,
dataflow,ESTAT:MIGR_RESFIRST(1.0),"First permits by reason, length of validity and citizenship",A,Annual,TOTAL,Total,STLS,Stateless,TOTAL,Total,PER,Person,EU28,European Union - 28 countries (2013-2020),2018,,9401,,,,,
dataflow,ESTAT:MIGR_RESFIRST(1.0),"First permits by reason, length of validity and citizenship",A,Annual,TOTAL,Total,SV,El Salvador,TOTAL,Total,PER,Person,EU27_2020,European Union - 27 countries (from 2020),2013,,2117,,,,,
dataflow,ESTAT:MIGR_RESFIRST(1.0),"First permits by reason, length of validity and citizenship",A,Annual,TOTAL,Total,SV,El Salvador,TOTAL,Total,PER,Person,EU27_2020,European Union - 27 countries (from 2020),2014,,2141,,,,,
dataflow,ESTAT:MIGR_RESFIRST(1.0),"First permits by reason, length of validity and citizenship",A,Annual,TOTAL,Total,SV,El Salvador,TOTAL,Total,PER,Person,EU27_2020,European Union - 27 countries (from 2020),2015,,2010,,,,,
dataflow,ESTAT:MIGR_RESFIRST(1.0),"First permits by reason, length of validity and citizenship",A,Annual,TOTAL,Total,SV,El Salvador,TOTAL,Total,PER,Person,EU27_2020,European Union - 27 countries (from 2020),2016,,2452,,,,,
dataflow,ESTAT:MIGR_RESFIRST(1.0),"First permits by reason, length of validity and citizenship",A,Annual,TOTAL,Total,SV,El Salvador,TOTAL,Total,PER,Person,EU27_2020,European Union - 27 countries (from 2020),2017,,3173,,,,,
dataflow,ESTAT:MIGR_RESFIRST(1.0),"First permits by reason, length of validity and citizenship",A,Annual,TOTAL,Total,SV,El Salvador,TOTAL,Total,PER,Person,EU27_2020,European Union - 27 countries (from 2020),2018,,4461,,,,,
dataflow,ESTAT:MIGR_RESFIRST(1.0),"First permits by reason, length of validity and citizenship",A,Annual,TOTAL,Total,SV,El Salvador,TOTAL,Total,PER,Person,EU27_2020,European Union - 27 countries (from 2020),2019,,8781,,,,,
dataflow,ESTAT:MIGR_RESFIRST(1.0),"First permits by reason, length of validity and citizenship",A,Annual,TOTAL,Total,SV,El Salvador,TOTAL,Total,PER,Person,EU27_2020,European Union - 27 countries (from 2020),2020,,5881,,,,,
dataflow,ESTAT:MIGR_RESFIRST(1.0),"First permits by reason, length of validity and citizenship",A,Annual,TOTAL,Total,SV,El Salvador,TOTAL,Total,PER,Person,EU27_2020,European Union - 27 countries (from 2020),2021,,6306,,,,,
dataflow,ESTAT:MIGR_RESFIRST(1.0),"First permits by reason, length of validity and citizenship",A,Annual,TOTAL,Total,SV,El Salvador,TOTAL,Total,PER,Person,EU27_2020,European Union - 27 countries (from 2020),2022,,8831,,,,,
dataflow,ESTAT:MIGR_RESFIRST(1.0),"First permits by reason, length of validity and citizenship",A,Annual,TOTAL,Total,SV,El Salvador,TOTAL,Total,PER,Person,EU27_2020,European Union - 27 countries (from 2020),2023,,8990,,,,,
dataflow,ESTAT:MIGR_RESFIRST(1.0),"First permits by reason, length of validity and citizenship",A,Annual,TOTAL,Total,SV,El Salvador,TOTAL,Total,PER,Person,EU28,European Union - 28 countries (2013-2020),2013,,2192,,,,,
dataflow,ESTAT:MIGR_RESFIRST(1.0),"First permits by reason, length of validity and citizenship",A,Annual,TOTAL,Total,SV,El Salvador,TOTAL,Total,PER,Person,EU28,European Union - 28 countries (2013-2020),2014,,2206,,,,,
dataflow,ESTAT:MIGR_RESFIRST(1.0),"First permits by reason, length of validity and citizenship",A,Annual,TOTAL,Total,SV,El Salvador,TOTAL,Total,PER,Person,EU28,European Union - 28 countries (2013-2020),2015,,2082,,,,,
dataflow,ESTAT:MIGR_RESFIRST(1.0),"First permits by reason, length of validity and citizenship",A,Annual,TOTAL,Total,SV,El Salvador,TOTAL,Total,PER,Person,EU28,European Union - 28 countries (2013-2020),2016,,2512,,,,,
dataflow,ESTAT:MIGR_RESFIRST(1.0),"First permits by reason, length of validity and citizenship",A,Annual,TOTAL,Total,SV,El Salvador,TOTAL,Total,PER,Person,EU28,European Union - 28 countries (2013-2020),2017,,3291,,,,,
dataflow,ESTAT:MIGR_RESFIRST(1.0),"First permits by reason, length of validity and citizenship",A,Annual,TOTAL,Total,SV,El Salvador,TOTAL,Total,PER,Person,EU28,European Union - 28 countries (2013-2020),2018,,4527,,,,,
dataflow,ESTAT:MIGR_RESFIRST(1.0),"First permits by reason, length of validity and citizenship",A,Annual,TOTAL,Total,SY,Syria,TOTAL,Total,PER,Person,EU27_2020,European Union - 27 countries (from 2020),2013,,39195,,,,,
dataflow,ESTAT:MIGR_RESFIRST(1.0),"First permits by reason, length of validity and citizenship",A,Annual,TOTAL,Total,SY,Syria,TOTAL,Total,PER,Person,EU27_2020,European Union - 27 countries (from 2020),2014,,83475,,,,,
dataflow,ESTAT:MIGR_RESFIRST(1.0),"First permits by reason, length of validity and citizenship",A,Annual,TOTAL,Total,SY,Syria,TOTAL,Total,PER,Person,EU27_2020,European Union - 27 countries (from 2020),2015,,109119,,,,,
dataflow,ESTAT:MIGR_RESFIRST(1.0),"First permits by reason, length of validity and citizenship",A,Annual,TOTAL,Total,SY,Syria,TOTAL,Total,PER,Person,EU27_2020,European Union - 27 countries (from 2020),2016,,344148,,,,,
dataflow,ESTAT:MIGR_RESFIRST(1.0),"First permits by reason, length of validity and citizenship",A,Annual,TOTAL,Total,SY,Syria,TOTAL,Total,PER,Person,EU27_2020,European Union - 27 countries (from 2020),2017,,219549,,,,,
dataflow,ESTAT:MIGR_RESFIRST(1.0),"First permits by reason, length of validity and citizenship",A,Annual,TOTAL,Total,SY,Syria,TOTAL,Total,PER,Person,EU27_2020,European Union - 27 countries (from 2020),2018,,171738,,,,,
dataflow,ESTAT:MIGR_RESFIRST(1.0),"First permits by reason, length of validity and citizenship",A,Annual,TOTAL,Total,SY,Syria,TOTAL,Total,PER,Person,EU27_2020,European Union - 27 countries (from 2020),2019,,88733,,,,,
dataflow,ESTAT:MIGR_RESFIRST(1.0),"First permits by reason, length of validity and citizenship",A,Annual,TOTAL,Total,SY,Syria,TOTAL,Total,PER,Person,EU27_2020,European Union - 27 countries (from 2020),2020,,72451,,,,,
dataflow,ESTAT:MIGR_RESFIRST(1.0),"First permits by reason, length of validity and citizenship",A,Annual,TOTAL,Total,SY,Syria,TOTAL,Total,PER,Person,EU27_2020,European Union - 27 countries (from 2020),2021,,107000,,,,,
dataflow,ESTAT:MIGR_RESFIRST(1.0),"First permits by reason, length of validity and citizenship",A,Annual,TOTAL,Total,SY,Syria,TOTAL,Total,PER,Person,EU27_2020,European Union - 27 countries (from 2020),2022,,161071,,,,,
dataflow,ESTAT:MIGR_RESFIRST(1.0),"First permits by reason, length of validity and citizenship",A,Annual,TOTAL,Total,SY,Syria,TOTAL,Total,PER,Person,EU27_2020,European Union - 27 countries (from 2020),2023,,185097,,,,,
dataflow,ESTAT:MIGR_RESFIRST(1.0),"First permits by reason, length of validity and citizenship",A,Annual,TOTAL,Total,SY,Syria,TOTAL,Total,PER,Person,EU28,European Union - 28 countries (2013-2020),2013,,41627,,,,,
dataflow,ESTAT:MIGR_RESFIRST(1.0),"First permits by reason, length of validity and citizenship",A,Annual,TOTAL,Total,SY,Syria,TOTAL,Total,PER,Person,EU28,European Union - 28 countries (2013-2020),2014,,86004,,,,,
dataflow,ESTAT:MIGR_RESFIRST(1.0),"First permits by reason, length of validity and citizenship",A,Annual,TOTAL,Total,SY,Syria,TOTAL,Total,PER,Person,EU28,European Union - 28 countries (2013-2020),2015,,113474,,,,,
dataflow,ESTAT:MIGR_RESFIRST(1.0),"First permits by reason, length of validity and citizenship",A,Annual,TOTAL,Total,SY,Syria,TOTAL,Total,PER,Person,EU28,European Union - 28 countries (2013-2020),2016,,350747,,,,,
dataflow,ESTAT:MIGR_RESFIRST(1.0),"First permits by reason, length of validity and citizenship",A,Annual,TOTAL,Total,SY,Syria,TOTAL,Total,PER,Person,EU28,European Union - 28 countries (2013-2020),2017,,224114,,,,,
dataflow,ESTAT:MIGR_RESFIRST(1.0),"First permits by reason, length of validity and citizenship",A,Annual,TOTAL,Total,SY,Syria,TOTAL,Total,PER,Person,EU28,European Union - 28 countries (2013-2020),2018,,174241,,,,,
dataflow,ESTAT:MIGR_RESFIRST(1.0),"First permits by reason, length of validity and citizenship",A,Annual,TOTAL,Total,SZ,Eswatini,TOTAL,Total,PER,Person,EU27_2020,European Union - 27 countries (from 2020),2013,,32,,,,,
dataflow,ESTAT:MIGR_RESFIRST(1.0),"First permits by reason, length of validity and citizenship",A,Annual,TOTAL,Total,SZ,Eswatini,TOTAL,Total,PER,Person,EU27_2020,European Union - 27 countries (from 2020),2014,,30,,,,,
dataflow,ESTAT:MIGR_RESFIRST(1.0),"First permits by reason, length of validity and citizenship",A,Annual,TOTAL,Total,SZ,Eswatini,TOTAL,Total,PER,Person,EU27_2020,European Union - 27 countries (from 2020),2015,,27,,,,,
dataflow,ESTAT:MIGR_RESFIRST(1.0),"First permits by reason, length of validity and citizenship",A,Annual,TOTAL,Total,SZ,Eswatini,TOTAL,Total,PER,Person,EU27_2020,European Union - 27 countries (from 2020),2016,,29,,,,,
dataflow,ESTAT:MIGR_RESFIRST(1.0),"First permits by reason, length of validity and citizenship",A,Annual,TOTAL,Total,SZ,Eswatini,TOTAL,Total,PER,Person,EU27_2020,European Union - 27 countries (from 2020),2017,,26,,,,,
dataflow,ESTAT:MIGR_RESFIRST(1.0),"First permits by reason, length of validity and citizenship",A,Annual,TOTAL,Total,SZ,Eswatini,TOTAL,Total,PER,Person,EU27_2020,European Union - 27 countries (from 2020),2018,,34,,,,,
dataflow,ESTAT:MIGR_RESFIRST(1.0),"First permits by reason, length of validity and citizenship",A,Annual,TOTAL,Total,SZ,Eswatini,TOTAL,Total,PER,Person,EU27_2020,European Union - 27 countries (from 2020),2019,,22,,,,,
dataflow,ESTAT:MIGR_RESFIRST(1.0),"First permits by reason, length of validity and citizenship",A,Annual,TOTAL,Total,SZ,Eswatini,TOTAL,Total,PER,Person,EU27_2020,European Union - 27 countries (from 2020),2020,,31,,,,,
dataflow,ESTAT:MIGR_RESFIRST(1.0),"First permits by reason, length of validity and citizenship",A,Annual,TOTAL,Total,SZ,Eswatini,TOTAL,Total,PER,Person,EU27_2020,European Union - 27 countries (from 2020),2021,,46,,,,,
dataflow,ESTAT:MIGR_RESFIRST(1.0),"First permits by reason, length of validity and citizenship",A,Annual,TOTAL,Total,SZ,Eswatini,TOTAL,Total,PER,Person,EU27_2020,European Union - 27 countries (from 2020),2022,,71,,,,,
dataflow,ESTAT:MIGR_RESFIRST(1.0),"First permits by reason, length of validity and citizenship",A,Annual,TOTAL,Total,SZ,Eswatini,TOTAL,Total,PER,Person,EU27_2020,European Union - 27 countries (from 2020),2023,,60,,,,,
dataflow,ESTAT:MIGR_RESFIRST(1.0),"First permits by reason, length of validity and citizenship",A,Annual,TOTAL,Total,SZ,Eswatini,TOTAL,Total,PER,Person,EU28,European Union - 28 countries (2013-2020),2013,,68,,,,,
dataflow,ESTAT:MIGR_RESFIRST(1.0),"First permits by reason, length of validity and citizenship",A,Annual,TOTAL,Total,SZ,Eswatini,TOTAL,Total,PER,Person,EU28,European Union - 28 countries (2013-2020),2014,,71,,,,,
dataflow,ESTAT:MIGR_RESFIRST(1.0),"First permits by reason, length of validity and citizenship",A,Annual,TOTAL,Total,SZ,Eswatini,TOTAL,Total,PER,Person,EU28,European Union - 28 countries (2013-2020),2015,,90,,,,,
dataflow,ESTAT:MIGR_RESFIRST(1.0),"First permits by reason, length of validity and citizenship",A,Annual,TOTAL,Total,SZ,Eswatini,TOTAL,Total,PER,Person,EU28,European Union - 28 countries (2013-2020),2016,,61,,,,,
dataflow,ESTAT:MIGR_RESFIRST(1.0),"First permits by reason, length of validity and citizenship",A,Annual,TOTAL,Total,SZ,Eswatini,TOTAL,Total,PER,Person,EU28,European Union - 28 countries (2013-2020),2017,,113,,,,,
dataflow,ESTAT:MIGR_RESFIRST(1.0),"First permits by reason, length of validity and citizenship",A,Annual,TOTAL,Total,SZ,Eswatini,TOTAL,Total,PER,Person,EU28,European Union - 28 countries (2013-2020),2018,,71,,,,,
dataflow,ESTAT:MIGR_RESFIRST(1.0),"First permits by reason, length of validity and citizenship",A,Annual,TOTAL,Total,TD,Chad,TOTAL,Total,PER,Person,EU27_2020,European Union - 27 countries (from 2020),2013,,446,,,,,
dataflow,ESTAT:MIGR_RESFIRST(1.0),"First permits by reason, length of validity and citizenship",A,Annual,TOTAL,Total,TD,Chad,TOTAL,Total,PER,Person,EU27_2020,European Union - 27 countries (from 2020),2014,,513,,,,,
dataflow,ESTAT:MIGR_RESFIRST(1.0),"First permits by reason, length of validity and citizenship",A,Annual,TOTAL,Total,TD,Chad,TOTAL,Total,PER,Person,EU27_2020,European Union - 27 countries (from 2020),2015,,569,,,,,
dataflow,ESTAT:MIGR_RESFIRST(1.0),"First permits by reason, length of validity and citizenship",A,Annual,TOTAL,Total,TD,Chad,TOTAL,Total,PER,Person,EU27_2020,European Union - 27 countries (from 2020),2016,,670,,,,,
dataflow,ESTAT:MIGR_RESFIRST(1.0),"First permits by reason, length of validity and citizenship",A,Annual,TOTAL,Total,TD,Chad,TOTAL,Total,PER,Person,EU27_2020,European Union - 27 countries (from 2020),2017,,780,,,,,
dataflow,ESTAT:MIGR_RESFIRST(1.0),"First permits by reason, length of validity and citizenship",A,Annual,TOTAL,Total,TD,Chad,TOTAL,Total,PER,Person,EU27_2020,European Union - 27 countries (from 2020),2018,,1096,,,,,
dataflow,ESTAT:MIGR_RESFIRST(1.0),"First permits by reason, length of validity and citizenship",A,Annual,TOTAL,Total,TD,Chad,TOTAL,Total,PER,Person,EU27_2020,European Union - 27 countries (from 2020),2019,,1515,,,,,
dataflow,ESTAT:MIGR_RESFIRST(1.0),"First permits by reason, length of validity and citizenship",A,Annual,TOTAL,Total,TD,Chad,TOTAL,Total,PER,Person,EU27_2020,European Union - 27 countries (from 2020),2020,,1348,,,,,
dataflow,ESTAT:MIGR_RESFIRST(1.0),"First permits by reason, length of validity and citizenship",A,Annual,TOTAL,Total,TD,Chad,TOTAL,Total,PER,Person,EU27_2020,European Union - 27 countries (from 2020),2021,,1567,,,,,
dataflow,ESTAT:MIGR_RESFIRST(1.0),"First permits by reason, length of validity and citizenship",A,Annual,TOTAL,Total,TD,Chad,TOTAL,Total,PER,Person,EU27_2020,European Union - 27 countries (from 2020),2022,,1371,,,,,
dataflow,ESTAT:MIGR_RESFIRST(1.0),"First permits by reason, length of validity and citizenship",A,Annual,TOTAL,Total,TD,Chad,TOTAL,Total,PER,Person,EU27_2020,European Union - 27 countries (from 2020),2023,,1390,,,,,
dataflow,ESTAT:MIGR_RESFIRST(1.0),"First permits by reason, length of validity and citizenship",A,Annual,TOTAL,Total,TD,Chad,TOTAL,Total,PER,Person,EU28,European Union - 28 countries (2013-2020),2013,,462,,,,,
dataflow,ESTAT:MIGR_RESFIRST(1.0),"First permits by reason, length of validity and citizenship",A,Annual,TOTAL,Total,TD,Chad,TOTAL,Total,PER,Person,EU28,European Union - 28 countries (2013-2020),2014,,528,,,,,
dataflow,ESTAT:MIGR_RESFIRST(1.0),"First permits by reason, length of validity and citizenship",A,Annual,TOTAL,Total,TD,Chad,TOTAL,Total,PER,Person,EU28,European Union - 28 countries (2013-2020),2015,,585,,,,,
dataflow,ESTAT:MIGR_RESFIRST(1.0),"First permits by reason, length of validity and citizenship",A,Annual,TOTAL,Total,TD,Chad,TOTAL,Total,PER,Person,EU28,European Union - 28 countries (2013-2020),2016,,680,,,,,
dataflow,ESTAT:MIGR_RESFIRST(1.0),"First permits by reason, length of validity and citizenship",A,Annual,TOTAL,Total,TD,Chad,TOTAL,Total,PER,Person,EU28,European Union - 28 countries (2013-2020),2017,,795,,,,,
dataflow,ESTAT:MIGR_RESFIRST(1.0),"First permits by reason, length of validity and citizenship",A,Annual,TOTAL,Total,TD,Chad,TOTAL,Total,PER,Person,EU28,European Union - 28 countries (2013-2020),2018,,1119,,,,,
dataflow,ESTAT:MIGR_RESFIRST(1.0),"First permits by reason, length of validity and citizenship",A,Annual,TOTAL,Total,TG,Togo,TOTAL,Total,PER,Person,EU27_2020,European Union - 27 countries (from 2020),2013,,2146,,,,,
dataflow,ESTAT:MIGR_RESFIRST(1.0),"First permits by reason, length of validity and citizenship",A,Annual,TOTAL,Total,TG,Togo,TOTAL,Total,PER,Person,EU27_2020,European Union - 27 countries (from 2020),2014,,2255,,,,,
dataflow,ESTAT:MIGR_RESFIRST(1.0),"First permits by reason, length of validity and citizenship",A,Annual,TOTAL,Total,TG,Togo,TOTAL,Total,PER,Person,EU27_2020,European Union - 27 countries (from 2020),2015,,2178,,,,,
dataflow,ESTAT:MIGR_RESFIRST(1.0),"First permits by reason, length of validity and citizenship",A,Annual,TOTAL,Total,TG,Togo,TOTAL,Total,PER,Person,EU27_2020,European Union - 27 countries (from 2020),2016,,2717,,,,,
dataflow,ESTAT:MIGR_RESFIRST(1.0),"First permits by reason, length of validity and citizenship",A,Annual,TOTAL,Total,TG,Togo,TOTAL,Total,PER,Person,EU27_2020,European Union - 27 countries (from 2020),2017,,3154,,,,,
dataflow,ESTAT:MIGR_RESFIRST(1.0),"First permits by reason, length of validity and citizenship",A,Annual,TOTAL,Total,TG,Togo,TOTAL,Total,PER,Person,EU27_2020,European Union - 27 countries (from 2020),2018,,2932,,,,,
dataflow,ESTAT:MIGR_RESFIRST(1.0),"First permits by reason, length of validity and citizenship",A,Annual,TOTAL,Total,TG,Togo,TOTAL,Total,PER,Person,EU27_2020,European Union - 27 countries (from 2020),2019,,3092,,,,,
dataflow,ESTAT:MIGR_RESFIRST(1.0),"First permits by reason, length of validity and citizenship",A,Annual,TOTAL,Total,TG,Togo,TOTAL,Total,PER,Person,EU27_2020,European Union - 27 countries (from 2020),2020,,2664,,,,,
dataflow,ESTAT:MIGR_RESFIRST(1.0),"First permits by reason, length of validity and citizenship",A,Annual,TOTAL,Total,TG,Togo,TOTAL,Total,PER,Person,EU27_2020,European Union - 27 countries (from 2020),2021,,3588,,,,,
dataflow,ESTAT:MIGR_RESFIRST(1.0),"First permits by reason, length of validity and citizenship",A,Annual,TOTAL,Total,TG,Togo,TOTAL,Total,PER,Person,EU27_2020,European Union - 27 countries (from 2020),2022,,4209,,,,,
dataflow,ESTAT:MIGR_RESFIRST(1.0),"First permits by reason, length of validity and citizenship",A,Annual,TOTAL,Total,TG,Togo,TOTAL,Total,PER,Person,EU27_2020,European Union - 27 countries (from 2020),2023,,4252,,,,,
dataflow,ESTAT:MIGR_RESFIRST(1.0),"First permits by reason, length of validity and citizenship",A,Annual,TOTAL,Total,TG,Togo,TOTAL,Total,PER,Person,EU28,European Union - 28 countries (2013-2020),2013,,2191,,,,,
dataflow,ESTAT:MIGR_RESFIRST(1.0),"First permits by reason, length of validity and citizenship",A,Annual,TOTAL,Total,TG,Togo,TOTAL,Total,PER,Person,EU28,European Union - 28 countries (2013-2020),2014,,2298,,,,,
dataflow,ESTAT:MIGR_RESFIRST(1.0),"First permits by reason, length of validity and citizenship",A,Annual,TOTAL,Total,TG,Togo,TOTAL,Total,PER,Person,EU28,European Union - 28 countries (2013-2020),2015,,2238,,,,,
dataflow,ESTAT:MIGR_RESFIRST(1.0),"First permits by reason, length of validity and citizenship",A,Annual,TOTAL,Total,TG,Togo,TOTAL,Total,PER,Person,EU28,European Union - 28 countries (2013-2020),2016,,2748,,,,,
dataflow,ESTAT:MIGR_RESFIRST(1.0),"First permits by reason, length of validity and citizenship",A,Annual,TOTAL,Total,TG,Togo,TOTAL,Total,PER,Person,EU28,European Union - 28 countries (2013-2020),2017,,3201,,,,,
dataflow,ESTAT:MIGR_RESFIRST(1.0),"First permits by reason, length of validity and citizenship",A,Annual,TOTAL,Total,TG,Togo,TOTAL,Total,PER,Person,EU28,European Union - 28 countries (2013-2020),2018,,2967,,,,,
dataflow,ESTAT:MIGR_RESFIRST(1.0),"First permits by reason, length of validity and citizenship",A,Annual,TOTAL,Total,TH,Thailand,TOTAL,Total,PER,Person,EU27_2020,European Union - 27 countries (from 2020),2013,,15749,,,,,
dataflow,ESTAT:MIGR_RESFIRST(1.0),"First permits by reason, length of validity and citizenship",A,Annual,TOTAL,Total,TH,Thailand,TOTAL,Total,PER,Person,EU27_2020,European Union - 27 countries (from 2020),2014,,12892,,,,,
dataflow,ESTAT:MIGR_RESFIRST(1.0),"First permits by reason, length of validity and citizenship",A,Annual,TOTAL,Total,TH,Thailand,TOTAL,Total,PER,Person,EU27_2020,European Union - 27 countries (from 2020),2015,,15544,,,,,
dataflow,ESTAT:MIGR_RESFIRST(1.0),"First permits by reason, length of validity and citizenship",A,Annual,TOTAL,Total,TH,Thailand,TOTAL,Total,PER,Person,EU27_2020,European Union - 27 countries (from 2020),2016,,14857,,,,,
dataflow,ESTAT:MIGR_RESFIRST(1.0),"First permits by reason, length of validity and citizenship",A,Annual,TOTAL,Total,TH,Thailand,TOTAL,Total,PER,Person,EU27_2020,European Union - 27 countries (from 2020),2017,,14931,,,,,
dataflow,ESTAT:MIGR_RESFIRST(1.0),"First permits by reason, length of validity and citizenship",A,Annual,TOTAL,Total,TH,Thailand,TOTAL,Total,PER,Person,EU27_2020,European Union - 27 countries (from 2020),2018,,17982,,,,,
dataflow,ESTAT:MIGR_RESFIRST(1.0),"First permits by reason, length of validity and citizenship",A,Annual,TOTAL,Total,TH,Thailand,TOTAL,Total,PER,Person,EU27_2020,European Union - 27 countries (from 2020),2019,,18478,,,,,
dataflow,ESTAT:MIGR_RESFIRST(1.0),"First permits by reason, length of validity and citizenship",A,Annual,TOTAL,Total,TH,Thailand,TOTAL,Total,PER,Person,EU27_2020,European Union - 27 countries (from 2020),2020,,11946,,,,,
dataflow,ESTAT:MIGR_RESFIRST(1.0),"First permits by reason, length of validity and citizenship",A,Annual,TOTAL,Total,TH,Thailand,TOTAL,Total,PER,Person,EU27_2020,European Union - 27 countries (from 2020),2021,,14768,,,,,
dataflow,ESTAT:MIGR_RESFIRST(1.0),"First permits by reason, length of validity and citizenship",A,Annual,TOTAL,Total,TH,Thailand,TOTAL,Total,PER,Person,EU27_2020,European Union - 27 countries (from 2020),2022,,19597,,,,,
dataflow,ESTAT:MIGR_RESFIRST(1.0),"First permits by reason, length of validity and citizenship",A,Annual,TOTAL,Total,TH,Thailand,TOTAL,Total,PER,Person,EU27_2020,European Union - 27 countries (from 2020),2023,,19779,,,,,
dataflow,ESTAT:MIGR_RESFIRST(1.0),"First permits by reason, length of validity and citizenship",A,Annual,TOTAL,Total,TH,Thailand,TOTAL,Total,PER,Person,EU28,European Union - 28 countries (2013-2020),2013,,23595,,,,,
dataflow,ESTAT:MIGR_RESFIRST(1.0),"First permits by reason, length of validity and citizenship",A,Annual,TOTAL,Total,TH,Thailand,TOTAL,Total,PER,Person,EU28,European Union - 28 countries (2013-2020),2014,,18763,,,,,
dataflow,ESTAT:MIGR_RESFIRST(1.0),"First permits by reason, length of validity and citizenship",A,Annual,TOTAL,Total,TH,Thailand,TOTAL,Total,PER,Person,EU28,European Union - 28 countries (2013-2020),2015,,21373,,,,,
dataflow,ESTAT:MIGR_RESFIRST(1.0),"First permits by reason, length of validity and citizenship",A,Annual,TOTAL,Total,TH,Thailand,TOTAL,Total,PER,Person,EU28,European Union - 28 countries (2013-2020),2016,,20137,,,,,
dataflow,ESTAT:MIGR_RESFIRST(1.0),"First permits by reason, length of validity and citizenship",A,Annual,TOTAL,Total,TH,Thailand,TOTAL,Total,PER,Person,EU28,European Union - 28 countries (2013-2020),2017,,19909,,,,,
dataflow,ESTAT:MIGR_RESFIRST(1.0),"First permits by reason, length of validity and citizenship",A,Annual,TOTAL,Total,TH,Thailand,TOTAL,Total,PER,Person,EU28,European Union - 28 countries (2013-2020),2018,,22292,,,,,
dataflow,ESTAT:MIGR_RESFIRST(1.0),"First permits by reason, length of validity and citizenship",A,Annual,TOTAL,Total,TJ,Tajikistan,TOTAL,Total,PER,Person,EU27_2020,European Union - 27 countries (from 2020),2013,,446,,,,,
dataflow,ESTAT:MIGR_RESFIRST(1.0),"First permits by reason, length of validity and citizenship",A,Annual,TOTAL,Total,TJ,Tajikistan,TOTAL,Total,PER,Person,EU27_2020,European Union - 27 countries (from 2020),2014,,570,,,,,
dataflow,ESTAT:MIGR_RESFIRST(1.0),"First permits by reason, length of validity and citizenship",A,Annual,TOTAL,Total,TJ,Tajikistan,TOTAL,Total,PER,Person,EU27_2020,European Union - 27 countries (from 2020),2015,,565,,,,,
dataflow,ESTAT:MIGR_RESFIRST(1.0),"First permits by reason, length of validity and citizenship",A,Annual,TOTAL,Total,TJ,Tajikistan,TOTAL,Total,PER,Person,EU27_2020,European Union - 27 countries (from 2020),2016,,881,,,,,
dataflow,ESTAT:MIGR_RESFIRST(1.0),"First permits by reason, length of validity and citizenship",A,Annual,TOTAL,Total,TJ,Tajikistan,TOTAL,Total,PER,Person,EU27_2020,European Union - 27 countries (from 2020),2017,,1203,,,,,
dataflow,ESTAT:MIGR_RESFIRST(1.0),"First permits by reason, length of validity and citizenship",A,Annual,TOTAL,Total,TJ,Tajikistan,TOTAL,Total,PER,Person,EU27_2020,European Union - 27 countries (from 2020),2018,,1284,,,,,
dataflow,ESTAT:MIGR_RESFIRST(1.0),"First permits by reason, length of validity and citizenship",A,Annual,TOTAL,Total,TJ,Tajikistan,TOTAL,Total,PER,Person,EU27_2020,European Union - 27 countries (from 2020),2019,,1596,,,,,
dataflow,ESTAT:MIGR_RESFIRST(1.0),"First permits by reason, length of validity and citizenship",A,Annual,TOTAL,Total,TJ,Tajikistan,TOTAL,Total,PER,Person,EU27_2020,European Union - 27 countries (from 2020),2020,,1382,,,,,
dataflow,ESTAT:MIGR_RESFIRST(1.0),"First permits by reason, length of validity and citizenship",A,Annual,TOTAL,Total,TJ,Tajikistan,TOTAL,Total,PER,Person,EU27_2020,European Union - 27 countries (from 2020),2021,,2140,,,,,
dataflow,ESTAT:MIGR_RESFIRST(1.0),"First permits by reason, length of validity and citizenship",A,Annual,TOTAL,Total,TJ,Tajikistan,TOTAL,Total,PER,Person,EU27_2020,European Union - 27 countries (from 2020),2022,,4328,,,,,
dataflow,ESTAT:MIGR_RESFIRST(1.0),"First permits by reason, length of validity and citizenship",A,Annual,TOTAL,Total,TJ,Tajikistan,TOTAL,Total,PER,Person,EU27_2020,European Union - 27 countries (from 2020),2023,,9338,,,,,
dataflow,ESTAT:MIGR_RESFIRST(1.0),"First permits by reason, length of validity and citizenship",A,Annual,TOTAL,Total,TJ,Tajikistan,TOTAL,Total,PER,Person,EU28,European Union - 28 countries (2013-2020),2013,,504,,,,,
dataflow,ESTAT:MIGR_RESFIRST(1.0),"First permits by reason, length of validity and citizenship",A,Annual,TOTAL,Total,TJ,Tajikistan,TOTAL,Total,PER,Person,EU28,European Union - 28 countries (2013-2020),2014,,603,,,,,
dataflow,ESTAT:MIGR_RESFIRST(1.0),"First permits by reason, length of validity and citizenship",A,Annual,TOTAL,Total,TJ,Tajikistan,TOTAL,Total,PER,Person,EU28,European Union - 28 countries (2013-2020),2015,,622,,,,,
dataflow,ESTAT:MIGR_RESFIRST(1.0),"First permits by reason, length of validity and citizenship",A,Annual,TOTAL,Total,TJ,Tajikistan,TOTAL,Total,PER,Person,EU28,European Union - 28 countries (2013-2020),2016,,957,,,,,
dataflow,ESTAT:MIGR_RESFIRST(1.0),"First permits by reason, length of validity and citizenship",A,Annual,TOTAL,Total,TJ,Tajikistan,TOTAL,Total,PER,Person,EU28,European Union - 28 countries (2013-2020),2017,,1275,,,,,
dataflow,ESTAT:MIGR_RESFIRST(1.0),"First permits by reason, length of validity and citizenship",A,Annual,TOTAL,Total,TJ,Tajikistan,TOTAL,Total,PER,Person,EU28,European Union - 28 countries (2013-2020),2018,,1322,,,,,
dataflow,ESTAT:MIGR_RESFIRST(1.0),"First permits by reason, length of validity and citizenship",A,Annual,TOTAL,Total,TL,Timor-Leste,TOTAL,Total,PER,Person,EU27_2020,European Union - 27 countries (from 2020),2013,,90,,,,,
dataflow,ESTAT:MIGR_RESFIRST(1.0),"First permits by reason, length of validity and citizenship",A,Annual,TOTAL,Total,TL,Timor-Leste,TOTAL,Total,PER,Person,EU27_2020,European Union - 27 countries (from 2020),2014,,76,,,,,
dataflow,ESTAT:MIGR_RESFIRST(1.0),"First permits by reason, length of validity and citizenship",A,Annual,TOTAL,Total,TL,Timor-Leste,TOTAL,Total,PER,Person,EU27_2020,European Union - 27 countries (from 2020),2015,,67,,,,,
dataflow,ESTAT:MIGR_RESFIRST(1.0),"First permits by reason, length of validity and citizenship",A,Annual,TOTAL,Total,TL,Timor-Leste,TOTAL,Total,PER,Person,EU27_2020,European Union - 27 countries (from 2020),2016,,78,,,,,
dataflow,ESTAT:MIGR_RESFIRST(1.0),"First permits by reason, length of validity and citizenship",A,Annual,TOTAL,Total,TL,Timor-Leste,TOTAL,Total,PER,Person,EU27_2020,European Union - 27 countries (from 2020),2017,,67,,,,,
dataflow,ESTAT:MIGR_RESFIRST(1.0),"First permits by reason, length of validity and citizenship",A,Annual,TOTAL,Total,TL,Timor-Leste,TOTAL,Total,PER,Person,EU27_2020,European Union - 27 countries (from 2020),2018,,136,,,,,
dataflow,ESTAT:MIGR_RESFIRST(1.0),"First permits by reason, length of validity and citizenship",A,Annual,TOTAL,Total,TL,Timor-Leste,TOTAL,Total,PER,Person,EU27_2020,European Union - 27 countries (from 2020),2019,,122,,,,,
dataflow,ESTAT:MIGR_RESFIRST(1.0),"First permits by reason, length of validity and citizenship",A,Annual,TOTAL,Total,TL,Timor-Leste,TOTAL,Total,PER,Person,EU27_2020,European Union - 27 countries (from 2020),2020,,116,,,,,
dataflow,ESTAT:MIGR_RESFIRST(1.0),"First permits by reason, length of validity and citizenship",A,Annual,TOTAL,Total,TL,Timor-Leste,TOTAL,Total,PER,Person,EU27_2020,European Union - 27 countries (from 2020),2021,,313,,,,,
dataflow,ESTAT:MIGR_RESFIRST(1.0),"First permits by reason, length of validity and citizenship",A,Annual,TOTAL,Total,TL,Timor-Leste,TOTAL,Total,PER,Person,EU27_2020,European Union - 27 countries (from 2020),2022,,130,,,,,
dataflow,ESTAT:MIGR_RESFIRST(1.0),"First permits by reason, length of validity and citizenship",A,Annual,TOTAL,Total,TL,Timor-Leste,TOTAL,Total,PER,Person,EU27_2020,European Union - 27 countries (from 2020),2023,,228,,,,,
dataflow,ESTAT:MIGR_RESFIRST(1.0),"First permits by reason, length of validity and citizenship",A,Annual,TOTAL,Total,TL,Timor-Leste,TOTAL,Total,PER,Person,EU28,European Union - 28 countries (2013-2020),2013,,155,,,,,
dataflow,ESTAT:MIGR_RESFIRST(1.0),"First permits by reason, length of validity and citizenship",A,Annual,TOTAL,Total,TL,Timor-Leste,TOTAL,Total,PER,Person,EU28,European Union - 28 countries (2013-2020),2014,,112,,,,,
dataflow,ESTAT:MIGR_RESFIRST(1.0),"First permits by reason, length of validity and citizenship",A,Annual,TOTAL,Total,TL,Timor-Leste,TOTAL,Total,PER,Person,EU28,European Union - 28 countries (2013-2020),2015,,88,,,,,
dataflow,ESTAT:MIGR_RESFIRST(1.0),"First permits by reason, length of validity and citizenship",A,Annual,TOTAL,Total,TL,Timor-Leste,TOTAL,Total,PER,Person,EU28,European Union - 28 countries (2013-2020),2016,,110,,,,,
dataflow,ESTAT:MIGR_RESFIRST(1.0),"First permits by reason, length of validity and citizenship",A,Annual,TOTAL,Total,TL,Timor-Leste,TOTAL,Total,PER,Person,EU28,European Union - 28 countries (2013-2020),2017,,134,,,,,
dataflow,ESTAT:MIGR_RESFIRST(1.0),"First permits by reason, length of validity and citizenship",A,Annual,TOTAL,Total,TL,Timor-Leste,TOTAL,Total,PER,Person,EU28,European Union - 28 countries (2013-2020),2018,,242,,,,,
dataflow,ESTAT:MIGR_RESFIRST(1.0),"First permits by reason, length of validity and citizenship",A,Annual,TOTAL,Total,TM,Turkmenistan,TOTAL,Total,PER,Person,EU27_2020,European Union - 27 countries (from 2020),2013,,327,,,,,
dataflow,ESTAT:MIGR_RESFIRST(1.0),"First permits by reason, length of validity and citizenship",A,Annual,TOTAL,Total,TM,Turkmenistan,TOTAL,Total,PER,Person,EU27_2020,European Union - 27 countries (from 2020),2014,,306,,,,,
dataflow,ESTAT:MIGR_RESFIRST(1.0),"First permits by reason, length of validity and citizenship",A,Annual,TOTAL,Total,TM,Turkmenistan,TOTAL,Total,PER,Person,EU27_2020,European Union - 27 countries (from 2020),2015,,368,,,,,
dataflow,ESTAT:MIGR_RESFIRST(1.0),"First permits by reason, length of validity and citizenship",A,Annual,TOTAL,Total,TM,Turkmenistan,TOTAL,Total,PER,Person,EU27_2020,European Union - 27 countries (from 2020),2016,,348,,,,,
dataflow,ESTAT:MIGR_RESFIRST(1.0),"First permits by reason, length of validity and citizenship",A,Annual,TOTAL,Total,TM,Turkmenistan,TOTAL,Total,PER,Person,EU27_2020,European Union - 27 countries (from 2020),2017,,357,,,,,
dataflow,ESTAT:MIGR_RESFIRST(1.0),"First permits by reason, length of validity and citizenship",A,Annual,TOTAL,Total,TM,Turkmenistan,TOTAL,Total,PER,Person,EU27_2020,European Union - 27 countries (from 2020),2018,,515,,,,,
dataflow,ESTAT:MIGR_RESFIRST(1.0),"First permits by reason, length of validity and citizenship",A,Annual,TOTAL,Total,TM,Turkmenistan,TOTAL,Total,PER,Person,EU27_2020,European Union - 27 countries (from 2020),2019,,552,,,,,
dataflow,ESTAT:MIGR_RESFIRST(1.0),"First permits by reason, length of validity and citizenship",A,Annual,TOTAL,Total,TM,Turkmenistan,TOTAL,Total,PER,Person,EU27_2020,European Union - 27 countries (from 2020),2020,,461,,,,,
dataflow,ESTAT:MIGR_RESFIRST(1.0),"First permits by reason, length of validity and citizenship",A,Annual,TOTAL,Total,TM,Turkmenistan,TOTAL,Total,PER,Person,EU27_2020,European Union - 27 countries (from 2020),2021,,1269,,,,,
dataflow,ESTAT:MIGR_RESFIRST(1.0),"First permits by reason, length of validity and citizenship",A,Annual,TOTAL,Total,TM,Turkmenistan,TOTAL,Total,PER,Person,EU27_2020,European Union - 27 countries (from 2020),2022,,3222,,,,,
dataflow,ESTAT:MIGR_RESFIRST(1.0),"First permits by reason, length of validity and citizenship",A,Annual,TOTAL,Total,TM,Turkmenistan,TOTAL,Total,PER,Person,EU27_2020,European Union - 27 countries (from 2020),2023,,3369,,,,,
dataflow,ESTAT:MIGR_RESFIRST(1.0),"First permits by reason, length of validity and citizenship",A,Annual,TOTAL,Total,TM,Turkmenistan,TOTAL,Total,PER,Person,EU28,European Union - 28 countries (2013-2020),2013,,489,,,,,
dataflow,ESTAT:MIGR_RESFIRST(1.0),"First permits by reason, length of validity and citizenship",A,Annual,TOTAL,Total,TM,Turkmenistan,TOTAL,Total,PER,Person,EU28,European Union - 28 countries (2013-2020),2014,,417,,,,,
dataflow,ESTAT:MIGR_RESFIRST(1.0),"First permits by reason, length of validity and citizenship",A,Annual,TOTAL,Total,TM,Turkmenistan,TOTAL,Total,PER,Person,EU28,European Union - 28 countries (2013-2020),2015,,480,,,,,
dataflow,ESTAT:MIGR_RESFIRST(1.0),"First permits by reason, length of validity and citizenship",A,Annual,TOTAL,Total,TM,Turkmenistan,TOTAL,Total,PER,Person,EU28,European Union - 28 countries (2013-2020),2016,,431,,,,,
dataflow,ESTAT:MIGR_RESFIRST(1.0),"First permits by reason, length of validity and citizenship",A,Annual,TOTAL,Total,TM,Turkmenistan,TOTAL,Total,PER,Person,EU28,European Union - 28 countries (2013-2020),2017,,452,,,,,
dataflow,ESTAT:MIGR_RESFIRST(1.0),"First permits by reason, length of validity and citizenship",A,Annual,TOTAL,Total,TM,Turkmenistan,TOTAL,Total,PER,Person,EU28,European Union - 28 countries (2013-2020),2018,,778,,,,,
dataflow,ESTAT:MIGR_RESFIRST(1.0),"First permits by reason, length of validity and citizenship",A,Annual,TOTAL,Total,TN,Tunisia,TOTAL,Total,PER,Person,EU27_2020,European Union - 27 countries (from 2020),2013,,23205,,,,,
dataflow,ESTAT:MIGR_RESFIRST(1.0),"First permits by reason, length of validity and citizenship",A,Annual,TOTAL,Total,TN,Tunisia,TOTAL,Total,PER,Person,EU27_2020,European Union - 27 countries (from 2020),2014,,23529,,,,,
dataflow,ESTAT:MIGR_RESFIRST(1.0),"First permits by reason, length of validity and citizenship",A,Annual,TOTAL,Total,TN,Tunisia,TOTAL,Total,PER,Person,EU27_2020,European Union - 27 countries (from 2020),2015,,22837,,,,,
dataflow,ESTAT:MIGR_RESFIRST(1.0),"First permits by reason, length of validity and citizenship",A,Annual,TOTAL,Total,TN,Tunisia,TOTAL,Total,PER,Person,EU27_2020,European Union - 27 countries (from 2020),2016,,24549,,,,,
dataflow,ESTAT:MIGR_RESFIRST(1.0),"First permits by reason, length of validity and citizenship",A,Annual,TOTAL,Total,TN,Tunisia,TOTAL,Total,PER,Person,EU27_2020,European Union - 27 countries (from 2020),2017,,26132,,,,,
dataflow,ESTAT:MIGR_RESFIRST(1.0),"First permits by reason, length of validity and citizenship",A,Annual,TOTAL,Total,TN,Tunisia,TOTAL,Total,PER,Person,EU27_2020,European Union - 27 countries (from 2020),2018,,29612,,,,,
dataflow,ESTAT:MIGR_RESFIRST(1.0),"First permits by reason, length of validity and citizenship",A,Annual,TOTAL,Total,TN,Tunisia,TOTAL,Total,PER,Person,EU27_2020,European Union - 27 countries (from 2020),2019,,31393,,,,,
dataflow,ESTAT:MIGR_RESFIRST(1.0),"First permits by reason, length of validity and citizenship",A,Annual,TOTAL,Total,TN,Tunisia,TOTAL,Total,PER,Person,EU27_2020,European Union - 27 countries (from 2020),2020,,25415,,,,,
dataflow,ESTAT:MIGR_RESFIRST(1.0),"First permits by reason, length of validity and citizenship",A,Annual,TOTAL,Total,TN,Tunisia,TOTAL,Total,PER,Person,EU27_2020,European Union - 27 countries (from 2020),2021,,33446,,,,,
dataflow,ESTAT:MIGR_RESFIRST(1.0),"First permits by reason, length of validity and citizenship",A,Annual,TOTAL,Total,TN,Tunisia,TOTAL,Total,PER,Person,EU27_2020,European Union - 27 countries (from 2020),2022,,42968,,,,,
dataflow,ESTAT:MIGR_RESFIRST(1.0),"First permits by reason, length of validity and citizenship",A,Annual,TOTAL,Total,TN,Tunisia,TOTAL,Total,PER,Person,EU27_2020,European Union - 27 countries (from 2020),2023,,53716,,,,,
dataflow,ESTAT:MIGR_RESFIRST(1.0),"First permits by reason, length of validity and citizenship",A,Annual,TOTAL,Total,TN,Tunisia,TOTAL,Total,PER,Person,EU28,European Union - 28 countries (2013-2020),2013,,23879,,,,,
dataflow,ESTAT:MIGR_RESFIRST(1.0),"First permits by reason, length of validity and citizenship",A,Annual,TOTAL,Total,TN,Tunisia,TOTAL,Total,PER,Person,EU28,European Union - 28 countries (2013-2020),2014,,24100,,,,,
dataflow,ESTAT:MIGR_RESFIRST(1.0),"First permits by reason, length of validity and citizenship",A,Annual,TOTAL,Total,TN,Tunisia,TOTAL,Total,PER,Person,EU28,European Union - 28 countries (2013-2020),2015,,23477,,,,,
dataflow,ESTAT:MIGR_RESFIRST(1.0),"First permits by reason, length of validity and citizenship",A,Annual,TOTAL,Total,TN,Tunisia,TOTAL,Total,PER,Person,EU28,European Union - 28 countries (2013-2020),2016,,25143,,,,,
dataflow,ESTAT:MIGR_RESFIRST(1.0),"First permits by reason, length of validity and citizenship",A,Annual,TOTAL,Total,TN,Tunisia,TOTAL,Total,PER,Person,EU28,European Union - 28 countries (2013-2020),2017,,26942,,,,,
dataflow,ESTAT:MIGR_RESFIRST(1.0),"First permits by reason, length of validity and citizenship",A,Annual,TOTAL,Total,TN,Tunisia,TOTAL,Total,PER,Person,EU28,European Union - 28 countries (2013-2020),2018,,30122,,,,,
dataflow,ESTAT:MIGR_RESFIRST(1.0),"First permits by reason, length of validity and citizenship",A,Annual,TOTAL,Total,TO,Tonga,TOTAL,Total,PER,Person,EU27_2020,European Union - 27 countries (from 2020),2013,,30,,,,,
dataflow,ESTAT:MIGR_RESFIRST(1.0),"First permits by reason, length of validity and citizenship",A,Annual,TOTAL,Total,TO,Tonga,TOTAL,Total,PER,Person,EU27_2020,European Union - 27 countries (from 2020),2014,,35,,,,,
dataflow,ESTAT:MIGR_RESFIRST(1.0),"First permits by reason, length of validity and citizenship",A,Annual,TOTAL,Total,TO,Tonga,TOTAL,Total,PER,Person,EU27_2020,European Union - 27 countries (from 2020),2015,,36,,,,,
dataflow,ESTAT:MIGR_RESFIRST(1.0),"First permits by reason, length of validity and citizenship",A,Annual,TOTAL,Total,TO,Tonga,TOTAL,Total,PER,Person,EU27_2020,European Union - 27 countries (from 2020),2016,,28,,,,,
dataflow,ESTAT:MIGR_RESFIRST(1.0),"First permits by reason, length of validity and citizenship",A,Annual,TOTAL,Total,TO,Tonga,TOTAL,Total,PER,Person,EU27_2020,European Union - 27 countries (from 2020),2017,,29,,,,,
dataflow,ESTAT:MIGR_RESFIRST(1.0),"First permits by reason, length of validity and citizenship",A,Annual,TOTAL,Total,TO,Tonga,TOTAL,Total,PER,Person,EU27_2020,European Union - 27 countries (from 2020),2018,,32,,,,,
dataflow,ESTAT:MIGR_RESFIRST(1.0),"First permits by reason, length of validity and citizenship",A,Annual,TOTAL,Total,TO,Tonga,TOTAL,Total,PER,Person,EU27_2020,European Union - 27 countries (from 2020),2019,,33,,,,,
dataflow,ESTAT:MIGR_RESFIRST(1.0),"First permits by reason, length of validity and citizenship",A,Annual,TOTAL,Total,TO,Tonga,TOTAL,Total,PER,Person,EU27_2020,European Union - 27 countries (from 2020),2020,,17,,,,,
dataflow,ESTAT:MIGR_RESFIRST(1.0),"First permits by reason, length of validity and citizenship",A,Annual,TOTAL,Total,TO,Tonga,TOTAL,Total,PER,Person,EU27_2020,European Union - 27 countries (from 2020),2021,,21,,,,,
dataflow,ESTAT:MIGR_RESFIRST(1.0),"First permits by reason, length of validity and citizenship",A,Annual,TOTAL,Total,TO,Tonga,TOTAL,Total,PER,Person,EU27_2020,European Union - 27 countries (from 2020),2022,,20,,,,,
dataflow,ESTAT:MIGR_RESFIRST(1.0),"First permits by reason, length of validity and citizenship",A,Annual,TOTAL,Total,TO,Tonga,TOTAL,Total,PER,Person,EU27_2020,European Union - 27 countries (from 2020),2023,,23,,,,,
dataflow,ESTAT:MIGR_RESFIRST(1.0),"First permits by reason, length of validity and citizenship",A,Annual,TOTAL,Total,TO,Tonga,TOTAL,Total,PER,Person,EU28,European Union - 28 countries (2013-2020),2013,,57,,,,,
dataflow,ESTAT:MIGR_RESFIRST(1.0),"First permits by reason, length of validity and citizenship",A,Annual,TOTAL,Total,TO,Tonga,TOTAL,Total,PER,Person,EU28,European Union - 28 countries (2013-2020),2014,,57,,,,,
dataflow,ESTAT:MIGR_RESFIRST(1.0),"First permits by reason, length of validity and citizenship",A,Annual,TOTAL,Total,TO,Tonga,TOTAL,Total,PER,Person,EU28,European Union - 28 countries (2013-2020),2015,,61,,,,,
dataflow,ESTAT:MIGR_RESFIRST(1.0),"First permits by reason, length of validity and citizenship",A,Annual,TOTAL,Total,TO,Tonga,TOTAL,Total,PER,Person,EU28,European Union - 28 countries (2013-2020),2016,,59,,,,,
dataflow,ESTAT:MIGR_RESFIRST(1.0),"First permits by reason, length of validity and citizenship",A,Annual,TOTAL,Total,TO,Tonga,TOTAL,Total,PER,Person,EU28,European Union - 28 countries (2013-2020),2017,,40,,,,,
dataflow,ESTAT:MIGR_RESFIRST(1.0),"First permits by reason, length of validity and citizenship",A,Annual,TOTAL,Total,TO,Tonga,TOTAL,Total,PER,Person,EU28,European Union - 28 countries (2013-2020),2018,,44,,,,,
dataflow,ESTAT:MIGR_RESFIRST(1.0),"First permits by reason, length of validity and citizenship",A,Annual,TOTAL,Total,TOTAL,Total,TOTAL,Total,PER,Person,EU27_2020,European Union - 27 countries (from 2020),2013,,1633598,,,,,
dataflow,ESTAT:MIGR_RESFIRST(1.0),"First permits by reason, length of validity and citizenship",A,Annual,TOTAL,Total,TOTAL,Total,TOTAL,Total,PER,Person,EU27_2020,European Union - 27 countries (from 2020),2014,,1759841,,,,,
dataflow,ESTAT:MIGR_RESFIRST(1.0),"First permits by reason, length of validity and citizenship",A,Annual,TOTAL,Total,TOTAL,Total,TOTAL,Total,PER,Person,EU27_2020,European Union - 27 countries (from 2020),2015,,1991479,,,,,
dataflow,ESTAT:MIGR_RESFIRST(1.0),"First permits by reason, length of validity and citizenship",A,Annual,TOTAL,Total,TOTAL,Total,TOTAL,Total,PER,Person,EU27_2020,European Union - 27 countries (from 2020),2016,,2494483,,,,,
dataflow,ESTAT:MIGR_RESFIRST(1.0),"First permits by reason, length of validity and citizenship",A,Annual,TOTAL,Total,TOTAL,Total,TOTAL,Total,PER,Person,EU27_2020,European Union - 27 countries (from 2020),2017,,2699485,,,,,
dataflow,ESTAT:MIGR_RESFIRST(1.0),"First permits by reason, length of validity and citizenship",A,Annual,TOTAL,Total,TOTAL,Total,TOTAL,Total,PER,Person,EU27_2020,European Union - 27 countries (from 2020),2018,,2788760,,,,,
dataflow,ESTAT:MIGR_RESFIRST(1.0),"First permits by reason, length of validity and citizenship",A,Annual,TOTAL,Total,TOTAL,Total,TOTAL,Total,PER,Person,EU27_2020,European Union - 27 countries (from 2020),2019,,2988438,,,,,
dataflow,ESTAT:MIGR_RESFIRST(1.0),"First permits by reason, length of validity and citizenship",A,Annual,TOTAL,Total,TOTAL,Total,TOTAL,Total,PER,Person,EU27_2020,European Union - 27 countries (from 2020),2020,,2333371,,,,,
dataflow,ESTAT:MIGR_RESFIRST(1.0),"First permits by reason, length of validity and citizenship",A,Annual,TOTAL,Total,TOTAL,Total,TOTAL,Total,PER,Person,EU27_2020,European Union - 27 countries (from 2020),2021,,3276560,,,,,
dataflow,ESTAT:MIGR_RESFIRST(1.0),"First permits by reason, length of validity and citizenship",A,Annual,TOTAL,Total,TOTAL,Total,TOTAL,Total,PER,Person,EU27_2020,European Union - 27 countries (from 2020),2022,,3569820,,,,,
dataflow,ESTAT:MIGR_RESFIRST(1.0),"First permits by reason, length of validity and citizenship",A,Annual,TOTAL,Total,TOTAL,Total,TOTAL,Total,PER,Person,EU27_2020,European Union - 27 countries (from 2020),2023,,3821021,,,,,
dataflow,ESTAT:MIGR_RESFIRST(1.0),"First permits by reason, length of validity and citizenship",A,Annual,TOTAL,Total,TOTAL,Total,TOTAL,Total,PER,Person,EU28,European Union - 28 countries (2013-2020),2013,,2357846,,,,,
dataflow,ESTAT:MIGR_RESFIRST(1.0),"First permits by reason, length of validity and citizenship",A,Annual,TOTAL,Total,TOTAL,Total,TOTAL,Total,PER,Person,EU28,European Union - 28 countries (2013-2020),2014,,2327647,,,,,
dataflow,ESTAT:MIGR_RESFIRST(1.0),"First permits by reason, length of validity and citizenship",A,Annual,TOTAL,Total,TOTAL,Total,TOTAL,Total,PER,Person,EU28,European Union - 28 countries (2013-2020),2015,,2624496,,,,,
dataflow,ESTAT:MIGR_RESFIRST(1.0),"First permits by reason, length of validity and citizenship",A,Annual,TOTAL,Total,TOTAL,Total,TOTAL,Total,PER,Person,EU28,European Union - 28 countries (2013-2020),2016,,3024359,,,,,
dataflow,ESTAT:MIGR_RESFIRST(1.0),"First permits by reason, length of validity and citizenship",A,Annual,TOTAL,Total,TOTAL,Total,TOTAL,Total,PER,Person,EU28,European Union - 28 countries (2013-2020),2017,,3217994,,,,,
dataflow,ESTAT:MIGR_RESFIRST(1.0),"First permits by reason, length of validity and citizenship",A,Annual,TOTAL,Total,TOTAL,Total,TOTAL,Total,PER,Person,EU28,European Union - 28 countries (2013-2020),2018,,3240718,,,,,
dataflow,ESTAT:MIGR_RESFIRST(1.0),"First permits by reason, length of validity and citizenship",A,Annual,TOTAL,Total,TR,Türkiye,TOTAL,Total,PER,Person,EU27_2020,European Union - 27 countries (from 2020),2013,,53026,,,,,
dataflow,ESTAT:MIGR_RESFIRST(1.0),"First permits by reason, length of validity and citizenship",A,Annual,TOTAL,Total,TR,Türkiye,TOTAL,Total,PER,Person,EU27_2020,European Union - 27 countries (from 2020),2014,,52370,,,,,
dataflow,ESTAT:MIGR_RESFIRST(1.0),"First permits by reason, length of validity and citizenship",A,Annual,TOTAL,Total,TR,Türkiye,TOTAL,Total,PER,Person,EU27_2020,European Union - 27 countries (from 2020),2015,,52239,,,,,
dataflow,ESTAT:MIGR_RESFIRST(1.0),"First permits by reason, length of validity and citizenship",A,Annual,TOTAL,Total,TR,Türkiye,TOTAL,Total,PER,Person,EU27_2020,European Union - 27 countries (from 2020),2016,,53816,,,,,
dataflow,ESTAT:MIGR_RESFIRST(1.0),"First permits by reason, length of validity and citizenship",A,Annual,TOTAL,Total,TR,Türkiye,TOTAL,Total,PER,Person,EU27_2020,European Union - 27 countries (from 2020),2017,,61091,,,,,
dataflow,ESTAT:MIGR_RESFIRST(1.0),"First permits by reason, length of validity and citizenship",A,Annual,TOTAL,Total,TR,Türkiye,TOTAL,Total,PER,Person,EU27_2020,European Union - 27 countries (from 2020),2018,,68465,,,,,
dataflow,ESTAT:MIGR_RESFIRST(1.0),"First permits by reason, length of validity and citizenship",A,Annual,TOTAL,Total,TR,Türkiye,TOTAL,Total,PER,Person,EU27_2020,European Union - 27 countries (from 2020),2019,,75357,,,,,
dataflow,ESTAT:MIGR_RESFIRST(1.0),"First permits by reason, length of validity and citizenship",A,Annual,TOTAL,Total,TR,Türkiye,TOTAL,Total,PER,Person,EU27_2020,European Union - 27 countries (from 2020),2020,,61700,,,,,
dataflow,ESTAT:MIGR_RESFIRST(1.0),"First permits by reason, length of validity and citizenship",A,Annual,TOTAL,Total,TR,Türkiye,TOTAL,Total,PER,Person,EU27_2020,European Union - 27 countries (from 2020),2021,,86928,,,,,
dataflow,ESTAT:MIGR_RESFIRST(1.0),"First permits by reason, length of validity and citizenship",A,Annual,TOTAL,Total,TR,Türkiye,TOTAL,Total,PER,Person,EU27_2020,European Union - 27 countries (from 2020),2022,,120284,,,,,
dataflow,ESTAT:MIGR_RESFIRST(1.0),"First permits by reason, length of validity and citizenship",A,Annual,TOTAL,Total,TR,Türkiye,TOTAL,Total,PER,Person,EU27_2020,European Union - 27 countries (from 2020),2023,,127519,,,,,
dataflow,ESTAT:MIGR_RESFIRST(1.0),"First permits by reason, length of validity and citizenship",A,Annual,TOTAL,Total,TR,Türkiye,TOTAL,Total,PER,Person,EU28,European Union - 28 countries (2013-2020),2013,,59722,,,,,
dataflow,ESTAT:MIGR_RESFIRST(1.0),"First permits by reason, length of validity and citizenship",A,Annual,TOTAL,Total,TR,Türkiye,TOTAL,Total,PER,Person,EU28,European Union - 28 countries (2013-2020),2014,,57914,,,,,
dataflow,ESTAT:MIGR_RESFIRST(1.0),"First permits by reason, length of validity and citizenship",A,Annual,TOTAL,Total,TR,Türkiye,TOTAL,Total,PER,Person,EU28,European Union - 28 countries (2013-2020),2015,,58308,,,,,
dataflow,ESTAT:MIGR_RESFIRST(1.0),"First permits by reason, length of validity and citizenship",A,Annual,TOTAL,Total,TR,Türkiye,TOTAL,Total,PER,Person,EU28,European Union - 28 countries (2013-2020),2016,,60000,,,,,
dataflow,ESTAT:MIGR_RESFIRST(1.0),"First permits by reason, length of validity and citizenship",A,Annual,TOTAL,Total,TR,Türkiye,TOTAL,Total,PER,Person,EU28,European Union - 28 countries (2013-2020),2017,,67311,,,,,
dataflow,ESTAT:MIGR_RESFIRST(1.0),"First permits by reason, length of validity and citizenship",A,Annual,TOTAL,Total,TR,Türkiye,TOTAL,Total,PER,Person,EU28,European Union - 28 countries (2013-2020),2018,,73470,,,,,
dataflow,ESTAT:MIGR_RESFIRST(1.0),"First permits by reason, length of validity and citizenship",A,Annual,TOTAL,Total,TT,Trinidad and Tobago,TOTAL,Total,PER,Person,EU27_2020,European Union - 27 countries (from 2020),2013,,175,,,,,
dataflow,ESTAT:MIGR_RESFIRST(1.0),"First permits by reason, length of validity and citizenship",A,Annual,TOTAL,Total,TT,Trinidad and Tobago,TOTAL,Total,PER,Person,EU27_2020,European Union - 27 countries (from 2020),2014,,185,,,,,
dataflow,ESTAT:MIGR_RESFIRST(1.0),"First permits by reason, length of validity and citizenship",A,Annual,TOTAL,Total,TT,Trinidad and Tobago,TOTAL,Total,PER,Person,EU27_2020,European Union - 27 countries (from 2020),2015,,176,,,,,
dataflow,ESTAT:MIGR_RESFIRST(1.0),"First permits by reason, length of validity and citizenship",A,Annual,TOTAL,Total,TT,Trinidad and Tobago,TOTAL,Total,PER,Person,EU27_2020,European Union - 27 countries (from 2020),2016,,189,,,,,
dataflow,ESTAT:MIGR_RESFIRST(1.0),"First permits by reason, length of validity and citizenship",A,Annual,TOTAL,Total,TT,Trinidad and Tobago,TOTAL,Total,PER,Person,EU27_2020,European Union - 27 countries (from 2020),2017,,214,,,,,
dataflow,ESTAT:MIGR_RESFIRST(1.0),"First permits by reason, length of validity and citizenship",A,Annual,TOTAL,Total,TT,Trinidad and Tobago,TOTAL,Total,PER,Person,EU27_2020,European Union - 27 countries (from 2020),2018,,274,,,,,
dataflow,ESTAT:MIGR_RESFIRST(1.0),"First permits by reason, length of validity and citizenship",A,Annual,TOTAL,Total,TT,Trinidad and Tobago,TOTAL,Total,PER,Person,EU27_2020,European Union - 27 countries (from 2020),2019,,246,,,,,
dataflow,ESTAT:MIGR_RESFIRST(1.0),"First permits by reason, length of validity and citizenship",A,Annual,TOTAL,Total,TT,Trinidad and Tobago,TOTAL,Total,PER,Person,EU27_2020,European Union - 27 countries (from 2020),2020,,165,,,,,
dataflow,ESTAT:MIGR_RESFIRST(1.0),"First permits by reason, length of validity and citizenship",A,Annual,TOTAL,Total,TT,Trinidad and Tobago,TOTAL,Total,PER,Person,EU27_2020,European Union - 27 countries (from 2020),2021,,180,,,,,
dataflow,ESTAT:MIGR_RESFIRST(1.0),"First permits by reason, length of validity and citizenship",A,Annual,TOTAL,Total,TT,Trinidad and Tobago,TOTAL,Total,PER,Person,EU27_2020,European Union - 27 countries (from 2020),2022,,233,,,,,
dataflow,ESTAT:MIGR_RESFIRST(1.0),"First permits by reason, length of validity and citizenship",A,Annual,TOTAL,Total,TT,Trinidad and Tobago,TOTAL,Total,PER,Person,EU27_2020,European Union - 27 countries (from 2020),2023,,277,,,,,
dataflow,ESTAT:MIGR_RESFIRST(1.0),"First permits by reason, length of validity and citizenship",A,Annual,TOTAL,Total,TT,Trinidad and Tobago,TOTAL,Total,PER,Person,EU28,European Union - 28 countries (2013-2020),2013,,1318,,,,,
dataflow,ESTAT:MIGR_RESFIRST(1.0),"First permits by reason, length of validity and citizenship",A,Annual,TOTAL,Total,TT,Trinidad and Tobago,TOTAL,Total,PER,Person,EU28,European Union - 28 countries (2013-2020),2014,,812,,,,,
dataflow,ESTAT:MIGR_RESFIRST(1.0),"First permits by reason, length of validity and citizenship",A,Annual,TOTAL,Total,TT,Trinidad and Tobago,TOTAL,Total,PER,Person,EU28,European Union - 28 countries (2013-2020),2015,,729,,,,,
dataflow,ESTAT:MIGR_RESFIRST(1.0),"First permits by reason, length of validity and citizenship",A,Annual,TOTAL,Total,TT,Trinidad and Tobago,TOTAL,Total,PER,Person,EU28,European Union - 28 countries (2013-2020),2016,,672,,,,,
dataflow,ESTAT:MIGR_RESFIRST(1.0),"First permits by reason, length of validity and citizenship",A,Annual,TOTAL,Total,TT,Trinidad and Tobago,TOTAL,Total,PER,Person,EU28,European Union - 28 countries (2013-2020),2017,,785,,,,,
dataflow,ESTAT:MIGR_RESFIRST(1.0),"First permits by reason, length of validity and citizenship",A,Annual,TOTAL,Total,TT,Trinidad and Tobago,TOTAL,Total,PER,Person,EU28,European Union - 28 countries (2013-2020),2018,,744,,,,,
dataflow,ESTAT:MIGR_RESFIRST(1.0),"First permits by reason, length of validity and citizenship",A,Annual,TOTAL,Total,TV,Tuvalu,TOTAL,Total,PER,Person,EU27_2020,European Union - 27 countries (from 2020),2013,,6,,,,,
dataflow,ESTAT:MIGR_RESFIRST(1.0),"First permits by reason, length of validity and citizenship",A,Annual,TOTAL,Total,TV,Tuvalu,TOTAL,Total,PER,Person,EU27_2020,European Union - 27 countries (from 2020),2014,,1,,,,,
dataflow,ESTAT:MIGR_RESFIRST(1.0),"First permits by reason, length of validity and citizenship",A,Annual,TOTAL,Total,TV,Tuvalu,TOTAL,Total,PER,Person,EU27_2020,European Union - 27 countries (from 2020),2015,,3,,,,,
dataflow,ESTAT:MIGR_RESFIRST(1.0),"First permits by reason, length of validity and citizenship",A,Annual,TOTAL,Total,TV,Tuvalu,TOTAL,Total,PER,Person,EU27_2020,European Union - 27 countries (from 2020),2016,,1,,,,,
dataflow,ESTAT:MIGR_RESFIRST(1.0),"First permits by reason, length of validity and citizenship",A,Annual,TOTAL,Total,TV,Tuvalu,TOTAL,Total,PER,Person,EU27_2020,European Union - 27 countries (from 2020),2017,,3,,,,,
dataflow,ESTAT:MIGR_RESFIRST(1.0),"First permits by reason, length of validity and citizenship",A,Annual,TOTAL,Total,TV,Tuvalu,TOTAL,Total,PER,Person,EU27_2020,European Union - 27 countries (from 2020),2018,,2,,,,,
dataflow,ESTAT:MIGR_RESFIRST(1.0),"First permits by reason, length of validity and citizenship",A,Annual,TOTAL,Total,TV,Tuvalu,TOTAL,Total,PER,Person,EU27_2020,European Union - 27 countries (from 2020),2019,,2,,,,,
dataflow,ESTAT:MIGR_RESFIRST(1.0),"First permits by reason, length of validity and citizenship",A,Annual,TOTAL,Total,TV,Tuvalu,TOTAL,Total,PER,Person,EU27_2020,European Union - 27 countries (from 2020),2020,,1,,,,,
dataflow,ESTAT:MIGR_RESFIRST(1.0),"First permits by reason, length of validity and citizenship",A,Annual,TOTAL,Total,TV,Tuvalu,TOTAL,Total,PER,Person,EU27_2020,European Union - 27 countries (from 2020),2021,,0,,,,,
dataflow,ESTAT:MIGR_RESFIRST(1.0),"First permits by reason, length of validity and citizenship",A,Annual,TOTAL,Total,TV,Tuvalu,TOTAL,Total,PER,Person,EU27_2020,European Union - 27 countries (from 2020),2022,,9,,,,,
dataflow,ESTAT:MIGR_RESFIRST(1.0),"First permits by reason, length of validity and citizenship",A,Annual,TOTAL,Total,TV,Tuvalu,TOTAL,Total,PER,Person,EU27_2020,European Union - 27 countries (from 2020),2023,,9,,,,,
dataflow,ESTAT:MIGR_RESFIRST(1.0),"First permits by reason, length of validity and citizenship",A,Annual,TOTAL,Total,TV,Tuvalu,TOTAL,Total,PER,Person,EU28,European Union - 28 countries (2013-2020),2013,,6,,,,,
dataflow,ESTAT:MIGR_RESFIRST(1.0),"First permits by reason, length of validity and citizenship",A,Annual,TOTAL,Total,TV,Tuvalu,TOTAL,Total,PER,Person,EU28,European Union - 28 countries (2013-2020),2014,,2,,,,,
dataflow,ESTAT:MIGR_RESFIRST(1.0),"First permits by reason, length of validity and citizenship",A,Annual,TOTAL,Total,TV,Tuvalu,TOTAL,Total,PER,Person,EU28,European Union - 28 countries (2013-2020),2015,,4,,,,,
dataflow,ESTAT:MIGR_RESFIRST(1.0),"First permits by reason, length of validity and citizenship",A,Annual,TOTAL,Total,TV,Tuvalu,TOTAL,Total,PER,Person,EU28,European Union - 28 countries (2013-2020),2016,,3,,,,,
dataflow,ESTAT:MIGR_RESFIRST(1.0),"First permits by reason, length of validity and citizenship",A,Annual,TOTAL,Total,TV,Tuvalu,TOTAL,Total,PER,Person,EU28,European Union - 28 countries (2013-2020),2017,,15,,,,,
dataflow,ESTAT:MIGR_RESFIRST(1.0),"First permits by reason, length of validity and citizenship",A,Annual,TOTAL,Total,TV,Tuvalu,TOTAL,Total,PER,Person,EU28,European Union - 28 countries (2013-2020),2018,,6,,,,,
dataflow,ESTAT:MIGR_RESFIRST(1.0),"First permits by reason, length of validity and citizenship",A,Annual,TOTAL,Total,TW,Taiwan,TOTAL,Total,PER,Person,EU27_2020,European Union - 27 countries (from 2020),2013,,4678,,,,,
dataflow,ESTAT:MIGR_RESFIRST(1.0),"First permits by reason, length of validity and citizenship",A,Annual,TOTAL,Total,TW,Taiwan,TOTAL,Total,PER,Person,EU27_2020,European Union - 27 countries (from 2020),2014,,4668,,,,,
dataflow,ESTAT:MIGR_RESFIRST(1.0),"First permits by reason, length of validity and citizenship",A,Annual,TOTAL,Total,TW,Taiwan,TOTAL,Total,PER,Person,EU27_2020,European Union - 27 countries (from 2020),2015,,4902,,,,,
dataflow,ESTAT:MIGR_RESFIRST(1.0),"First permits by reason, length of validity and citizenship",A,Annual,TOTAL,Total,TW,Taiwan,TOTAL,Total,PER,Person,EU27_2020,European Union - 27 countries (from 2020),2016,,5400,,,,,
dataflow,ESTAT:MIGR_RESFIRST(1.0),"First permits by reason, length of validity and citizenship",A,Annual,TOTAL,Total,TW,Taiwan,TOTAL,Total,PER,Person,EU27_2020,European Union - 27 countries (from 2020),2017,,5631,,,,,
dataflow,ESTAT:MIGR_RESFIRST(1.0),"First permits by reason, length of validity and citizenship",A,Annual,TOTAL,Total,TW,Taiwan,TOTAL,Total,PER,Person,EU27_2020,European Union - 27 countries (from 2020),2018,,6702,,,,,
dataflow,ESTAT:MIGR_RESFIRST(1.0),"First permits by reason, length of validity and citizenship",A,Annual,TOTAL,Total,TW,Taiwan,TOTAL,Total,PER,Person,EU27_2020,European Union - 27 countries (from 2020),2019,,6737,,,,,
dataflow,ESTAT:MIGR_RESFIRST(1.0),"First permits by reason, length of validity and citizenship",A,Annual,TOTAL,Total,TW,Taiwan,TOTAL,Total,PER,Person,EU27_2020,European Union - 27 countries (from 2020),2020,,3768,,,,,
dataflow,ESTAT:MIGR_RESFIRST(1.0),"First permits by reason, length of validity and citizenship",A,Annual,TOTAL,Total,TW,Taiwan,TOTAL,Total,PER,Person,EU27_2020,European Union - 27 countries (from 2020),2021,,4390,,,,,
dataflow,ESTAT:MIGR_RESFIRST(1.0),"First permits by reason, length of validity and citizenship",A,Annual,TOTAL,Total,TW,Taiwan,TOTAL,Total,PER,Person,EU27_2020,European Union - 27 countries (from 2020),2022,,6300,,,,,
dataflow,ESTAT:MIGR_RESFIRST(1.0),"First permits by reason, length of validity and citizenship",A,Annual,TOTAL,Total,TW,Taiwan,TOTAL,Total,PER,Person,EU27_2020,European Union - 27 countries (from 2020),2023,,6520,,,,,
dataflow,ESTAT:MIGR_RESFIRST(1.0),"First permits by reason, length of validity and citizenship",A,Annual,TOTAL,Total,TW,Taiwan,TOTAL,Total,PER,Person,EU28,European Union - 28 countries (2013-2020),2013,,8814,,,,,
dataflow,ESTAT:MIGR_RESFIRST(1.0),"First permits by reason, length of validity and citizenship",A,Annual,TOTAL,Total,TW,Taiwan,TOTAL,Total,PER,Person,EU28,European Union - 28 countries (2013-2020),2014,,8758,,,,,
dataflow,ESTAT:MIGR_RESFIRST(1.0),"First permits by reason, length of validity and citizenship",A,Annual,TOTAL,Total,TW,Taiwan,TOTAL,Total,PER,Person,EU28,European Union - 28 countries (2013-2020),2015,,9248,,,,,
dataflow,ESTAT:MIGR_RESFIRST(1.0),"First permits by reason, length of validity and citizenship",A,Annual,TOTAL,Total,TW,Taiwan,TOTAL,Total,PER,Person,EU28,European Union - 28 countries (2013-2020),2016,,9498,,,,,
dataflow,ESTAT:MIGR_RESFIRST(1.0),"First permits by reason, length of validity and citizenship",A,Annual,TOTAL,Total,TW,Taiwan,TOTAL,Total,PER,Person,EU28,European Union - 28 countries (2013-2020),2017,,9510,,,,,
dataflow,ESTAT:MIGR_RESFIRST(1.0),"First permits by reason, length of validity and citizenship",A,Annual,TOTAL,Total,TW,Taiwan,TOTAL,Total,PER,Person,EU28,European Union - 28 countries (2013-2020),2018,,10454,,,,,
dataflow,ESTAT:MIGR_RESFIRST(1.0),"First permits by reason, length of validity and citizenship",A,Annual,TOTAL,Total,TZ,Tanzania,TOTAL,Total,PER,Person,EU27_2020,European Union - 27 countries (from 2020),2013,,847,,,,,
dataflow,ESTAT:MIGR_RESFIRST(1.0),"First permits by reason, length of validity and citizenship",A,Annual,TOTAL,Total,TZ,Tanzania,TOTAL,Total,PER,Person,EU27_2020,European Union - 27 countries (from 2020),2014,,783,,,,,
dataflow,ESTAT:MIGR_RESFIRST(1.0),"First permits by reason, length of validity and citizenship",A,Annual,TOTAL,Total,TZ,Tanzania,TOTAL,Total,PER,Person,EU27_2020,European Union - 27 countries (from 2020),2015,,774,,,,,
dataflow,ESTAT:MIGR_RESFIRST(1.0),"First permits by reason, length of validity and citizenship",A,Annual,TOTAL,Total,TZ,Tanzania,TOTAL,Total,PER,Person,EU27_2020,European Union - 27 countries (from 2020),2016,,820,,,,,
dataflow,ESTAT:MIGR_RESFIRST(1.0),"First permits by reason, length of validity and citizenship",A,Annual,TOTAL,Total,TZ,Tanzania,TOTAL,Total,PER,Person,EU27_2020,European Union - 27 countries (from 2020),2017,,840,,,,,
dataflow,ESTAT:MIGR_RESFIRST(1.0),"First permits by reason, length of validity and citizenship",A,Annual,TOTAL,Total,TZ,Tanzania,TOTAL,Total,PER,Person,EU27_2020,European Union - 27 countries (from 2020),2018,,859,,,,,
dataflow,ESTAT:MIGR_RESFIRST(1.0),"First permits by reason, length of validity and citizenship",A,Annual,TOTAL,Total,TZ,Tanzania,TOTAL,Total,PER,Person,EU27_2020,European Union - 27 countries (from 2020),2019,,874,,,,,
dataflow,ESTAT:MIGR_RESFIRST(1.0),"First permits by reason, length of validity and citizenship",A,Annual,TOTAL,Total,TZ,Tanzania,TOTAL,Total,PER,Person,EU27_2020,European Union - 27 countries (from 2020),2020,,807,,,,,
dataflow,ESTAT:MIGR_RESFIRST(1.0),"First permits by reason, length of validity and citizenship",A,Annual,TOTAL,Total,TZ,Tanzania,TOTAL,Total,PER,Person,EU27_2020,European Union - 27 countries (from 2020),2021,,1020,,,,,
dataflow,ESTAT:MIGR_RESFIRST(1.0),"First permits by reason, length of validity and citizenship",A,Annual,TOTAL,Total,TZ,Tanzania,TOTAL,Total,PER,Person,EU27_2020,European Union - 27 countries (from 2020),2022,,1380,,,,,
dataflow,ESTAT:MIGR_RESFIRST(1.0),"First permits by reason, length of validity and citizenship",A,Annual,TOTAL,Total,TZ,Tanzania,TOTAL,Total,PER,Person,EU27_2020,European Union - 27 countries (from 2020),2023,,1797,,,,,
dataflow,ESTAT:MIGR_RESFIRST(1.0),"First permits by reason, length of validity and citizenship",A,Annual,TOTAL,Total,TZ,Tanzania,TOTAL,Total,PER,Person,EU28,European Union - 28 countries (2013-2020),2013,,1508,,,,,
dataflow,ESTAT:MIGR_RESFIRST(1.0),"First permits by reason, length of validity and citizenship",A,Annual,TOTAL,Total,TZ,Tanzania,TOTAL,Total,PER,Person,EU28,European Union - 28 countries (2013-2020),2014,,1511,,,,,
dataflow,ESTAT:MIGR_RESFIRST(1.0),"First permits by reason, length of validity and citizenship",A,Annual,TOTAL,Total,TZ,Tanzania,TOTAL,Total,PER,Person,EU28,European Union - 28 countries (2013-2020),2015,,1555,,,,,
dataflow,ESTAT:MIGR_RESFIRST(1.0),"First permits by reason, length of validity and citizenship",A,Annual,TOTAL,Total,TZ,Tanzania,TOTAL,Total,PER,Person,EU28,European Union - 28 countries (2013-2020),2016,,1560,,,,,
dataflow,ESTAT:MIGR_RESFIRST(1.0),"First permits by reason, length of validity and citizenship",A,Annual,TOTAL,Total,TZ,Tanzania,TOTAL,Total,PER,Person,EU28,European Union - 28 countries (2013-2020),2017,,1437,,,,,
dataflow,ESTAT:MIGR_RESFIRST(1.0),"First permits by reason, length of validity and citizenship",A,Annual,TOTAL,Total,TZ,Tanzania,TOTAL,Total,PER,Person,EU28,European Union - 28 countries (2013-2020),2018,,1341,,,,,
dataflow,ESTAT:MIGR_RESFIRST(1.0),"First permits by reason, length of validity and citizenship",A,Annual,TOTAL,Total,UA,Ukraine,TOTAL,Total,PER,Person,EU27_2020,European Union - 27 countries (from 2020),2013,,229021,,,,,
dataflow,ESTAT:MIGR_RESFIRST(1.0),"First permits by reason, length of validity and citizenship",A,Annual,TOTAL,Total,UA,Ukraine,TOTAL,Total,PER,Person,EU27_2020,European Union - 27 countries (from 2020),2014,,302207,,,,,
dataflow,ESTAT:MIGR_RESFIRST(1.0),"First permits by reason, length of validity and citizenship",A,Annual,TOTAL,Total,UA,Ukraine,TOTAL,Total,PER,Person,EU27_2020,European Union - 27 countries (from 2020),2015,,496686,,,,,
dataflow,ESTAT:MIGR_RESFIRST(1.0),"First permits by reason, length of validity and citizenship",A,Annual,TOTAL,Total,UA,Ukraine,TOTAL,Total,PER,Person,EU27_2020,European Union - 27 countries (from 2020),2016,,581094,,,,,
dataflow,ESTAT:MIGR_RESFIRST(1.0),"First permits by reason, length of validity and citizenship",A,Annual,TOTAL,Total,UA,Ukraine,TOTAL,Total,PER,Person,EU27_2020,European Union - 27 countries (from 2020),2017,,661657,,,,,
dataflow,ESTAT:MIGR_RESFIRST(1.0),"First permits by reason, length of validity and citizenship",A,Annual,TOTAL,Total,UA,Ukraine,TOTAL,Total,PER,Person,EU27_2020,European Union - 27 countries (from 2020),2018,,634164,,,,,
dataflow,ESTAT:MIGR_RESFIRST(1.0),"First permits by reason, length of validity and citizenship",A,Annual,TOTAL,Total,UA,Ukraine,TOTAL,Total,PER,Person,EU27_2020,European Union - 27 countries (from 2020),2019,,759297,,,,,
dataflow,ESTAT:MIGR_RESFIRST(1.0),"First permits by reason, length of validity and citizenship",A,Annual,TOTAL,Total,UA,Ukraine,TOTAL,Total,PER,Person,EU27_2020,European Union - 27 countries (from 2020),2020,,603873,,,,,
dataflow,ESTAT:MIGR_RESFIRST(1.0),"First permits by reason, length of validity and citizenship",A,Annual,TOTAL,Total,UA,Ukraine,TOTAL,Total,PER,Person,EU27_2020,European Union - 27 countries (from 2020),2021,,878720,,,,,
dataflow,ESTAT:MIGR_RESFIRST(1.0),"First permits by reason, length of validity and citizenship",A,Annual,TOTAL,Total,UA,Ukraine,TOTAL,Total,PER,Person,EU27_2020,European Union - 27 countries (from 2020),2022,,382443,,,,,
dataflow,ESTAT:MIGR_RESFIRST(1.0),"First permits by reason, length of validity and citizenship",A,Annual,TOTAL,Total,UA,Ukraine,TOTAL,Total,PER,Person,EU27_2020,European Union - 27 countries (from 2020),2023,,308541,,,,,
dataflow,ESTAT:MIGR_RESFIRST(1.0),"First permits by reason, length of validity and citizenship",A,Annual,TOTAL,Total,UA,Ukraine,TOTAL,Total,PER,Person,EU28,European Union - 28 countries (2013-2020),2013,,236474,,,,,
dataflow,ESTAT:MIGR_RESFIRST(1.0),"First permits by reason, length of validity and citizenship",A,Annual,TOTAL,Total,UA,Ukraine,TOTAL,Total,PER,Person,EU28,European Union - 28 countries (2013-2020),2014,,305599,,,,,
dataflow,ESTAT:MIGR_RESFIRST(1.0),"First permits by reason, length of validity and citizenship",A,Annual,TOTAL,Total,UA,Ukraine,TOTAL,Total,PER,Person,EU28,European Union - 28 countries (2013-2020),2015,,500051,,,,,
dataflow,ESTAT:MIGR_RESFIRST(1.0),"First permits by reason, length of validity and citizenship",A,Annual,TOTAL,Total,UA,Ukraine,TOTAL,Total,PER,Person,EU28,European Union - 28 countries (2013-2020),2016,,584590,,,,,
dataflow,ESTAT:MIGR_RESFIRST(1.0),"First permits by reason, length of validity and citizenship",A,Annual,TOTAL,Total,UA,Ukraine,TOTAL,Total,PER,Person,EU28,European Union - 28 countries (2013-2020),2017,,665393,,,,,
dataflow,ESTAT:MIGR_RESFIRST(1.0),"First permits by reason, length of validity and citizenship",A,Annual,TOTAL,Total,UA,Ukraine,TOTAL,Total,PER,Person,EU28,European Union - 28 countries (2013-2020),2018,,637142,,,,,
dataflow,ESTAT:MIGR_RESFIRST(1.0),"First permits by reason, length of validity and citizenship",A,Annual,TOTAL,Total,UG,Uganda,TOTAL,Total,PER,Person,EU27_2020,European Union - 27 countries (from 2020),2013,,1214,,,,,
dataflow,ESTAT:MIGR_RESFIRST(1.0),"First permits by reason, length of validity and citizenship",A,Annual,TOTAL,Total,UG,Uganda,TOTAL,Total,PER,Person,EU27_2020,European Union - 27 countries (from 2020),2014,,1301,,,,,
dataflow,ESTAT:MIGR_RESFIRST(1.0),"First permits by reason, length of validity and citizenship",A,Annual,TOTAL,Total,UG,Uganda,TOTAL,Total,PER,Person,EU27_2020,European Union - 27 countries (from 2020),2015,,1179,,,,,
dataflow,ESTAT:MIGR_RESFIRST(1.0),"First permits by reason, length of validity and citizenship",A,Annual,TOTAL,Total,UG,Uganda,TOTAL,Total,PER,Person,EU27_2020,European Union - 27 countries (from 2020),2016,,1115,,,,,
dataflow,ESTAT:MIGR_RESFIRST(1.0),"First permits by reason, length of validity and citizenship",A,Annual,TOTAL,Total,UG,Uganda,TOTAL,Total,PER,Person,EU27_2020,European Union - 27 countries (from 2020),2017,,1192,,,,,
dataflow,ESTAT:MIGR_RESFIRST(1.0),"First permits by reason, length of validity and citizenship",A,Annual,TOTAL,Total,UG,Uganda,TOTAL,Total,PER,Person,EU27_2020,European Union - 27 countries (from 2020),2018,,1218,,,,,
dataflow,ESTAT:MIGR_RESFIRST(1.0),"First permits by reason, length of validity and citizenship",A,Annual,TOTAL,Total,UG,Uganda,TOTAL,Total,PER,Person,EU27_2020,European Union - 27 countries (from 2020),2019,,1459,,,,,
dataflow,ESTAT:MIGR_RESFIRST(1.0),"First permits by reason, length of validity and citizenship",A,Annual,TOTAL,Total,UG,Uganda,TOTAL,Total,PER,Person,EU27_2020,European Union - 27 countries (from 2020),2020,,1182,,,,,
dataflow,ESTAT:MIGR_RESFIRST(1.0),"First permits by reason, length of validity and citizenship",A,Annual,TOTAL,Total,UG,Uganda,TOTAL,Total,PER,Person,EU27_2020,European Union - 27 countries (from 2020),2021,,1716,,,,,
dataflow,ESTAT:MIGR_RESFIRST(1.0),"First permits by reason, length of validity and citizenship",A,Annual,TOTAL,Total,UG,Uganda,TOTAL,Total,PER,Person,EU27_2020,European Union - 27 countries (from 2020),2022,,2353,,,,,
dataflow,ESTAT:MIGR_RESFIRST(1.0),"First permits by reason, length of validity and citizenship",A,Annual,TOTAL,Total,UG,Uganda,TOTAL,Total,PER,Person,EU27_2020,European Union - 27 countries (from 2020),2023,,2820,,,,,
dataflow,ESTAT:MIGR_RESFIRST(1.0),"First permits by reason, length of validity and citizenship",A,Annual,TOTAL,Total,UG,Uganda,TOTAL,Total,PER,Person,EU28,European Union - 28 countries (2013-2020),2013,,2782,,,,,
dataflow,ESTAT:MIGR_RESFIRST(1.0),"First permits by reason, length of validity and citizenship",A,Annual,TOTAL,Total,UG,Uganda,TOTAL,Total,PER,Person,EU28,European Union - 28 countries (2013-2020),2014,,2294,,,,,
dataflow,ESTAT:MIGR_RESFIRST(1.0),"First permits by reason, length of validity and citizenship",A,Annual,TOTAL,Total,UG,Uganda,TOTAL,Total,PER,Person,EU28,European Union - 28 countries (2013-2020),2015,,2087,,,,,
dataflow,ESTAT:MIGR_RESFIRST(1.0),"First permits by reason, length of validity and citizenship",A,Annual,TOTAL,Total,UG,Uganda,TOTAL,Total,PER,Person,EU28,European Union - 28 countries (2013-2020),2016,,1937,,,,,
dataflow,ESTAT:MIGR_RESFIRST(1.0),"First permits by reason, length of validity and citizenship",A,Annual,TOTAL,Total,UG,Uganda,TOTAL,Total,PER,Person,EU28,European Union - 28 countries (2013-2020),2017,,2086,,,,,
dataflow,ESTAT:MIGR_RESFIRST(1.0),"First permits by reason, length of validity and citizenship",A,Annual,TOTAL,Total,UG,Uganda,TOTAL,Total,PER,Person,EU28,European Union - 28 countries (2013-2020),2018,,1946,,,,,
dataflow,ESTAT:MIGR_RESFIRST(1.0),"First permits by reason, length of validity and citizenship",A,Annual,TOTAL,Total,UK,United Kingdom,TOTAL,Total,PER,Person,EU27_2020,European Union - 27 countries (from 2020),2021,,90135,,,,,
dataflow,ESTAT:MIGR_RESFIRST(1.0),"First permits by reason, length of validity and citizenship",A,Annual,TOTAL,Total,UK,United Kingdom,TOTAL,Total,PER,Person,EU27_2020,European Union - 27 countries (from 2020),2022,,45771,,,,,
dataflow,ESTAT:MIGR_RESFIRST(1.0),"First permits by reason, length of validity and citizenship",A,Annual,TOTAL,Total,UK,United Kingdom,TOTAL,Total,PER,Person,EU27_2020,European Union - 27 countries (from 2020),2023,,42819,,,,,
dataflow,ESTAT:MIGR_RESFIRST(1.0),"First permits by reason, length of validity and citizenship",A,Annual,TOTAL,Total,UK_OCT,British overseas countries and territories,TOTAL,Total,PER,Person,EU27_2020,European Union - 27 countries (from 2020),2013,,27,,,,,
dataflow,ESTAT:MIGR_RESFIRST(1.0),"First permits by reason, length of validity and citizenship",A,Annual,TOTAL,Total,UK_OCT,British overseas countries and territories,TOTAL,Total,PER,Person,EU27_2020,European Union - 27 countries (from 2020),2014,,64,,,,,
dataflow,ESTAT:MIGR_RESFIRST(1.0),"First permits by reason, length of validity and citizenship",A,Annual,TOTAL,Total,UK_OCT,British overseas countries and territories,TOTAL,Total,PER,Person,EU27_2020,European Union - 27 countries (from 2020),2015,,62,,,,,
dataflow,ESTAT:MIGR_RESFIRST(1.0),"First permits by reason, length of validity and citizenship",A,Annual,TOTAL,Total,UK_OCT,British overseas countries and territories,TOTAL,Total,PER,Person,EU27_2020,European Union - 27 countries (from 2020),2016,,91,,,,,
dataflow,ESTAT:MIGR_RESFIRST(1.0),"First permits by reason, length of validity and citizenship",A,Annual,TOTAL,Total,UK_OCT,British overseas countries and territories,TOTAL,Total,PER,Person,EU27_2020,European Union - 27 countries (from 2020),2017,,105,,,,,
dataflow,ESTAT:MIGR_RESFIRST(1.0),"First permits by reason, length of validity and citizenship",A,Annual,TOTAL,Total,UK_OCT,British overseas countries and territories,TOTAL,Total,PER,Person,EU27_2020,European Union - 27 countries (from 2020),2018,,105,,,,,
dataflow,ESTAT:MIGR_RESFIRST(1.0),"First permits by reason, length of validity and citizenship",A,Annual,TOTAL,Total,UK_OCT,British overseas countries and territories,TOTAL,Total,PER,Person,EU27_2020,European Union - 27 countries (from 2020),2019,,101,,,,,
dataflow,ESTAT:MIGR_RESFIRST(1.0),"First permits by reason, length of validity and citizenship",A,Annual,TOTAL,Total,UK_OCT,British overseas countries and territories,TOTAL,Total,PER,Person,EU27_2020,European Union - 27 countries (from 2020),2020,,91,,,,,
dataflow,ESTAT:MIGR_RESFIRST(1.0),"First permits by reason, length of validity and citizenship",A,Annual,TOTAL,Total,UK_OCT,British overseas countries and territories,TOTAL,Total,PER,Person,EU27_2020,European Union - 27 countries (from 2020),2021,,144,,,,,
dataflow,ESTAT:MIGR_RESFIRST(1.0),"First permits by reason, length of validity and citizenship",A,Annual,TOTAL,Total,UK_OCT,British overseas countries and territories,TOTAL,Total,PER,Person,EU27_2020,European Union - 27 countries (from 2020),2022,,167,,,,,
dataflow,ESTAT:MIGR_RESFIRST(1.0),"First permits by reason, length of validity and citizenship",A,Annual,TOTAL,Total,UK_OCT,British overseas countries and territories,TOTAL,Total,PER,Person,EU27_2020,European Union - 27 countries (from 2020),2023,,147,,,,,
dataflow,ESTAT:MIGR_RESFIRST(1.0),"First permits by reason, length of validity and citizenship",A,Annual,TOTAL,Total,UK_OCT,British overseas countries and territories,TOTAL,Total,PER,Person,EU28,European Union - 28 countries (2013-2020),2013,,100,,,,,
dataflow,ESTAT:MIGR_RESFIRST(1.0),"First permits by reason, length of validity and citizenship",A,Annual,TOTAL,Total,UK_OCT,British overseas countries and territories,TOTAL,Total,PER,Person,EU28,European Union - 28 countries (2013-2020),2014,,172,,,,,
dataflow,ESTAT:MIGR_RESFIRST(1.0),"First permits by reason, length of validity and citizenship",A,Annual,TOTAL,Total,UK_OCT,British overseas countries and territories,TOTAL,Total,PER,Person,EU28,European Union - 28 countries (2013-2020),2015,,225,,,,,
dataflow,ESTAT:MIGR_RESFIRST(1.0),"First permits by reason, length of validity and citizenship",A,Annual,TOTAL,Total,UK_OCT,British overseas countries and territories,TOTAL,Total,PER,Person,EU28,European Union - 28 countries (2013-2020),2016,,313,,,,,
dataflow,ESTAT:MIGR_RESFIRST(1.0),"First permits by reason, length of validity and citizenship",A,Annual,TOTAL,Total,UK_OCT,British overseas countries and territories,TOTAL,Total,PER,Person,EU28,European Union - 28 countries (2013-2020),2017,,297,,,,,
dataflow,ESTAT:MIGR_RESFIRST(1.0),"First permits by reason, length of validity and citizenship",A,Annual,TOTAL,Total,UK_OCT,British overseas countries and territories,TOTAL,Total,PER,Person,EU28,European Union - 28 countries (2013-2020),2018,,323,,,,,
dataflow,ESTAT:MIGR_RESFIRST(1.0),"First permits by reason, length of validity and citizenship",A,Annual,TOTAL,Total,UNK,Unknown,TOTAL,Total,PER,Person,EU27_2020,European Union - 27 countries (from 2020),2013,,8510,,,,,
dataflow,ESTAT:MIGR_RESFIRST(1.0),"First permits by reason, length of validity and citizenship",A,Annual,TOTAL,Total,UNK,Unknown,TOTAL,Total,PER,Person,EU27_2020,European Union - 27 countries (from 2020),2014,,9856,,,,,
dataflow,ESTAT:MIGR_RESFIRST(1.0),"First permits by reason, length of validity and citizenship",A,Annual,TOTAL,Total,UNK,Unknown,TOTAL,Total,PER,Person,EU27_2020,European Union - 27 countries (from 2020),2015,,7086,,,,,
dataflow,ESTAT:MIGR_RESFIRST(1.0),"First permits by reason, length of validity and citizenship",A,Annual,TOTAL,Total,UNK,Unknown,TOTAL,Total,PER,Person,EU27_2020,European Union - 27 countries (from 2020),2016,,15745,,,,,
dataflow,ESTAT:MIGR_RESFIRST(1.0),"First permits by reason, length of validity and citizenship",A,Annual,TOTAL,Total,UNK,Unknown,TOTAL,Total,PER,Person,EU27_2020,European Union - 27 countries (from 2020),2017,,20682,,,,,
dataflow,ESTAT:MIGR_RESFIRST(1.0),"First permits by reason, length of validity and citizenship",A,Annual,TOTAL,Total,UNK,Unknown,TOTAL,Total,PER,Person,EU27_2020,European Union - 27 countries (from 2020),2018,,20358,,,,,
dataflow,ESTAT:MIGR_RESFIRST(1.0),"First permits by reason, length of validity and citizenship",A,Annual,TOTAL,Total,UNK,Unknown,TOTAL,Total,PER,Person,EU27_2020,European Union - 27 countries (from 2020),2019,,15974,,,,,
dataflow,ESTAT:MIGR_RESFIRST(1.0),"First permits by reason, length of validity and citizenship",A,Annual,TOTAL,Total,UNK,Unknown,TOTAL,Total,PER,Person,EU27_2020,European Union - 27 countries (from 2020),2020,,14725,,,,,
dataflow,ESTAT:MIGR_RESFIRST(1.0),"First permits by reason, length of validity and citizenship",A,Annual,TOTAL,Total,UNK,Unknown,TOTAL,Total,PER,Person,EU27_2020,European Union - 27 countries (from 2020),2021,,15833,,,,,
dataflow,ESTAT:MIGR_RESFIRST(1.0),"First permits by reason, length of validity and citizenship",A,Annual,TOTAL,Total,UNK,Unknown,TOTAL,Total,PER,Person,EU27_2020,European Union - 27 countries (from 2020),2022,,17615,,,,,
dataflow,ESTAT:MIGR_RESFIRST(1.0),"First permits by reason, length of validity and citizenship",A,Annual,TOTAL,Total,UNK,Unknown,TOTAL,Total,PER,Person,EU27_2020,European Union - 27 countries (from 2020),2023,,18300,,,,,
dataflow,ESTAT:MIGR_RESFIRST(1.0),"First permits by reason, length of validity and citizenship",A,Annual,TOTAL,Total,UNK,Unknown,TOTAL,Total,PER,Person,EU28,European Union - 28 countries (2013-2020),2013,,9720,,,,,
dataflow,ESTAT:MIGR_RESFIRST(1.0),"First permits by reason, length of validity and citizenship",A,Annual,TOTAL,Total,UNK,Unknown,TOTAL,Total,PER,Person,EU28,European Union - 28 countries (2013-2020),2014,,10904,,,,,
dataflow,ESTAT:MIGR_RESFIRST(1.0),"First permits by reason, length of validity and citizenship",A,Annual,TOTAL,Total,UNK,Unknown,TOTAL,Total,PER,Person,EU28,European Union - 28 countries (2013-2020),2015,,7752,,,,,
dataflow,ESTAT:MIGR_RESFIRST(1.0),"First permits by reason, length of validity and citizenship",A,Annual,TOTAL,Total,UNK,Unknown,TOTAL,Total,PER,Person,EU28,European Union - 28 countries (2013-2020),2016,,16320,,,,,
dataflow,ESTAT:MIGR_RESFIRST(1.0),"First permits by reason, length of validity and citizenship",A,Annual,TOTAL,Total,UNK,Unknown,TOTAL,Total,PER,Person,EU28,European Union - 28 countries (2013-2020),2017,,21390,,,,,
dataflow,ESTAT:MIGR_RESFIRST(1.0),"First permits by reason, length of validity and citizenship",A,Annual,TOTAL,Total,UNK,Unknown,TOTAL,Total,PER,Person,EU28,European Union - 28 countries (2013-2020),2018,,20589,,,,,
dataflow,ESTAT:MIGR_RESFIRST(1.0),"First permits by reason, length of validity and citizenship",A,Annual,TOTAL,Total,US,United States,TOTAL,Total,PER,Person,EU27_2020,European Union - 27 countries (from 2020),2013,,66219,,,,,
dataflow,ESTAT:MIGR_RESFIRST(1.0),"First permits by reason, length of validity and citizenship",A,Annual,TOTAL,Total,US,United States,TOTAL,Total,PER,Person,EU27_2020,European Union - 27 countries (from 2020),2014,,63260,,,,,
dataflow,ESTAT:MIGR_RESFIRST(1.0),"First permits by reason, length of validity and citizenship",A,Annual,TOTAL,Total,US,United States,TOTAL,Total,PER,Person,EU27_2020,European Union - 27 countries (from 2020),2015,,60804,,,,,
dataflow,ESTAT:MIGR_RESFIRST(1.0),"First permits by reason, length of validity and citizenship",A,Annual,TOTAL,Total,US,United States,TOTAL,Total,PER,Person,EU27_2020,European Union - 27 countries (from 2020),2016,,70245,,,,,
dataflow,ESTAT:MIGR_RESFIRST(1.0),"First permits by reason, length of validity and citizenship",A,Annual,TOTAL,Total,US,United States,TOTAL,Total,PER,Person,EU27_2020,European Union - 27 countries (from 2020),2017,,69346,,,,,
dataflow,ESTAT:MIGR_RESFIRST(1.0),"First permits by reason, length of validity and citizenship",A,Annual,TOTAL,Total,US,United States,TOTAL,Total,PER,Person,EU27_2020,European Union - 27 countries (from 2020),2018,,75879,,,,,
dataflow,ESTAT:MIGR_RESFIRST(1.0),"First permits by reason, length of validity and citizenship",A,Annual,TOTAL,Total,US,United States,TOTAL,Total,PER,Person,EU27_2020,European Union - 27 countries (from 2020),2019,,75745,,,,,
dataflow,ESTAT:MIGR_RESFIRST(1.0),"First permits by reason, length of validity and citizenship",A,Annual,TOTAL,Total,US,United States,TOTAL,Total,PER,Person,EU27_2020,European Union - 27 countries (from 2020),2020,,45080,,,,,
dataflow,ESTAT:MIGR_RESFIRST(1.0),"First permits by reason, length of validity and citizenship",A,Annual,TOTAL,Total,US,United States,TOTAL,Total,PER,Person,EU27_2020,European Union - 27 countries (from 2020),2021,,64479,,,,,
dataflow,ESTAT:MIGR_RESFIRST(1.0),"First permits by reason, length of validity and citizenship",A,Annual,TOTAL,Total,US,United States,TOTAL,Total,PER,Person,EU27_2020,European Union - 27 countries (from 2020),2022,,75121,,,,,
dataflow,ESTAT:MIGR_RESFIRST(1.0),"First permits by reason, length of validity and citizenship",A,Annual,TOTAL,Total,US,United States,TOTAL,Total,PER,Person,EU27_2020,European Union - 27 countries (from 2020),2023,,78889,,,,,
dataflow,ESTAT:MIGR_RESFIRST(1.0),"First permits by reason, length of validity and citizenship",A,Annual,TOTAL,Total,US,United States,TOTAL,Total,PER,Person,EU28,European Union - 28 countries (2013-2020),2013,,171937,,,,,
dataflow,ESTAT:MIGR_RESFIRST(1.0),"First permits by reason, length of validity and citizenship",A,Annual,TOTAL,Total,US,United States,TOTAL,Total,PER,Person,EU28,European Union - 28 countries (2013-2020),2014,,199462,,,,,
dataflow,ESTAT:MIGR_RESFIRST(1.0),"First permits by reason, length of validity and citizenship",A,Annual,TOTAL,Total,US,United States,TOTAL,Total,PER,Person,EU28,European Union - 28 countries (2013-2020),2015,,261844,,,,,
dataflow,ESTAT:MIGR_RESFIRST(1.0),"First permits by reason, length of validity and citizenship",A,Annual,TOTAL,Total,US,United States,TOTAL,Total,PER,Person,EU28,European Union - 28 countries (2013-2020),2016,,172948,,,,,
dataflow,ESTAT:MIGR_RESFIRST(1.0),"First permits by reason, length of validity and citizenship",A,Annual,TOTAL,Total,US,United States,TOTAL,Total,PER,Person,EU28,European Union - 28 countries (2013-2020),2017,,144942,,,,,
dataflow,ESTAT:MIGR_RESFIRST(1.0),"First permits by reason, length of validity and citizenship",A,Annual,TOTAL,Total,US,United States,TOTAL,Total,PER,Person,EU28,European Union - 28 countries (2013-2020),2018,,119119,,,,,
dataflow,ESTAT:MIGR_RESFIRST(1.0),"First permits by reason, length of validity and citizenship",A,Annual,TOTAL,Total,UY,Uruguay,TOTAL,Total,PER,Person,EU27_2020,European Union - 27 countries (from 2020),2013,,1811,,,,,
dataflow,ESTAT:MIGR_RESFIRST(1.0),"First permits by reason, length of validity and citizenship",A,Annual,TOTAL,Total,UY,Uruguay,TOTAL,Total,PER,Person,EU27_2020,European Union - 27 countries (from 2020),2014,,1700,,,,,
dataflow,ESTAT:MIGR_RESFIRST(1.0),"First permits by reason, length of validity and citizenship",A,Annual,TOTAL,Total,UY,Uruguay,TOTAL,Total,PER,Person,EU27_2020,European Union - 27 countries (from 2020),2015,,1601,,,,,
dataflow,ESTAT:MIGR_RESFIRST(1.0),"First permits by reason, length of validity and citizenship",A,Annual,TOTAL,Total,UY,Uruguay,TOTAL,Total,PER,Person,EU27_2020,European Union - 27 countries (from 2020),2016,,1842,,,,,
dataflow,ESTAT:MIGR_RESFIRST(1.0),"First permits by reason, length of validity and citizenship",A,Annual,TOTAL,Total,UY,Uruguay,TOTAL,Total,PER,Person,EU27_2020,European Union - 27 countries (from 2020),2017,,2078,,,,,
dataflow,ESTAT:MIGR_RESFIRST(1.0),"First permits by reason, length of validity and citizenship",A,Annual,TOTAL,Total,UY,Uruguay,TOTAL,Total,PER,Person,EU27_2020,European Union - 27 countries (from 2020),2018,,2136,,,,,
dataflow,ESTAT:MIGR_RESFIRST(1.0),"First permits by reason, length of validity and citizenship",A,Annual,TOTAL,Total,UY,Uruguay,TOTAL,Total,PER,Person,EU27_2020,European Union - 27 countries (from 2020),2019,,2684,,,,,
dataflow,ESTAT:MIGR_RESFIRST(1.0),"First permits by reason, length of validity and citizenship",A,Annual,TOTAL,Total,UY,Uruguay,TOTAL,Total,PER,Person,EU27_2020,European Union - 27 countries (from 2020),2020,,2153,,,,,
dataflow,ESTAT:MIGR_RESFIRST(1.0),"First permits by reason, length of validity and citizenship",A,Annual,TOTAL,Total,UY,Uruguay,TOTAL,Total,PER,Person,EU27_2020,European Union - 27 countries (from 2020),2021,,2103,,,,,
dataflow,ESTAT:MIGR_RESFIRST(1.0),"First permits by reason, length of validity and citizenship",A,Annual,TOTAL,Total,UY,Uruguay,TOTAL,Total,PER,Person,EU27_2020,European Union - 27 countries (from 2020),2022,,3140,,,,,
dataflow,ESTAT:MIGR_RESFIRST(1.0),"First permits by reason, length of validity and citizenship",A,Annual,TOTAL,Total,UY,Uruguay,TOTAL,Total,PER,Person,EU27_2020,European Union - 27 countries (from 2020),2023,,3577,,,,,
dataflow,ESTAT:MIGR_RESFIRST(1.0),"First permits by reason, length of validity and citizenship",A,Annual,TOTAL,Total,UY,Uruguay,TOTAL,Total,PER,Person,EU28,European Union - 28 countries (2013-2020),2013,,1952,,,,,
dataflow,ESTAT:MIGR_RESFIRST(1.0),"First permits by reason, length of validity and citizenship",A,Annual,TOTAL,Total,UY,Uruguay,TOTAL,Total,PER,Person,EU28,European Union - 28 countries (2013-2020),2014,,1823,,,,,
dataflow,ESTAT:MIGR_RESFIRST(1.0),"First permits by reason, length of validity and citizenship",A,Annual,TOTAL,Total,UY,Uruguay,TOTAL,Total,PER,Person,EU28,European Union - 28 countries (2013-2020),2015,,1727,,,,,
dataflow,ESTAT:MIGR_RESFIRST(1.0),"First permits by reason, length of validity and citizenship",A,Annual,TOTAL,Total,UY,Uruguay,TOTAL,Total,PER,Person,EU28,European Union - 28 countries (2013-2020),2016,,1959,,,,,
dataflow,ESTAT:MIGR_RESFIRST(1.0),"First permits by reason, length of validity and citizenship",A,Annual,TOTAL,Total,UY,Uruguay,TOTAL,Total,PER,Person,EU28,European Union - 28 countries (2013-2020),2017,,2194,,,,,
dataflow,ESTAT:MIGR_RESFIRST(1.0),"First permits by reason, length of validity and citizenship",A,Annual,TOTAL,Total,UY,Uruguay,TOTAL,Total,PER,Person,EU28,European Union - 28 countries (2013-2020),2018,,2249,,,,,
dataflow,ESTAT:MIGR_RESFIRST(1.0),"First permits by reason, length of validity and citizenship",A,Annual,TOTAL,Total,UZ,Uzbekistan,TOTAL,Total,PER,Person,EU27_2020,European Union - 27 countries (from 2020),2013,,2914,,,,,
dataflow,ESTAT:MIGR_RESFIRST(1.0),"First permits by reason, length of validity and citizenship",A,Annual,TOTAL,Total,UZ,Uzbekistan,TOTAL,Total,PER,Person,EU27_2020,European Union - 27 countries (from 2020),2014,,3593,,,,,
dataflow,ESTAT:MIGR_RESFIRST(1.0),"First permits by reason, length of validity and citizenship",A,Annual,TOTAL,Total,UZ,Uzbekistan,TOTAL,Total,PER,Person,EU27_2020,European Union - 27 countries (from 2020),2015,,3680,,,,,
dataflow,ESTAT:MIGR_RESFIRST(1.0),"First permits by reason, length of validity and citizenship",A,Annual,TOTAL,Total,UZ,Uzbekistan,TOTAL,Total,PER,Person,EU27_2020,European Union - 27 countries (from 2020),2016,,4205,,,,,
dataflow,ESTAT:MIGR_RESFIRST(1.0),"First permits by reason, length of validity and citizenship",A,Annual,TOTAL,Total,UZ,Uzbekistan,TOTAL,Total,PER,Person,EU27_2020,European Union - 27 countries (from 2020),2017,,3624,,,,,
dataflow,ESTAT:MIGR_RESFIRST(1.0),"First permits by reason, length of validity and citizenship",A,Annual,TOTAL,Total,UZ,Uzbekistan,TOTAL,Total,PER,Person,EU27_2020,European Union - 27 countries (from 2020),2018,,4193,,,,,
dataflow,ESTAT:MIGR_RESFIRST(1.0),"First permits by reason, length of validity and citizenship",A,Annual,TOTAL,Total,UZ,Uzbekistan,TOTAL,Total,PER,Person,EU27_2020,European Union - 27 countries (from 2020),2019,,5862,,,,,
dataflow,ESTAT:MIGR_RESFIRST(1.0),"First permits by reason, length of validity and citizenship",A,Annual,TOTAL,Total,UZ,Uzbekistan,TOTAL,Total,PER,Person,EU27_2020,European Union - 27 countries (from 2020),2020,,5074,,,,,
dataflow,ESTAT:MIGR_RESFIRST(1.0),"First permits by reason, length of validity and citizenship",A,Annual,TOTAL,Total,UZ,Uzbekistan,TOTAL,Total,PER,Person,EU27_2020,European Union - 27 countries (from 2020),2021,,9540,,,,,
dataflow,ESTAT:MIGR_RESFIRST(1.0),"First permits by reason, length of validity and citizenship",A,Annual,TOTAL,Total,UZ,Uzbekistan,TOTAL,Total,PER,Person,EU27_2020,European Union - 27 countries (from 2020),2022,,18012,,,,,
dataflow,ESTAT:MIGR_RESFIRST(1.0),"First permits by reason, length of validity and citizenship",A,Annual,TOTAL,Total,UZ,Uzbekistan,TOTAL,Total,PER,Person,EU27_2020,European Union - 27 countries (from 2020),2023,,26572,,,,,
dataflow,ESTAT:MIGR_RESFIRST(1.0),"First permits by reason, length of validity and citizenship",A,Annual,TOTAL,Total,UZ,Uzbekistan,TOTAL,Total,PER,Person,EU28,European Union - 28 countries (2013-2020),2013,,3401,,,,,
dataflow,ESTAT:MIGR_RESFIRST(1.0),"First permits by reason, length of validity and citizenship",A,Annual,TOTAL,Total,UZ,Uzbekistan,TOTAL,Total,PER,Person,EU28,European Union - 28 countries (2013-2020),2014,,4060,,,,,
dataflow,ESTAT:MIGR_RESFIRST(1.0),"First permits by reason, length of validity and citizenship",A,Annual,TOTAL,Total,UZ,Uzbekistan,TOTAL,Total,PER,Person,EU28,European Union - 28 countries (2013-2020),2015,,4024,,,,,
dataflow,ESTAT:MIGR_RESFIRST(1.0),"First permits by reason, length of validity and citizenship",A,Annual,TOTAL,Total,UZ,Uzbekistan,TOTAL,Total,PER,Person,EU28,European Union - 28 countries (2013-2020),2016,,4551,,,,,
dataflow,ESTAT:MIGR_RESFIRST(1.0),"First permits by reason, length of validity and citizenship",A,Annual,TOTAL,Total,UZ,Uzbekistan,TOTAL,Total,PER,Person,EU28,European Union - 28 countries (2013-2020),2017,,4036,,,,,
dataflow,ESTAT:MIGR_RESFIRST(1.0),"First permits by reason, length of validity and citizenship",A,Annual,TOTAL,Total,UZ,Uzbekistan,TOTAL,Total,PER,Person,EU28,European Union - 28 countries (2013-2020),2018,,4645,,,,,
dataflow,ESTAT:MIGR_RESFIRST(1.0),"First permits by reason, length of validity and citizenship",A,Annual,TOTAL,Total,VA,Holy See,TOTAL,Total,PER,Person,EU27_2020,European Union - 27 countries (from 2020),2013,,0,,,,,
dataflow,ESTAT:MIGR_RESFIRST(1.0),"First permits by reason, length of validity and citizenship",A,Annual,TOTAL,Total,VA,Holy See,TOTAL,Total,PER,Person,EU27_2020,European Union - 27 countries (from 2020),2014,,0,,,,,
dataflow,ESTAT:MIGR_RESFIRST(1.0),"First permits by reason, length of validity and citizenship",A,Annual,TOTAL,Total,VA,Holy See,TOTAL,Total,PER,Person,EU27_2020,European Union - 27 countries (from 2020),2015,,0,,,,,
dataflow,ESTAT:MIGR_RESFIRST(1.0),"First permits by reason, length of validity and citizenship",A,Annual,TOTAL,Total,VA,Holy See,TOTAL,Total,PER,Person,EU27_2020,European Union - 27 countries (from 2020),2016,,0,,,,,
dataflow,ESTAT:MIGR_RESFIRST(1.0),"First permits by reason, length of validity and citizenship",A,Annual,TOTAL,Total,VA,Holy See,TOTAL,Total,PER,Person,EU27_2020,European Union - 27 countries (from 2020),2017,,2,,,,,
dataflow,ESTAT:MIGR_RESFIRST(1.0),"First permits by reason, length of validity and citizenship",A,Annual,TOTAL,Total,VA,Holy See,TOTAL,Total,PER,Person,EU27_2020,European Union - 27 countries (from 2020),2018,,1,,,,,
dataflow,ESTAT:MIGR_RESFIRST(1.0),"First permits by reason, length of validity and citizenship",A,Annual,TOTAL,Total,VA,Holy See,TOTAL,Total,PER,Person,EU27_2020,European Union - 27 countries (from 2020),2019,,2,,,,,
dataflow,ESTAT:MIGR_RESFIRST(1.0),"First permits by reason, length of validity and citizenship",A,Annual,TOTAL,Total,VA,Holy See,TOTAL,Total,PER,Person,EU27_2020,European Union - 27 countries (from 2020),2020,,3,,,,,
dataflow,ESTAT:MIGR_RESFIRST(1.0),"First permits by reason, length of validity and citizenship",A,Annual,TOTAL,Total,VA,Holy See,TOTAL,Total,PER,Person,EU27_2020,European Union - 27 countries (from 2020),2021,,1,,,,,
dataflow,ESTAT:MIGR_RESFIRST(1.0),"First permits by reason, length of validity and citizenship",A,Annual,TOTAL,Total,VA,Holy See,TOTAL,Total,PER,Person,EU27_2020,European Union - 27 countries (from 2020),2022,,1,,,,,
dataflow,ESTAT:MIGR_RESFIRST(1.0),"First permits by reason, length of validity and citizenship",A,Annual,TOTAL,Total,VA,Holy See,TOTAL,Total,PER,Person,EU27_2020,European Union - 27 countries (from 2020),2023,,5,,,,,
dataflow,ESTAT:MIGR_RESFIRST(1.0),"First permits by reason, length of validity and citizenship",A,Annual,TOTAL,Total,VA,Holy See,TOTAL,Total,PER,Person,EU28,European Union - 28 countries (2013-2020),2013,,17,,,,,
dataflow,ESTAT:MIGR_RESFIRST(1.0),"First permits by reason, length of validity and citizenship",A,Annual,TOTAL,Total,VA,Holy See,TOTAL,Total,PER,Person,EU28,European Union - 28 countries (2013-2020),2014,,6,,,,,
dataflow,ESTAT:MIGR_RESFIRST(1.0),"First permits by reason, length of validity and citizenship",A,Annual,TOTAL,Total,VA,Holy See,TOTAL,Total,PER,Person,EU28,European Union - 28 countries (2013-2020),2015,,1,,,,,
dataflow,ESTAT:MIGR_RESFIRST(1.0),"First permits by reason, length of validity and citizenship",A,Annual,TOTAL,Total,VA,Holy See,TOTAL,Total,PER,Person,EU28,European Union - 28 countries (2013-2020),2016,,9,,,,,
dataflow,ESTAT:MIGR_RESFIRST(1.0),"First permits by reason, length of validity and citizenship",A,Annual,TOTAL,Total,VA,Holy See,TOTAL,Total,PER,Person,EU28,European Union - 28 countries (2013-2020),2017,,22,,,,,
dataflow,ESTAT:MIGR_RESFIRST(1.0),"First permits by reason, length of validity and citizenship",A,Annual,TOTAL,Total,VA,Holy See,TOTAL,Total,PER,Person,EU28,European Union - 28 countries (2013-2020),2018,,1,,,,,
dataflow,ESTAT:MIGR_RESFIRST(1.0),"First permits by reason, length of validity and citizenship",A,Annual,TOTAL,Total,VC,Saint Vincent and the Grenadines,TOTAL,Total,PER,Person,EU27_2020,European Union - 27 countries (from 2020),2013,,15,,,,,
dataflow,ESTAT:MIGR_RESFIRST(1.0),"First permits by reason, length of validity and citizenship",A,Annual,TOTAL,Total,VC,Saint Vincent and the Grenadines,TOTAL,Total,PER,Person,EU27_2020,European Union - 27 countries (from 2020),2014,,19,,,,,
dataflow,ESTAT:MIGR_RESFIRST(1.0),"First permits by reason, length of validity and citizenship",A,Annual,TOTAL,Total,VC,Saint Vincent and the Grenadines,TOTAL,Total,PER,Person,EU27_2020,European Union - 27 countries (from 2020),2015,,14,,,,,
dataflow,ESTAT:MIGR_RESFIRST(1.0),"First permits by reason, length of validity and citizenship",A,Annual,TOTAL,Total,VC,Saint Vincent and the Grenadines,TOTAL,Total,PER,Person,EU27_2020,European Union - 27 countries (from 2020),2016,,15,,,,,
dataflow,ESTAT:MIGR_RESFIRST(1.0),"First permits by reason, length of validity and citizenship",A,Annual,TOTAL,Total,VC,Saint Vincent and the Grenadines,TOTAL,Total,PER,Person,EU27_2020,European Union - 27 countries (from 2020),2017,,18,,,,,
dataflow,ESTAT:MIGR_RESFIRST(1.0),"First permits by reason, length of validity and citizenship",A,Annual,TOTAL,Total,VC,Saint Vincent and the Grenadines,TOTAL,Total,PER,Person,EU27_2020,European Union - 27 countries (from 2020),2018,,19,,,,,
dataflow,ESTAT:MIGR_RESFIRST(1.0),"First permits by reason, length of validity and citizenship",A,Annual,TOTAL,Total,VC,Saint Vincent and the Grenadines,TOTAL,Total,PER,Person,EU27_2020,European Union - 27 countries (from 2020),2019,,33,,,,,
dataflow,ESTAT:MIGR_RESFIRST(1.0),"First permits by reason, length of validity and citizenship",A,Annual,TOTAL,Total,VC,Saint Vincent and the Grenadines,TOTAL,Total,PER,Person,EU27_2020,European Union - 27 countries (from 2020),2020,,20,,,,,
dataflow,ESTAT:MIGR_RESFIRST(1.0),"First permits by reason, length of validity and citizenship",A,Annual,TOTAL,Total,VC,Saint Vincent and the Grenadines,TOTAL,Total,PER,Person,EU27_2020,European Union - 27 countries (from 2020),2021,,12,,,,,
dataflow,ESTAT:MIGR_RESFIRST(1.0),"First permits by reason, length of validity and citizenship",A,Annual,TOTAL,Total,VC,Saint Vincent and the Grenadines,TOTAL,Total,PER,Person,EU27_2020,European Union - 27 countries (from 2020),2022,,12,,,,,
dataflow,ESTAT:MIGR_RESFIRST(1.0),"First permits by reason, length of validity and citizenship",A,Annual,TOTAL,Total,VC,Saint Vincent and the Grenadines,TOTAL,Total,PER,Person,EU27_2020,European Union - 27 countries (from 2020),2023,,14,,,,,
dataflow,ESTAT:MIGR_RESFIRST(1.0),"First permits by reason, length of validity and citizenship",A,Annual,TOTAL,Total,VC,Saint Vincent and the Grenadines,TOTAL,Total,PER,Person,EU28,European Union - 28 countries (2013-2020),2013,,1726,,,,,
dataflow,ESTAT:MIGR_RESFIRST(1.0),"First permits by reason, length of validity and citizenship",A,Annual,TOTAL,Total,VC,Saint Vincent and the Grenadines,TOTAL,Total,PER,Person,EU28,European Union - 28 countries (2013-2020),2014,,130,,,,,
dataflow,ESTAT:MIGR_RESFIRST(1.0),"First permits by reason, length of validity and citizenship",A,Annual,TOTAL,Total,VC,Saint Vincent and the Grenadines,TOTAL,Total,PER,Person,EU28,European Union - 28 countries (2013-2020),2015,,140,,,,,
dataflow,ESTAT:MIGR_RESFIRST(1.0),"First permits by reason, length of validity and citizenship",A,Annual,TOTAL,Total,VC,Saint Vincent and the Grenadines,TOTAL,Total,PER,Person,EU28,European Union - 28 countries (2013-2020),2016,,132,,,,,
dataflow,ESTAT:MIGR_RESFIRST(1.0),"First permits by reason, length of validity and citizenship",A,Annual,TOTAL,Total,VC,Saint Vincent and the Grenadines,TOTAL,Total,PER,Person,EU28,European Union - 28 countries (2013-2020),2017,,171,,,,,
dataflow,ESTAT:MIGR_RESFIRST(1.0),"First permits by reason, length of validity and citizenship",A,Annual,TOTAL,Total,VC,Saint Vincent and the Grenadines,TOTAL,Total,PER,Person,EU28,European Union - 28 countries (2013-2020),2018,,92,,,,,
dataflow,ESTAT:MIGR_RESFIRST(1.0),"First permits by reason, length of validity and citizenship",A,Annual,TOTAL,Total,VE,Venezuela,TOTAL,Total,PER,Person,EU27_2020,European Union - 27 countries (from 2020),2013,,8717,,,,,
dataflow,ESTAT:MIGR_RESFIRST(1.0),"First permits by reason, length of validity and citizenship",A,Annual,TOTAL,Total,VE,Venezuela,TOTAL,Total,PER,Person,EU27_2020,European Union - 27 countries (from 2020),2014,,10331,,,,,
dataflow,ESTAT:MIGR_RESFIRST(1.0),"First permits by reason, length of validity and citizenship",A,Annual,TOTAL,Total,VE,Venezuela,TOTAL,Total,PER,Person,EU27_2020,European Union - 27 countries (from 2020),2015,,9449,,,,,
dataflow,ESTAT:MIGR_RESFIRST(1.0),"First permits by reason, length of validity and citizenship",A,Annual,TOTAL,Total,VE,Venezuela,TOTAL,Total,PER,Person,EU27_2020,European Union - 27 countries (from 2020),2016,,11473,,,,,
dataflow,ESTAT:MIGR_RESFIRST(1.0),"First permits by reason, length of validity and citizenship",A,Annual,TOTAL,Total,VE,Venezuela,TOTAL,Total,PER,Person,EU27_2020,European Union - 27 countries (from 2020),2017,,16601,,,,,
dataflow,ESTAT:MIGR_RESFIRST(1.0),"First permits by reason, length of validity and citizenship",A,Annual,TOTAL,Total,VE,Venezuela,TOTAL,Total,PER,Person,EU27_2020,European Union - 27 countries (from 2020),2018,,23116,,,,,
dataflow,ESTAT:MIGR_RESFIRST(1.0),"First permits by reason, length of validity and citizenship",A,Annual,TOTAL,Total,VE,Venezuela,TOTAL,Total,PER,Person,EU27_2020,European Union - 27 countries (from 2020),2019,,62760,,,,,
dataflow,ESTAT:MIGR_RESFIRST(1.0),"First permits by reason, length of validity and citizenship",A,Annual,TOTAL,Total,VE,Venezuela,TOTAL,Total,PER,Person,EU27_2020,European Union - 27 countries (from 2020),2020,,62717,,,,,
dataflow,ESTAT:MIGR_RESFIRST(1.0),"First permits by reason, length of validity and citizenship",A,Annual,TOTAL,Total,VE,Venezuela,TOTAL,Total,PER,Person,EU27_2020,European Union - 27 countries (from 2020),2021,,28113,,,,,
dataflow,ESTAT:MIGR_RESFIRST(1.0),"First permits by reason, length of validity and citizenship",A,Annual,TOTAL,Total,VE,Venezuela,TOTAL,Total,PER,Person,EU27_2020,European Union - 27 countries (from 2020),2022,,49031,,,,,
dataflow,ESTAT:MIGR_RESFIRST(1.0),"First permits by reason, length of validity and citizenship",A,Annual,TOTAL,Total,VE,Venezuela,TOTAL,Total,PER,Person,EU27_2020,European Union - 27 countries (from 2020),2023,,76117,,,,,
dataflow,ESTAT:MIGR_RESFIRST(1.0),"First permits by reason, length of validity and citizenship",A,Annual,TOTAL,Total,VE,Venezuela,TOTAL,Total,PER,Person,EU28,European Union - 28 countries (2013-2020),2013,,9428,,,,,
dataflow,ESTAT:MIGR_RESFIRST(1.0),"First permits by reason, length of validity and citizenship",A,Annual,TOTAL,Total,VE,Venezuela,TOTAL,Total,PER,Person,EU28,European Union - 28 countries (2013-2020),2014,,11586,,,,,
dataflow,ESTAT:MIGR_RESFIRST(1.0),"First permits by reason, length of validity and citizenship",A,Annual,TOTAL,Total,VE,Venezuela,TOTAL,Total,PER,Person,EU28,European Union - 28 countries (2013-2020),2015,,10331,,,,,
dataflow,ESTAT:MIGR_RESFIRST(1.0),"First permits by reason, length of validity and citizenship",A,Annual,TOTAL,Total,VE,Venezuela,TOTAL,Total,PER,Person,EU28,European Union - 28 countries (2013-2020),2016,,12439,,,,,
dataflow,ESTAT:MIGR_RESFIRST(1.0),"First permits by reason, length of validity and citizenship",A,Annual,TOTAL,Total,VE,Venezuela,TOTAL,Total,PER,Person,EU28,European Union - 28 countries (2013-2020),2017,,17503,,,,,
dataflow,ESTAT:MIGR_RESFIRST(1.0),"First permits by reason, length of validity and citizenship",A,Annual,TOTAL,Total,VE,Venezuela,TOTAL,Total,PER,Person,EU28,European Union - 28 countries (2013-2020),2018,,23858,,,,,
dataflow,ESTAT:MIGR_RESFIRST(1.0),"First permits by reason, length of validity and citizenship",A,Annual,TOTAL,Total,VN,Viet Nam,TOTAL,Total,PER,Person,EU27_2020,European Union - 27 countries (from 2020),2013,,15156,,,,,
dataflow,ESTAT:MIGR_RESFIRST(1.0),"First permits by reason, length of validity and citizenship",A,Annual,TOTAL,Total,VN,Viet Nam,TOTAL,Total,PER,Person,EU27_2020,European Union - 27 countries (from 2020),2014,,16267,,,,,
dataflow,ESTAT:MIGR_RESFIRST(1.0),"First permits by reason, length of validity and citizenship",A,Annual,TOTAL,Total,VN,Viet Nam,TOTAL,Total,PER,Person,EU27_2020,European Union - 27 countries (from 2020),2015,,19670,,,,,
dataflow,ESTAT:MIGR_RESFIRST(1.0),"First permits by reason, length of validity and citizenship",A,Annual,TOTAL,Total,VN,Viet Nam,TOTAL,Total,PER,Person,EU27_2020,European Union - 27 countries (from 2020),2016,,23485,,,,,
dataflow,ESTAT:MIGR_RESFIRST(1.0),"First permits by reason, length of validity and citizenship",A,Annual,TOTAL,Total,VN,Viet Nam,TOTAL,Total,PER,Person,EU27_2020,European Union - 27 countries (from 2020),2017,,23461,,,,,
dataflow,ESTAT:MIGR_RESFIRST(1.0),"First permits by reason, length of validity and citizenship",A,Annual,TOTAL,Total,VN,Viet Nam,TOTAL,Total,PER,Person,EU27_2020,European Union - 27 countries (from 2020),2018,,28753,,,,,
dataflow,ESTAT:MIGR_RESFIRST(1.0),"First permits by reason, length of validity and citizenship",A,Annual,TOTAL,Total,VN,Viet Nam,TOTAL,Total,PER,Person,EU27_2020,European Union - 27 countries (from 2020),2019,,34239,,,,,
dataflow,ESTAT:MIGR_RESFIRST(1.0),"First permits by reason, length of validity and citizenship",A,Annual,TOTAL,Total,VN,Viet Nam,TOTAL,Total,PER,Person,EU27_2020,European Union - 27 countries (from 2020),2020,,23325,,,,,
dataflow,ESTAT:MIGR_RESFIRST(1.0),"First permits by reason, length of validity and citizenship",A,Annual,TOTAL,Total,VN,Viet Nam,TOTAL,Total,PER,Person,EU27_2020,European Union - 27 countries (from 2020),2021,,23252,,,,,
dataflow,ESTAT:MIGR_RESFIRST(1.0),"First permits by reason, length of validity and citizenship",A,Annual,TOTAL,Total,VN,Viet Nam,TOTAL,Total,PER,Person,EU27_2020,European Union - 27 countries (from 2020),2022,,32813,,,,,
dataflow,ESTAT:MIGR_RESFIRST(1.0),"First permits by reason, length of validity and citizenship",A,Annual,TOTAL,Total,VN,Viet Nam,TOTAL,Total,PER,Person,EU27_2020,European Union - 27 countries (from 2020),2023,,48712,,,,,
dataflow,ESTAT:MIGR_RESFIRST(1.0),"First permits by reason, length of validity and citizenship",A,Annual,TOTAL,Total,VN,Viet Nam,TOTAL,Total,PER,Person,EU28,European Union - 28 countries (2013-2020),2013,,18093,,,,,
dataflow,ESTAT:MIGR_RESFIRST(1.0),"First permits by reason, length of validity and citizenship",A,Annual,TOTAL,Total,VN,Viet Nam,TOTAL,Total,PER,Person,EU28,European Union - 28 countries (2013-2020),2014,,19071,,,,,
dataflow,ESTAT:MIGR_RESFIRST(1.0),"First permits by reason, length of validity and citizenship",A,Annual,TOTAL,Total,VN,Viet Nam,TOTAL,Total,PER,Person,EU28,European Union - 28 countries (2013-2020),2015,,22617,,,,,
dataflow,ESTAT:MIGR_RESFIRST(1.0),"First permits by reason, length of validity and citizenship",A,Annual,TOTAL,Total,VN,Viet Nam,TOTAL,Total,PER,Person,EU28,European Union - 28 countries (2013-2020),2016,,26476,,,,,
dataflow,ESTAT:MIGR_RESFIRST(1.0),"First permits by reason, length of validity and citizenship",A,Annual,TOTAL,Total,VN,Viet Nam,TOTAL,Total,PER,Person,EU28,European Union - 28 countries (2013-2020),2017,,26354,,,,,
dataflow,ESTAT:MIGR_RESFIRST(1.0),"First permits by reason, length of validity and citizenship",A,Annual,TOTAL,Total,VN,Viet Nam,TOTAL,Total,PER,Person,EU28,European Union - 28 countries (2013-2020),2018,,31502,,,,,
dataflow,ESTAT:MIGR_RESFIRST(1.0),"First permits by reason, length of validity and citizenship",A,Annual,TOTAL,Total,VU,Vanuatu,TOTAL,Total,PER,Person,EU27_2020,European Union - 27 countries (from 2020),2013,,15,,,,,
dataflow,ESTAT:MIGR_RESFIRST(1.0),"First permits by reason, length of validity and citizenship",A,Annual,TOTAL,Total,VU,Vanuatu,TOTAL,Total,PER,Person,EU27_2020,European Union - 27 countries (from 2020),2014,,12,,,,,
dataflow,ESTAT:MIGR_RESFIRST(1.0),"First permits by reason, length of validity and citizenship",A,Annual,TOTAL,Total,VU,Vanuatu,TOTAL,Total,PER,Person,EU27_2020,European Union - 27 countries (from 2020),2015,,5,,,,,
dataflow,ESTAT:MIGR_RESFIRST(1.0),"First permits by reason, length of validity and citizenship",A,Annual,TOTAL,Total,VU,Vanuatu,TOTAL,Total,PER,Person,EU27_2020,European Union - 27 countries (from 2020),2016,,17,,,,,
dataflow,ESTAT:MIGR_RESFIRST(1.0),"First permits by reason, length of validity and citizenship",A,Annual,TOTAL,Total,VU,Vanuatu,TOTAL,Total,PER,Person,EU27_2020,European Union - 27 countries (from 2020),2017,,12,,,,,
dataflow,ESTAT:MIGR_RESFIRST(1.0),"First permits by reason, length of validity and citizenship",A,Annual,TOTAL,Total,VU,Vanuatu,TOTAL,Total,PER,Person,EU27_2020,European Union - 27 countries (from 2020),2018,,21,,,,,
dataflow,ESTAT:MIGR_RESFIRST(1.0),"First permits by reason, length of validity and citizenship",A,Annual,TOTAL,Total,VU,Vanuatu,TOTAL,Total,PER,Person,EU27_2020,European Union - 27 countries (from 2020),2019,,28,,,,,
dataflow,ESTAT:MIGR_RESFIRST(1.0),"First permits by reason, length of validity and citizenship",A,Annual,TOTAL,Total,VU,Vanuatu,TOTAL,Total,PER,Person,EU27_2020,European Union - 27 countries (from 2020),2020,,26,,,,,
dataflow,ESTAT:MIGR_RESFIRST(1.0),"First permits by reason, length of validity and citizenship",A,Annual,TOTAL,Total,VU,Vanuatu,TOTAL,Total,PER,Person,EU27_2020,European Union - 27 countries (from 2020),2021,,25,,,,,
dataflow,ESTAT:MIGR_RESFIRST(1.0),"First permits by reason, length of validity and citizenship",A,Annual,TOTAL,Total,VU,Vanuatu,TOTAL,Total,PER,Person,EU27_2020,European Union - 27 countries (from 2020),2022,,50,,,,,
dataflow,ESTAT:MIGR_RESFIRST(1.0),"First permits by reason, length of validity and citizenship",A,Annual,TOTAL,Total,VU,Vanuatu,TOTAL,Total,PER,Person,EU27_2020,European Union - 27 countries (from 2020),2023,,93,,,,,
dataflow,ESTAT:MIGR_RESFIRST(1.0),"First permits by reason, length of validity and citizenship",A,Annual,TOTAL,Total,VU,Vanuatu,TOTAL,Total,PER,Person,EU28,European Union - 28 countries (2013-2020),2013,,16,,,,,
dataflow,ESTAT:MIGR_RESFIRST(1.0),"First permits by reason, length of validity and citizenship",A,Annual,TOTAL,Total,VU,Vanuatu,TOTAL,Total,PER,Person,EU28,European Union - 28 countries (2013-2020),2014,,18,,,,,
dataflow,ESTAT:MIGR_RESFIRST(1.0),"First permits by reason, length of validity and citizenship",A,Annual,TOTAL,Total,VU,Vanuatu,TOTAL,Total,PER,Person,EU28,European Union - 28 countries (2013-2020),2015,,8,,,,,
dataflow,ESTAT:MIGR_RESFIRST(1.0),"First permits by reason, length of validity and citizenship",A,Annual,TOTAL,Total,VU,Vanuatu,TOTAL,Total,PER,Person,EU28,European Union - 28 countries (2013-2020),2016,,19,,,,,
dataflow,ESTAT:MIGR_RESFIRST(1.0),"First permits by reason, length of validity and citizenship",A,Annual,TOTAL,Total,VU,Vanuatu,TOTAL,Total,PER,Person,EU28,European Union - 28 countries (2013-2020),2017,,16,,,,,
dataflow,ESTAT:MIGR_RESFIRST(1.0),"First permits by reason, length of validity and citizenship",A,Annual,TOTAL,Total,VU,Vanuatu,TOTAL,Total,PER,Person,EU28,European Union - 28 countries (2013-2020),2018,,29,,,,,
dataflow,ESTAT:MIGR_RESFIRST(1.0),"First permits by reason, length of validity and citizenship",A,Annual,TOTAL,Total,WS,Samoa,TOTAL,Total,PER,Person,EU27_2020,European Union - 27 countries (from 2020),2013,,13,,,,,
dataflow,ESTAT:MIGR_RESFIRST(1.0),"First permits by reason, length of validity and citizenship",A,Annual,TOTAL,Total,WS,Samoa,TOTAL,Total,PER,Person,EU27_2020,European Union - 27 countries (from 2020),2014,,18,,,,,
dataflow,ESTAT:MIGR_RESFIRST(1.0),"First permits by reason, length of validity and citizenship",A,Annual,TOTAL,Total,WS,Samoa,TOTAL,Total,PER,Person,EU27_2020,European Union - 27 countries (from 2020),2015,,14,,,,,
dataflow,ESTAT:MIGR_RESFIRST(1.0),"First permits by reason, length of validity and citizenship",A,Annual,TOTAL,Total,WS,Samoa,TOTAL,Total,PER,Person,EU27_2020,European Union - 27 countries (from 2020),2016,,24,,,,,
dataflow,ESTAT:MIGR_RESFIRST(1.0),"First permits by reason, length of validity and citizenship",A,Annual,TOTAL,Total,WS,Samoa,TOTAL,Total,PER,Person,EU27_2020,European Union - 27 countries (from 2020),2017,,17,,,,,
dataflow,ESTAT:MIGR_RESFIRST(1.0),"First permits by reason, length of validity and citizenship",A,Annual,TOTAL,Total,WS,Samoa,TOTAL,Total,PER,Person,EU27_2020,European Union - 27 countries (from 2020),2018,,22,,,,,
dataflow,ESTAT:MIGR_RESFIRST(1.0),"First permits by reason, length of validity and citizenship",A,Annual,TOTAL,Total,WS,Samoa,TOTAL,Total,PER,Person,EU27_2020,European Union - 27 countries (from 2020),2019,,11,,,,,
dataflow,ESTAT:MIGR_RESFIRST(1.0),"First permits by reason, length of validity and citizenship",A,Annual,TOTAL,Total,WS,Samoa,TOTAL,Total,PER,Person,EU27_2020,European Union - 27 countries (from 2020),2020,,10,,,,,
dataflow,ESTAT:MIGR_RESFIRST(1.0),"First permits by reason, length of validity and citizenship",A,Annual,TOTAL,Total,WS,Samoa,TOTAL,Total,PER,Person,EU27_2020,European Union - 27 countries (from 2020),2021,,7,,,,,
dataflow,ESTAT:MIGR_RESFIRST(1.0),"First permits by reason, length of validity and citizenship",A,Annual,TOTAL,Total,WS,Samoa,TOTAL,Total,PER,Person,EU27_2020,European Union - 27 countries (from 2020),2022,,18,,,,,
dataflow,ESTAT:MIGR_RESFIRST(1.0),"First permits by reason, length of validity and citizenship",A,Annual,TOTAL,Total,WS,Samoa,TOTAL,Total,PER,Person,EU27_2020,European Union - 27 countries (from 2020),2023,,18,,,,,
dataflow,ESTAT:MIGR_RESFIRST(1.0),"First permits by reason, length of validity and citizenship",A,Annual,TOTAL,Total,WS,Samoa,TOTAL,Total,PER,Person,EU28,European Union - 28 countries (2013-2020),2013,,129,,,,,
dataflow,ESTAT:MIGR_RESFIRST(1.0),"First permits by reason, length of validity and citizenship",A,Annual,TOTAL,Total,WS,Samoa,TOTAL,Total,PER,Person,EU28,European Union - 28 countries (2013-2020),2014,,29,,,,,
dataflow,ESTAT:MIGR_RESFIRST(1.0),"First permits by reason, length of validity and citizenship",A,Annual,TOTAL,Total,WS,Samoa,TOTAL,Total,PER,Person,EU28,European Union - 28 countries (2013-2020),2015,,30,,,,,
dataflow,ESTAT:MIGR_RESFIRST(1.0),"First permits by reason, length of validity and citizenship",A,Annual,TOTAL,Total,WS,Samoa,TOTAL,Total,PER,Person,EU28,European Union - 28 countries (2013-2020),2016,,31,,,,,
dataflow,ESTAT:MIGR_RESFIRST(1.0),"First permits by reason, length of validity and citizenship",A,Annual,TOTAL,Total,WS,Samoa,TOTAL,Total,PER,Person,EU28,European Union - 28 countries (2013-2020),2017,,19,,,,,
dataflow,ESTAT:MIGR_RESFIRST(1.0),"First permits by reason, length of validity and citizenship",A,Annual,TOTAL,Total,WS,Samoa,TOTAL,Total,PER,Person,EU28,European Union - 28 countries (2013-2020),2018,,64,,,,,
dataflow,ESTAT:MIGR_RESFIRST(1.0),"First permits by reason, length of validity and citizenship",A,Annual,TOTAL,Total,XK,Kosovo*,TOTAL,Total,PER,Person,EU27_2020,European Union - 27 countries (from 2020),2013,,17316,,,,,
dataflow,ESTAT:MIGR_RESFIRST(1.0),"First permits by reason, length of validity and citizenship",A,Annual,TOTAL,Total,XK,Kosovo*,TOTAL,Total,PER,Person,EU27_2020,European Union - 27 countries (from 2020),2014,,17714,,,,,
dataflow,ESTAT:MIGR_RESFIRST(1.0),"First permits by reason, length of validity and citizenship",A,Annual,TOTAL,Total,XK,Kosovo*,TOTAL,Total,PER,Person,EU27_2020,European Union - 27 countries (from 2020),2015,,18958,,,,,
dataflow,ESTAT:MIGR_RESFIRST(1.0),"First permits by reason, length of validity and citizenship",A,Annual,TOTAL,Total,XK,Kosovo*,TOTAL,Total,PER,Person,EU27_2020,European Union - 27 countries (from 2020),2016,,20668,,,,,
dataflow,ESTAT:MIGR_RESFIRST(1.0),"First permits by reason, length of validity and citizenship",A,Annual,TOTAL,Total,XK,Kosovo*,TOTAL,Total,PER,Person,EU27_2020,European Union - 27 countries (from 2020),2017,,25890,,,,,
dataflow,ESTAT:MIGR_RESFIRST(1.0),"First permits by reason, length of validity and citizenship",A,Annual,TOTAL,Total,XK,Kosovo*,TOTAL,Total,PER,Person,EU27_2020,European Union - 27 countries (from 2020),2018,,34542,,,,,
dataflow,ESTAT:MIGR_RESFIRST(1.0),"First permits by reason, length of validity and citizenship",A,Annual,TOTAL,Total,XK,Kosovo*,TOTAL,Total,PER,Person,EU27_2020,European Union - 27 countries (from 2020),2019,,40501,,,,,
dataflow,ESTAT:MIGR_RESFIRST(1.0),"First permits by reason, length of validity and citizenship",A,Annual,TOTAL,Total,XK,Kosovo*,TOTAL,Total,PER,Person,EU27_2020,European Union - 27 countries (from 2020),2020,,32096,,,,,
dataflow,ESTAT:MIGR_RESFIRST(1.0),"First permits by reason, length of validity and citizenship",A,Annual,TOTAL,Total,XK,Kosovo*,TOTAL,Total,PER,Person,EU27_2020,European Union - 27 countries (from 2020),2021,,43670,,,,,
dataflow,ESTAT:MIGR_RESFIRST(1.0),"First permits by reason, length of validity and citizenship",A,Annual,TOTAL,Total,XK,Kosovo*,TOTAL,Total,PER,Person,EU27_2020,European Union - 27 countries (from 2020),2022,,46964,,,,,
dataflow,ESTAT:MIGR_RESFIRST(1.0),"First permits by reason, length of validity and citizenship",A,Annual,TOTAL,Total,XK,Kosovo*,TOTAL,Total,PER,Person,EU27_2020,European Union - 27 countries (from 2020),2023,,48935,,,,,
dataflow,ESTAT:MIGR_RESFIRST(1.0),"First permits by reason, length of validity and citizenship",A,Annual,TOTAL,Total,XK,Kosovo*,TOTAL,Total,PER,Person,EU28,European Union - 28 countries (2013-2020),2013,,17526,,,,,
dataflow,ESTAT:MIGR_RESFIRST(1.0),"First permits by reason, length of validity and citizenship",A,Annual,TOTAL,Total,XK,Kosovo*,TOTAL,Total,PER,Person,EU28,European Union - 28 countries (2013-2020),2014,,18062,,,,,
dataflow,ESTAT:MIGR_RESFIRST(1.0),"First permits by reason, length of validity and citizenship",A,Annual,TOTAL,Total,XK,Kosovo*,TOTAL,Total,PER,Person,EU28,European Union - 28 countries (2013-2020),2015,,19270,,,,,
dataflow,ESTAT:MIGR_RESFIRST(1.0),"First permits by reason, length of validity and citizenship",A,Annual,TOTAL,Total,XK,Kosovo*,TOTAL,Total,PER,Person,EU28,European Union - 28 countries (2013-2020),2016,,21009,,,,,
dataflow,ESTAT:MIGR_RESFIRST(1.0),"First permits by reason, length of validity and citizenship",A,Annual,TOTAL,Total,XK,Kosovo*,TOTAL,Total,PER,Person,EU28,European Union - 28 countries (2013-2020),2017,,26177,,,,,
dataflow,ESTAT:MIGR_RESFIRST(1.0),"First permits by reason, length of validity and citizenship",A,Annual,TOTAL,Total,XK,Kosovo*,TOTAL,Total,PER,Person,EU28,European Union - 28 countries (2013-2020),2018,,34727,,,,,
dataflow,ESTAT:MIGR_RESFIRST(1.0),"First permits by reason, length of validity and citizenship",A,Annual,TOTAL,Total,YE,Yemen,TOTAL,Total,PER,Person,EU27_2020,European Union - 27 countries (from 2020),2013,,911,,,,,
dataflow,ESTAT:MIGR_RESFIRST(1.0),"First permits by reason, length of validity and citizenship",A,Annual,TOTAL,Total,YE,Yemen,TOTAL,Total,PER,Person,EU27_2020,European Union - 27 countries (from 2020),2014,,871,,,,,
dataflow,ESTAT:MIGR_RESFIRST(1.0),"First permits by reason, length of validity and citizenship",A,Annual,TOTAL,Total,YE,Yemen,TOTAL,Total,PER,Person,EU27_2020,European Union - 27 countries (from 2020),2015,,1105,,,,,
dataflow,ESTAT:MIGR_RESFIRST(1.0),"First permits by reason, length of validity and citizenship",A,Annual,TOTAL,Total,YE,Yemen,TOTAL,Total,PER,Person,EU27_2020,European Union - 27 countries (from 2020),2016,,1698,,,,,
dataflow,ESTAT:MIGR_RESFIRST(1.0),"First permits by reason, length of validity and citizenship",A,Annual,TOTAL,Total,YE,Yemen,TOTAL,Total,PER,Person,EU27_2020,European Union - 27 countries (from 2020),2017,,2687,,,,,
dataflow,ESTAT:MIGR_RESFIRST(1.0),"First permits by reason, length of validity and citizenship",A,Annual,TOTAL,Total,YE,Yemen,TOTAL,Total,PER,Person,EU27_2020,European Union - 27 countries (from 2020),2018,,3105,,,,,
dataflow,ESTAT:MIGR_RESFIRST(1.0),"First permits by reason, length of validity and citizenship",A,Annual,TOTAL,Total,YE,Yemen,TOTAL,Total,PER,Person,EU27_2020,European Union - 27 countries (from 2020),2019,,3314,,,,,
dataflow,ESTAT:MIGR_RESFIRST(1.0),"First permits by reason, length of validity and citizenship",A,Annual,TOTAL,Total,YE,Yemen,TOTAL,Total,PER,Person,EU27_2020,European Union - 27 countries (from 2020),2020,,3339,,,,,
dataflow,ESTAT:MIGR_RESFIRST(1.0),"First permits by reason, length of validity and citizenship",A,Annual,TOTAL,Total,YE,Yemen,TOTAL,Total,PER,Person,EU27_2020,European Union - 27 countries (from 2020),2021,,4156,,,,,
dataflow,ESTAT:MIGR_RESFIRST(1.0),"First permits by reason, length of validity and citizenship",A,Annual,TOTAL,Total,YE,Yemen,TOTAL,Total,PER,Person,EU27_2020,European Union - 27 countries (from 2020),2022,,5886,,,,,
dataflow,ESTAT:MIGR_RESFIRST(1.0),"First permits by reason, length of validity and citizenship",A,Annual,TOTAL,Total,YE,Yemen,TOTAL,Total,PER,Person,EU27_2020,European Union - 27 countries (from 2020),2023,,7466,,,,,
dataflow,ESTAT:MIGR_RESFIRST(1.0),"First permits by reason, length of validity and citizenship",A,Annual,TOTAL,Total,YE,Yemen,TOTAL,Total,PER,Person,EU28,European Union - 28 countries (2013-2020),2013,,1308,,,,,
dataflow,ESTAT:MIGR_RESFIRST(1.0),"First permits by reason, length of validity and citizenship",A,Annual,TOTAL,Total,YE,Yemen,TOTAL,Total,PER,Person,EU28,European Union - 28 countries (2013-2020),2014,,1251,,,,,
dataflow,ESTAT:MIGR_RESFIRST(1.0),"First permits by reason, length of validity and citizenship",A,Annual,TOTAL,Total,YE,Yemen,TOTAL,Total,PER,Person,EU28,European Union - 28 countries (2013-2020),2015,,1466,,,,,
dataflow,ESTAT:MIGR_RESFIRST(1.0),"First permits by reason, length of validity and citizenship",A,Annual,TOTAL,Total,YE,Yemen,TOTAL,Total,PER,Person,EU28,European Union - 28 countries (2013-2020),2016,,2085,,,,,
dataflow,ESTAT:MIGR_RESFIRST(1.0),"First permits by reason, length of validity and citizenship",A,Annual,TOTAL,Total,YE,Yemen,TOTAL,Total,PER,Person,EU28,European Union - 28 countries (2013-2020),2017,,3073,,,,,
dataflow,ESTAT:MIGR_RESFIRST(1.0),"First permits by reason, length of validity and citizenship",A,Annual,TOTAL,Total,YE,Yemen,TOTAL,Total,PER,Person,EU28,European Union - 28 countries (2013-2020),2018,,3628,,,,,
dataflow,ESTAT:MIGR_RESFIRST(1.0),"First permits by reason, length of validity and citizenship",A,Annual,TOTAL,Total,ZA,South Africa,TOTAL,Total,PER,Person,EU27_2020,European Union - 27 countries (from 2020),2013,,3441,,,,,
dataflow,ESTAT:MIGR_RESFIRST(1.0),"First permits by reason, length of validity and citizenship",A,Annual,TOTAL,Total,ZA,South Africa,TOTAL,Total,PER,Person,EU27_2020,European Union - 27 countries (from 2020),2014,,3264,,,,,
dataflow,ESTAT:MIGR_RESFIRST(1.0),"First permits by reason, length of validity and citizenship",A,Annual,TOTAL,Total,ZA,South Africa,TOTAL,Total,PER,Person,EU27_2020,European Union - 27 countries (from 2020),2015,,3761,,,,,
dataflow,ESTAT:MIGR_RESFIRST(1.0),"First permits by reason, length of validity and citizenship",A,Annual,TOTAL,Total,ZA,South Africa,TOTAL,Total,PER,Person,EU27_2020,European Union - 27 countries (from 2020),2016,,4632,,,,,
dataflow,ESTAT:MIGR_RESFIRST(1.0),"First permits by reason, length of validity and citizenship",A,Annual,TOTAL,Total,ZA,South Africa,TOTAL,Total,PER,Person,EU27_2020,European Union - 27 countries (from 2020),2017,,5490,,,,,
dataflow,ESTAT:MIGR_RESFIRST(1.0),"First permits by reason, length of validity and citizenship",A,Annual,TOTAL,Total,ZA,South Africa,TOTAL,Total,PER,Person,EU27_2020,European Union - 27 countries (from 2020),2018,,6623,,,,,
dataflow,ESTAT:MIGR_RESFIRST(1.0),"First permits by reason, length of validity and citizenship",A,Annual,TOTAL,Total,ZA,South Africa,TOTAL,Total,PER,Person,EU27_2020,European Union - 27 countries (from 2020),2019,,8641,,,,,
dataflow,ESTAT:MIGR_RESFIRST(1.0),"First permits by reason, length of validity and citizenship",A,Annual,TOTAL,Total,ZA,South Africa,TOTAL,Total,PER,Person,EU27_2020,European Union - 27 countries (from 2020),2020,,6364,,,,,
dataflow,ESTAT:MIGR_RESFIRST(1.0),"First permits by reason, length of validity and citizenship",A,Annual,TOTAL,Total,ZA,South Africa,TOTAL,Total,PER,Person,EU27_2020,European Union - 27 countries (from 2020),2021,,8839,,,,,
dataflow,ESTAT:MIGR_RESFIRST(1.0),"First permits by reason, length of validity and citizenship",A,Annual,TOTAL,Total,ZA,South Africa,TOTAL,Total,PER,Person,EU27_2020,European Union - 27 countries (from 2020),2022,,12557,,,,,
dataflow,ESTAT:MIGR_RESFIRST(1.0),"First permits by reason, length of validity and citizenship",A,Annual,TOTAL,Total,ZA,South Africa,TOTAL,Total,PER,Person,EU27_2020,European Union - 27 countries (from 2020),2023,,11990,,,,,
dataflow,ESTAT:MIGR_RESFIRST(1.0),"First permits by reason, length of validity and citizenship",A,Annual,TOTAL,Total,ZA,South Africa,TOTAL,Total,PER,Person,EU28,European Union - 28 countries (2013-2020),2013,,10714,,,,,
dataflow,ESTAT:MIGR_RESFIRST(1.0),"First permits by reason, length of validity and citizenship",A,Annual,TOTAL,Total,ZA,South Africa,TOTAL,Total,PER,Person,EU28,European Union - 28 countries (2013-2020),2014,,8303,,,,,
dataflow,ESTAT:MIGR_RESFIRST(1.0),"First permits by reason, length of validity and citizenship",A,Annual,TOTAL,Total,ZA,South Africa,TOTAL,Total,PER,Person,EU28,European Union - 28 countries (2013-2020),2015,,9517,,,,,
dataflow,ESTAT:MIGR_RESFIRST(1.0),"First permits by reason, length of validity and citizenship",A,Annual,TOTAL,Total,ZA,South Africa,TOTAL,Total,PER,Person,EU28,European Union - 28 countries (2013-2020),2016,,11477,,,,,
dataflow,ESTAT:MIGR_RESFIRST(1.0),"First permits by reason, length of validity and citizenship",A,Annual,TOTAL,Total,ZA,South Africa,TOTAL,Total,PER,Person,EU28,European Union - 28 countries (2013-2020),2017,,12097,,,,,
dataflow,ESTAT:MIGR_RESFIRST(1.0),"First permits by reason, length of validity and citizenship",A,Annual,TOTAL,Total,ZA,South Africa,TOTAL,Total,PER,Person,EU28,European Union - 28 countries (2013-2020),2018,,11582,,,,,
dataflow,ESTAT:MIGR_RESFIRST(1.0),"First permits by reason, length of validity and citizenship",A,Annual,TOTAL,Total,ZM,Zambia,TOTAL,Total,PER,Person,EU27_2020,European Union - 27 countries (from 2020),2013,,305,,,,,
dataflow,ESTAT:MIGR_RESFIRST(1.0),"First permits by reason, length of validity and citizenship",A,Annual,TOTAL,Total,ZM,Zambia,TOTAL,Total,PER,Person,EU27_2020,European Union - 27 countries (from 2020),2014,,276,,,,,
dataflow,ESTAT:MIGR_RESFIRST(1.0),"First permits by reason, length of validity and citizenship",A,Annual,TOTAL,Total,ZM,Zambia,TOTAL,Total,PER,Person,EU27_2020,European Union - 27 countries (from 2020),2015,,292,,,,,
dataflow,ESTAT:MIGR_RESFIRST(1.0),"First permits by reason, length of validity and citizenship",A,Annual,TOTAL,Total,ZM,Zambia,TOTAL,Total,PER,Person,EU27_2020,European Union - 27 countries (from 2020),2016,,308,,,,,
dataflow,ESTAT:MIGR_RESFIRST(1.0),"First permits by reason, length of validity and citizenship",A,Annual,TOTAL,Total,ZM,Zambia,TOTAL,Total,PER,Person,EU27_2020,European Union - 27 countries (from 2020),2017,,338,,,,,
dataflow,ESTAT:MIGR_RESFIRST(1.0),"First permits by reason, length of validity and citizenship",A,Annual,TOTAL,Total,ZM,Zambia,TOTAL,Total,PER,Person,EU27_2020,European Union - 27 countries (from 2020),2018,,354,,,,,
dataflow,ESTAT:MIGR_RESFIRST(1.0),"First permits by reason, length of validity and citizenship",A,Annual,TOTAL,Total,ZM,Zambia,TOTAL,Total,PER,Person,EU27_2020,European Union - 27 countries (from 2020),2019,,384,,,,,
dataflow,ESTAT:MIGR_RESFIRST(1.0),"First permits by reason, length of validity and citizenship",A,Annual,TOTAL,Total,ZM,Zambia,TOTAL,Total,PER,Person,EU27_2020,European Union - 27 countries (from 2020),2020,,298,,,,,
dataflow,ESTAT:MIGR_RESFIRST(1.0),"First permits by reason, length of validity and citizenship",A,Annual,TOTAL,Total,ZM,Zambia,TOTAL,Total,PER,Person,EU27_2020,European Union - 27 countries (from 2020),2021,,421,,,,,
dataflow,ESTAT:MIGR_RESFIRST(1.0),"First permits by reason, length of validity and citizenship",A,Annual,TOTAL,Total,ZM,Zambia,TOTAL,Total,PER,Person,EU27_2020,European Union - 27 countries (from 2020),2022,,520,,,,,
dataflow,ESTAT:MIGR_RESFIRST(1.0),"First permits by reason, length of validity and citizenship",A,Annual,TOTAL,Total,ZM,Zambia,TOTAL,Total,PER,Person,EU27_2020,European Union - 27 countries (from 2020),2023,,583,,,,,
dataflow,ESTAT:MIGR_RESFIRST(1.0),"First permits by reason, length of validity and citizenship",A,Annual,TOTAL,Total,ZM,Zambia,TOTAL,Total,PER,Person,EU28,European Union - 28 countries (2013-2020),2013,,757,,,,,
dataflow,ESTAT:MIGR_RESFIRST(1.0),"First permits by reason, length of validity and citizenship",A,Annual,TOTAL,Total,ZM,Zambia,TOTAL,Total,PER,Person,EU28,European Union - 28 countries (2013-2020),2014,,727,,,,,
dataflow,ESTAT:MIGR_RESFIRST(1.0),"First permits by reason, length of validity and citizenship",A,Annual,TOTAL,Total,ZM,Zambia,TOTAL,Total,PER,Person,EU28,European Union - 28 countries (2013-2020),2015,,698,,,,,
dataflow,ESTAT:MIGR_RESFIRST(1.0),"First permits by reason, length of validity and citizenship",A,Annual,TOTAL,Total,ZM,Zambia,TOTAL,Total,PER,Person,EU28,European Union - 28 countries (2013-2020),2016,,668,,,,,
dataflow,ESTAT:MIGR_RESFIRST(1.0),"First permits by reason, length of validity and citizenship",A,Annual,TOTAL,Total,ZM,Zambia,TOTAL,Total,PER,Person,EU28,European Union - 28 countries (2013-2020),2017,,845,,,,,
dataflow,ESTAT:MIGR_RESFIRST(1.0),"First permits by reason, length of validity and citizenship",A,Annual,TOTAL,Total,ZM,Zambia,TOTAL,Total,PER,Person,EU28,European Union - 28 countries (2013-2020),2018,,779,,,,,
dataflow,ESTAT:MIGR_RESFIRST(1.0),"First permits by reason, length of validity and citizenship",A,Annual,TOTAL,Total,ZW,Zimbabwe,TOTAL,Total,PER,Person,EU27_2020,European Union - 27 countries (from 2020),2013,,551,,,,,
dataflow,ESTAT:MIGR_RESFIRST(1.0),"First permits by reason, length of validity and citizenship",A,Annual,TOTAL,Total,ZW,Zimbabwe,TOTAL,Total,PER,Person,EU27_2020,European Union - 27 countries (from 2020),2014,,571,,,,,
dataflow,ESTAT:MIGR_RESFIRST(1.0),"First permits by reason, length of validity and citizenship",A,Annual,TOTAL,Total,ZW,Zimbabwe,TOTAL,Total,PER,Person,EU27_2020,European Union - 27 countries (from 2020),2015,,630,,,,,
dataflow,ESTAT:MIGR_RESFIRST(1.0),"First permits by reason, length of validity and citizenship",A,Annual,TOTAL,Total,ZW,Zimbabwe,TOTAL,Total,PER,Person,EU27_2020,European Union - 27 countries (from 2020),2016,,794,,,,,
dataflow,ESTAT:MIGR_RESFIRST(1.0),"First permits by reason, length of validity and citizenship",A,Annual,TOTAL,Total,ZW,Zimbabwe,TOTAL,Total,PER,Person,EU27_2020,European Union - 27 countries (from 2020),2017,,1166,,,,,
dataflow,ESTAT:MIGR_RESFIRST(1.0),"First permits by reason, length of validity and citizenship",A,Annual,TOTAL,Total,ZW,Zimbabwe,TOTAL,Total,PER,Person,EU27_2020,European Union - 27 countries (from 2020),2018,,1631,,,,,
dataflow,ESTAT:MIGR_RESFIRST(1.0),"First permits by reason, length of validity and citizenship",A,Annual,TOTAL,Total,ZW,Zimbabwe,TOTAL,Total,PER,Person,EU27_2020,European Union - 27 countries (from 2020),2019,,1571,,,,,
dataflow,ESTAT:MIGR_RESFIRST(1.0),"First permits by reason, length of validity and citizenship",A,Annual,TOTAL,Total,ZW,Zimbabwe,TOTAL,Total,PER,Person,EU27_2020,European Union - 27 countries (from 2020),2020,,1749,,,,,
dataflow,ESTAT:MIGR_RESFIRST(1.0),"First permits by reason, length of validity and citizenship",A,Annual,TOTAL,Total,ZW,Zimbabwe,TOTAL,Total,PER,Person,EU27_2020,European Union - 27 countries (from 2020),2021,,3330,,,,,
dataflow,ESTAT:MIGR_RESFIRST(1.0),"First permits by reason, length of validity and citizenship",A,Annual,TOTAL,Total,ZW,Zimbabwe,TOTAL,Total,PER,Person,EU27_2020,European Union - 27 countries (from 2020),2022,,4431,,,,,
dataflow,ESTAT:MIGR_RESFIRST(1.0),"First permits by reason, length of validity and citizenship",A,Annual,TOTAL,Total,ZW,Zimbabwe,TOTAL,Total,PER,Person,EU27_2020,European Union - 27 countries (from 2020),2023,,5426,,,,,
dataflow,ESTAT:MIGR_RESFIRST(1.0),"First permits by reason, length of validity and citizenship",A,Annual,TOTAL,Total,ZW,Zimbabwe,TOTAL,Total,PER,Person,EU28,European Union - 28 countries (2013-2020),2013,,1976,,,,,
dataflow,ESTAT:MIGR_RESFIRST(1.0),"First permits by reason, length of validity and citizenship",A,Annual,TOTAL,Total,ZW,Zimbabwe,TOTAL,Total,PER,Person,EU28,European Union - 28 countries (2013-2020),2014,,1894,,,,,
dataflow,ESTAT:MIGR_RESFIRST(1.0),"First permits by reason, length of validity and citizenship",A,Annual,TOTAL,Total,ZW,Zimbabwe,TOTAL,Total,PER,Person,EU28,European Union - 28 countries (2013-2020),2015,,1979,,,,,
dataflow,ESTAT:MIGR_RESFIRST(1.0),"First permits by reason, length of validity and citizenship",A,Annual,TOTAL,Total,ZW,Zimbabwe,TOTAL,Total,PER,Person,EU28,European Union - 28 countries (2013-2020),2016,,2210,,,,,
dataflow,ESTAT:MIGR_RESFIRST(1.0),"First permits by reason, length of validity and citizenship",A,Annual,TOTAL,Total,ZW,Zimbabwe,TOTAL,Total,PER,Person,EU28,European Union - 28 countries (2013-2020),2017,,2624,,,,,
dataflow,ESTAT:MIGR_RESFIRST(1.0),"First permits by reason, length of validity and citizenship",A,Annual,TOTAL,Total,ZW,Zimbabwe,TOTAL,Total,PER,Person,EU28,European Union - 28 countries (2013-2020),2018,,2889,,,,,
